Card ID,Card Name,Expansion,Collection Number,Category,Pokemon Stage,Previous Stage,HP,Energy Type,Trainer Type,Rule,Weakness,Resistance,Retreat Cost,Move 1 Name,Move 1 Energy Cost,Move 1 Damage,Move 1 Effect,Move 2 Name,Move 2 Energy Cost,Move 2 Damage,Move 2 Effect,Ability Name,Ability Effect,Explanation / Synergy Tag
PKMN-10001,Bulbasaur,Astral Radiance,190/198,Pokemon,Basic,,70,Grass,,,Fire x2,None,1,Solar Beam,1 G,10,"Flip a coin. If heads, your opponent's Active Pokemon is now Paralyzed.",,,,,Bulbasaur's Intuition,,Standard basic Grass starter for Bulbasaur evolution tree.
PKMN-10002,Ivysaur,Astral Radiance,008/198,Pokemon,Stage 1,Bulbasaur,90,Grass,,,Fire x2,None,1,Energy Ball,2 G,60,,Energy Ball,,,,,,Stage 1 pivot & engine bridge for Ivysaur lineup.
PKMN-10003,Venusaur,Astral Radiance,115/198,Pokemon,Stage 2,Ivysaur,180,Grass,,,Fire x2,None,2,Giga Drain,2 G 1 C,120,,Forest Blast,3 G,200,,Supercharged Breaker,,Stage 2 heavy attacker / archetype anchor Venusaur.
PKMN-10004,Venusaur ex,Astral Radiance,089/198,Pokemon,Stage 2,Ivysaur,320,Grass,,"Pokemon ex Rule: When your Pokemon ex is Knocked Out, your opponent takes 2 Prize cards.",Fire x2,None,1,Giga Drain,2 G,160,,,,,,,,Meta tier-1 rule-box flagship Venusaur ex.
PKMN-10005,Oddish,Evolving Skies,093/198,Pokemon,Basic,,90,Grass,,,Fire x2,None,1,Giga Drain,1 G,10,,Petal Dance,2 G,30,,,,Standard basic Grass starter for Oddish evolution tree.
PKMN-10006,Gloom,Evolving Skies,098/198,Pokemon,Stage 1,Oddish,110,Grass,,,Fire x2,None,1,Flora Heal,2 G,70,Discard an Energy from this Pokemon to deal 30 more damage.,Giga Drain,,,,Inconspicuous,,Stage 1 pivot & engine bridge for Gloom lineup.
PKMN-10007,Vileplume,Evolving Skies,163/198,Pokemon,Stage 2,Gloom,150,Grass,,,Fire x2,None,2,Spore Burst,2 G 1 C,140,This attack does 30 damage to each of your opponent's Benched Pokemon.,Spore Burst,3 G,160,,Supercharged Breaker,"Once during your turn, you may attach 1 Basic Energy from your hand to this Pokemon.",Stage 2 heavy attacker / archetype anchor Vileplume.
PKMN-10008,Tangela,Surging Sparks,017/198,Pokemon,Basic,,60,Grass,,,Fire x2,None,2,Forest Blast,1 G,30,,Giga Drain,,50,,,,Standard basic Grass starter for Tangela evolution tree.
PKMN-10009,Tangrowth,Surging Sparks,064/198,Pokemon,Stage 1,Tangela,130,Grass,,,Fire x2,None,2,Spore Burst,2 G,70,,Petal Dance,3 G,80,,,,Stage 1 pivot & engine bridge for Tangrowth lineup.
PKMN-10010,Treecko,Obsidian Flames,040/198,Pokemon,Basic,,60,Grass,,,Fire x2,None,1,Leaf Blade,1 G,30,,Solar Beam,2 G,,,,,Standard basic Grass starter for Treecko evolution tree.
PKMN-10011,Grovyle,Obsidian Flames,003/198,Pokemon,Stage 1,Treecko,90,Grass,,,Fire x2,None,1,Spore Burst,2 G,70,,Giga Drain,3 G,100,,,,Stage 1 pivot & engine bridge for Grovyle lineup.
PKMN-10012,Sceptile,Obsidian Flames,068/198,Pokemon,Stage 2,Grovyle,180,Grass,,,Fire x2,None,2,Vine Whip,2 G 1 C,120,,Spore Burst,,180,,,,Stage 2 heavy attacker / archetype anchor Sceptile.
PKMN-10013,Sceptile ex,Obsidian Flames,001/198,Pokemon,Stage 2,Grovyle,320,Grass,,"Pokemon ex Rule: When your Pokemon ex is Knocked Out, your opponent takes 2 Prize cards.",Fire x2,None,1,Seed Bomb,2 G,220,,Seed Bomb,,,,,,Meta tier-1 rule-box flagship Sceptile ex.
PKMN-10014,Rowlet,Paldea Evolved,021/198,Pokemon,Basic,,50,Grass,,,Fire x2,None,1,Energy Ball,1 G,30,,Petal Dance,,,,Rowlet's Intuition,,Standard basic Grass starter for Rowlet evolution tree.
PKMN-10015,Dartrix,Paldea Evolved,141/198,Pokemon,Stage 1,Rowlet,100,Grass,,,Fire x2,None,1,Giga Drain,2 G,80,,,,,,,,Stage 1 pivot & engine bridge for Dartrix lineup.
PKMN-10016,Decidueye,Paldea Evolved,103/198,Pokemon,Stage 2,Dartrix,160,Grass,,,Fire x2,None,2,Flora Heal,2 G 1 C,180,This attack does 30 damage to each of your opponent's Benched Pokemon.,Seed Bomb,3 G,,,,"Once during your turn, you may attach 1 Basic Energy from your hand to this Pokemon.",Stage 2 heavy attacker / archetype anchor Decidueye.
PKMN-10017,Decidueye ex,Paldea Evolved,016/198,Pokemon,Stage 2,Dartrix,230,Grass,,"Pokemon ex Rule: When your Pokemon ex is Knocked Out, your opponent takes 2 Prize cards.",Fire x2,None,1,Solar Beam,2 G,160,,,3 G,300,,,,Meta tier-1 rule-box flagship Decidueye ex.
PKMN-10018,Tarountula,Evolving Skies,148/198,Pokemon,Basic,,80,Grass,,,Fire x2,None,1,Vine Whip,1 G,10,,,2 G,40,,,,Standard basic Grass starter for Tarountula evolution tree.
PKMN-10019,Spidops,Evolving Skies,187/198,Pokemon,Stage 1,Tarountula,90,Grass,,,Fire x2,None,1,Solar Beam,2 G,50,,Solar Beam,3 G,90,,Inconspicuous,,Stage 1 pivot & engine bridge for Spidops lineup.
PKMN-10020,Spidops ex,Evolving Skies,119/198,Pokemon,Stage 1,Tarountula,230,Darkness,,"Pokemon ex Rule: When your Pokemon ex is Knocked Out, your opponent takes 2 Prize cards.",Fire x2,None,1,Flora Heal,2 G,240,,Spore Burst,,,,,,Meta tier-1 rule-box flagship Spidops ex.
PKMN-10021,Capsakid,Twilight Masquerade,125/198,Pokemon,Basic,,80,Grass,,,Fire x2,None,1,Vine Whip,1 G,10,,,2 G,40,,,,Standard basic Grass starter for Capsakid evolution tree.
PKMN-10022,Scovillain,Twilight Masquerade,117/198,Pokemon,Stage 1,Capsakid,110,Grass,,,Fire x2,None,1,Forest Blast,2 G,80,Discard an Energy from this Pokemon to deal 30 more damage.,Leaf Blade,,,,,,Stage 1 pivot & engine bridge for Scovillain lineup.
PKMN-10023,Scovillain ex,Twilight Masquerade,150/198,Pokemon,Stage 1,Capsakid,310,Metal,,"Pokemon ex Rule: When your Pokemon ex is Knocked Out, your opponent takes 2 Prize cards.",Fire x2,None,1,Spore Burst,2 G,180,,Spore Burst,3 G,300,Discard all Energy attached to this Pokemon.,,,Meta tier-1 rule-box flagship Scovillain ex.
PKMN-10024,Toedscool,Twilight Masquerade,146/198,Pokemon,Basic,,60,Grass,,,Fire x2,None,2,Forest Blast,1 G,30,,,2 G,50,,,,Standard basic Grass starter for Toedscool evolution tree.
PKMN-10025,Toedscruel,Twilight Masquerade,172/198,Pokemon,Stage 1,Toedscool,110,Grass,,,Fire x2,None,2,Energy Ball,2 G,70,,,3 G,80,,Inconspicuous,,Stage 1 pivot & engine bridge for Toedscruel lineup.
PKMN-10026,Toedscruel ex,Twilight Masquerade,145/198,Pokemon,Stage 1,Toedscool,220,Grass,,"Pokemon ex Rule: When your Pokemon ex is Knocked Out, your opponent takes 2 Prize cards.",Fire x2,None,2,Solar Beam,2 G,240,,Giga Drain,3 G,220,,,,Meta tier-1 rule-box flagship Toedscruel ex.
PKMN-10027,Teal Mask Ogerpon,Sword & Shield Base,113/198,Pokemon,Basic,,90,Grass,,,Fire x2,None,1,Giga Drain,1 G,30,,,,50,,,,Standard basic Grass starter for Teal Mask Ogerpon evolution tree.
PKMN-10028,Ogerpon ex,Sword & Shield Base,035/198,Pokemon,Basic,,280,Grass,,"Pokemon ex Rule: When your Pokemon ex is Knocked Out, your opponent takes 2 Prize cards.",Fire x2,None,1,Solar Beam,2 G,160,,,3 G,220,,,,Meta tier-1 rule-box flagship Ogerpon ex.
PKMN-10029,Rillaboom,Temporal Forces,126/198,Pokemon,Basic,,70,Grass,,,Fire x2,None,2,Giga Drain,1 G,10,"Flip a coin. If heads, your opponent's Active Pokemon is now Paralyzed.",Spore Burst,2 G,30,,,,Standard basic Grass starter for Rillaboom evolution tree.
PKMN-10030,Thwackey,Temporal Forces,190/198,Pokemon,Stage 1,Rillaboom,120,Grass,,,Fire x2,None,2,Spore Burst,2 G,80,,Vine Whip,,,,,,Stage 1 pivot & engine bridge for Thwackey lineup.
PKMN-10031,Grookey,Temporal Forces,038/198,Pokemon,Stage 2,Thwackey,170,Grass,,,Fire x2,None,3,Vine Whip,2 G 1 C,120,,,,,,,"Once during your turn, you may attach 1 Basic Energy from your hand to this Pokemon.",Stage 2 heavy attacker / archetype anchor Grookey.
PKMN-10032,Rillaboom VMAX,Temporal Forces,064/198,Pokemon,Stage 2,Thwackey,330,Grass,,VSTAR Rule: Opponent takes 2 Prizes.,Fire x2,None,2,Solar Beam,2 G,200,,,,300,,,,Meta tier-1 rule-box flagship Rillaboom VMAX.
PKMN-10033,Leafeon,Twilight Masquerade,106/198,Pokemon,Basic,,50,Grass,,,Fire x2,None,1,Vine Whip,1 G,10,,Vine Whip,,,,,,Standard basic Grass starter for Leafeon evolution tree.
PKMN-10034,Leafeon VSTAR,Twilight Masquerade,069/198,Pokemon,Basic,,230,Grass,,VSTAR Rule: Opponent takes 2 Prizes.,Fire x2,None,1,Solar Beam,2 G,220,,,,260,,,,Meta tier-1 rule-box flagship Leafeon VSTAR.
PKMN-10035,Yanma,Twilight Masquerade,169/198,Pokemon,Basic,,60,Grass,,,Lightning x2,Fighting -30,1,Energy Ball,1 G,20,,,,50,,,,Standard basic Grass starter for Yanma evolution tree.
PKMN-10036,Yanmega,Twilight Masquerade,138/198,Pokemon,Stage 1,Yanma,110,Grass,,,Lightning x2,Fighting -30,1,Leaf Blade,2 G,50,,Petal Dance,,80,,,,Stage 1 pivot & engine bridge for Yanmega lineup.
PKMN-10037,Heracross,Sword & Shield Base,156/198,Pokemon,Basic,,90,Grass,,,Fire x2,None,2,Seed Bomb,1 G,10,,Forest Blast,2 G,,,Heracross's Intuition,,Standard basic Grass starter for Heracross evolution tree.
PKMN-10038,Roselia,Evolving Skies,111/198,Pokemon,Basic,,50,Grass,,,Fire x2,None,1,Energy Ball,1 G,30,,,,40,,,,Standard basic Grass starter for Roselia evolution tree.
PKMN-10039,Roserade,Evolving Skies,084/198,Pokemon,Stage 1,Roselia,120,Grass,,,Fire x2,None,1,Giga Drain,2 G,60,Discard an Energy from this Pokemon to deal 30 more damage.,,3 G,,,Inconspicuous,,Stage 1 pivot & engine bridge for Roserade lineup.
PKMN-10040,Snivy,Fusion Strike,141/198,Pokemon,Basic,,50,Grass,,,Fire x2,None,1,Giga Drain,1 G,20,"Flip a coin. If heads, your opponent's Active Pokemon is now Paralyzed.",Forest Blast,2 G,,,,,Standard basic Grass starter for Snivy evolution tree.
PKMN-10041,Servine,Fusion Strike,055/198,Pokemon,Stage 1,Snivy,130,Grass,,,Fire x2,None,1,Flora Heal,2 G,60,,Petal Dance,3 G,,,,,Stage 1 pivot & engine bridge for Servine lineup.
PKMN-10042,Serperior,Fusion Strike,173/198,Pokemon,Stage 2,Servine,160,Grass,,,Fire x2,None,2,Energy Ball,2 G 1 C,140,This attack does 30 damage to each of your opponent's Benched Pokemon.,Flora Heal,,,,,,Stage 2 heavy attacker / archetype anchor Serperior.
PKMN-10043,Serperior VSTAR,Fusion Strike,148/198,Pokemon,Stage 2,Servine,230,Grass,,VSTAR Rule: Opponent takes 2 Prizes.,Fire x2,None,1,Forest Blast,2 G,220,,Vine Whip,,220,,,,Meta tier-1 rule-box flagship Serperior VSTAR.
PKMN-10044,Cottonee,Twilight Masquerade,119/198,Pokemon,Basic,,50,Grass,,,Fire x2,None,1,Vine Whip,1 G,30,"Flip a coin. If heads, your opponent's Active Pokemon is now Paralyzed.",,2 G,,,,,Standard basic Grass starter for Cottonee evolution tree.
PKMN-10045,Whimsicott,Twilight Masquerade,153/198,Pokemon,Stage 1,Cottonee,110,Grass,,,Fire x2,None,1,Flora Heal,2 G,80,,,,,,,,Stage 1 pivot & engine bridge for Whimsicott lineup.
PKMN-10046,Whimsicott VSTAR,Twilight Masquerade,067/198,Pokemon,Stage 1,Cottonee,230,Grass,,VSTAR Rule: Opponent takes 2 Prizes.,Fire x2,None,1,Giga Drain,2 G,240,,Energy Ball,3 G,260,Discard all Energy attached to this Pokemon.,,,Meta tier-1 rule-box flagship Whimsicott VSTAR.
PKMN-10047,Foongus,Surging Sparks,021/198,Pokemon,Basic,,60,Grass,,,Fire x2,None,2,Seed Bomb,1 G,10,"Flip a coin. If heads, your opponent's Active Pokemon is now Paralyzed.",,,40,,,,Standard basic Grass starter for Foongus evolution tree.
PKMN-10048,Amoonguss,Surging Sparks,016/198,Pokemon,Stage 1,Foongus,100,Grass,,,Fire x2,None,2,Forest Blast,2 G,80,,,,,,,,Stage 1 pivot & engine bridge for Amoonguss lineup.
PKMN-10049,Charmander,Rebel Clash,091/198,Pokemon,Basic,,70,Fire,,,Water x2,None,2,Burning Roar,1 F,20,,,2 F,,,,,Standard basic Fire starter for Charmander evolution tree.
PKMN-10050,Charmeleon,Rebel Clash,057/198,Pokemon,Stage 1,Charmander,120,Fire,,,Water x2,None,2,Heat Wave,2 F,70,,Ember,,,,,,Stage 1 pivot & engine bridge for Charmeleon lineup.
PKMN-10051,Charizard,Rebel Clash,120/198,Pokemon,Stage 2,Charmeleon,150,Fire,,,Water x2,None,3,Lava Plume,2 F 1 C,120,,,,220,,Supercharged Breaker,,Stage 2 heavy attacker / archetype anchor Charizard.
PKMN-10052,Charizard ex,Rebel Clash,098/198,Pokemon,Stage 2,Charmeleon,280,Fairy,,"Pokemon ex Rule: When your Pokemon ex is Knocked Out, your opponent takes 2 Prize cards.",Water x2,None,2,Infernal Reign,2 F,220,This attack does 30 more damage for each Prize card your opponent has taken.,Flare Strike,3 F,,,,,Meta tier-1 rule-box flagship Charizard ex.
PKMN-10053,Vulpix,Obsidian Flames,192/198,Pokemon,Basic,,90,Fire,,,Water x2,None,1,Burning Roar,1 F,10,,Flamethrower,,,,,,Standard basic Fire starter for Vulpix evolution tree.
PKMN-10054,Ninetales,Obsidian Flames,064/198,Pokemon,Stage 1,Vulpix,100,Fire,,,Water x2,None,1,Flamethrower,2 F,60,Discard an Energy from this Pokemon to deal 30 more damage.,Fire Blast,,100,,,,Stage 1 pivot & engine bridge for Ninetales lineup.
PKMN-10055,Ninetales ex,Obsidian Flames,156/198,Pokemon,Stage 1,Vulpix,320,Fire,,"Pokemon ex Rule: When your Pokemon ex is Knocked Out, your opponent takes 2 Prize cards.",Water x2,None,1,Fire Blast,2 F,180,,,3 F,260,,,,Meta tier-1 rule-box flagship Ninetales ex.
PKMN-10056,Growlithe,Rebel Clash,020/198,Pokemon,Basic,,90,Fire,,,Water x2,None,2,Flare Strike,1 F,30,,Heat Wave,,50,,,"Once during your turn, you may draw 1 card.",Standard basic Fire starter for Growlithe evolution tree.
PKMN-10057,Arcanine,Rebel Clash,145/198,Pokemon,Stage 1,Growlithe,90,Fire,,,Water x2,None,2,Ember,2 F,80,,Ember,3 F,90,,Inconspicuous,,Stage 1 pivot & engine bridge for Arcanine lineup.
PKMN-10058,Arcanine ex,Rebel Clash,163/198,Pokemon,Stage 1,Growlithe,310,Fire,,"Pokemon ex Rule: When your Pokemon ex is Knocked Out, your opponent takes 2 Prize cards.",Water x2,None,2,Flame Charge,2 F,220,,Combustion,,300,,,,Meta tier-1 rule-box flagship Arcanine ex.
PKMN-10059,Ponyta,Vivid Voltage,069/198,Pokemon,Basic,,70,Fire,,,Water x2,None,1,Flare Strike,1 F,10,,Lava Plume,,40,,,,Standard basic Fire starter for Ponyta evolution tree.
PKMN-10060,Rapidash,Vivid Voltage,087/198,Pokemon,Stage 1,Ponyta,90,Fire,,,Water x2,None,1,Burning Roar,2 F,70,Discard an Energy from this Pokemon to deal 30 more damage.,Inferno Overdrive,3 F,,,,,Stage 1 pivot & engine bridge for Rapidash lineup.
PKMN-10061,Cyndaquil,Shrouded Fable,133/198,Pokemon,Basic,,60,Fire,,,Water x2,None,1,Combustion,1 F,10,"Flip a coin. If heads, your opponent's Active Pokemon is now Paralyzed.",Flamethrower,2 F,40,,,,Standard basic Fire starter for Cyndaquil evolution tree.
PKMN-10062,Quilava,Shrouded Fable,005/198,Pokemon,Stage 1,Cyndaquil,90,Fire,,,Water x2,None,1,Inferno Overdrive,2 F,60,,Lava Plume,3 F,,,,,Stage 1 pivot & engine bridge for Quilava lineup.
PKMN-10063,Typhlosion,Shrouded Fable,191/198,Pokemon,Stage 2,Quilava,180,Fire,,,Water x2,None,2,Ember,2 F 1 C,160,,Inferno Overdrive,3 F,,,,,Stage 2 heavy attacker / archetype anchor Typhlosion.
PKMN-10064,Typhlosion ex,Shrouded Fable,177/198,Pokemon,Stage 2,Quilava,230,Fire,,"Pokemon ex Rule: When your Pokemon ex is Knocked Out, your opponent takes 2 Prize cards.",Water x2,None,1,Heat Wave,2 F,180,,,3 F,,,,,Meta tier-1 rule-box flagship Typhlosion ex.
PKMN-10065,Torchic,Brilliant Stars,050/198,Pokemon,Basic,,70,Fire,,,Water x2,None,2,Inferno Overdrive,1 F,10,,Fire Blast,,30,,,,Standard basic Fire starter for Torchic evolution tree.
PKMN-10066,Combusken,Brilliant Stars,179/198,Pokemon,Stage 1,Torchic,100,Fire,,,Water x2,None,2,Burning Roar,2 F,50,,,3 F,80,,,,Stage 1 pivot & engine bridge for Combusken lineup.
PKMN-10067,Blaziken,Brilliant Stars,065/198,Pokemon,Stage 2,Combusken,170,Fire,,,Water x2,None,3,Fire Blast,2 F 1 C,120,,Flamethrower,3 F,,,,"Once during your turn, you may attach 1 Basic Energy from your hand to this Pokemon.",Stage 2 heavy attacker / archetype anchor Blaziken.
PKMN-10068,Blaziken VMAX,Brilliant Stars,064/198,Pokemon,Stage 2,Combusken,220,Fire,,VSTAR Rule: Opponent takes 2 Prizes.,Water x2,None,2,Combustion,2 F,220,,,,300,,,,Meta tier-1 rule-box flagship Blaziken VMAX.
PKMN-10069,Chimchar,Vivid Voltage,110/198,Pokemon,Basic,,70,Fire,,,Water x2,None,1,Inferno Overdrive,1 F,30,,,,,,Chimchar's Intuition,"Once during your turn, you may draw 1 card.",Standard basic Fire starter for Chimchar evolution tree.
PKMN-10070,Monferno,Vivid Voltage,170/198,Pokemon,Stage 1,Chimchar,90,Fire,,,Water x2,None,1,Flame Charge,2 F,60,Discard an Energy from this Pokemon to deal 30 more damage.,Flamethrower,3 F,,,,,Stage 1 pivot & engine bridge for Monferno lineup.
PKMN-10071,Infernape,Vivid Voltage,009/198,Pokemon,Stage 2,Monferno,150,Fire,,,Water x2,None,2,Inferno Overdrive,2 F 1 C,160,,,,,,,,Stage 2 heavy attacker / archetype anchor Infernape.
PKMN-10072,Infernape ex,Vivid Voltage,051/198,Pokemon,Stage 2,Monferno,310,Fire,,"Pokemon ex Rule: When your Pokemon ex is Knocked Out, your opponent takes 2 Prize cards.",Water x2,None,1,Fire Blast,2 F,240,,Flame Charge,,,Discard all Energy attached to this Pokemon.,,,Meta tier-1 rule-box flagship Infernape ex.
PKMN-10073,Tepig,Paldean Fates,192/198,Pokemon,Basic,,90,Fire,,,Water x2,None,3,Inferno Overdrive,1 F,20,,Lava Plume,2 F,40,,,,Standard basic Fire starter for Tepig evolution tree.
PKMN-10074,Pignite,Paldean Fates,021/198,Pokemon,Stage 1,Tepig,130,Fire,,,Water x2,None,3,Flamethrower,2 F,80,,,3 F,100,,,,Stage 1 pivot & engine bridge for Pignite lineup.
PKMN-10075,Emboar,Paldean Fates,148/198,Pokemon,Stage 2,Pignite,180,Fire,,,Water x2,None,4,Flamethrower,2 F 1 C,160,,,3 F,,,,"Once during your turn, you may attach 1 Basic Energy from your hand to this Pokemon.",Stage 2 heavy attacker / archetype anchor Emboar.
PKMN-10076,Fletchling,Fusion Strike,024/198,Pokemon,Basic,,80,Fire,,,Lightning x2,Fighting -30,0,Flare Strike,1 F,20,,Burning Roar,2 F,40,,,,Standard basic Fire starter for Fletchling evolution tree.
PKMN-10077,Fletchinder,Fusion Strike,103/198,Pokemon,Stage 1,Fletchling,130,Fire,,,Lightning x2,Fighting -30,0,Flamethrower,2 F,80,Discard an Energy from this Pokemon to deal 30 more damage.,Fire Blast,,100,,,,Stage 1 pivot & engine bridge for Fletchinder lineup.
PKMN-10078,Talonflame,Fusion Strike,001/198,Pokemon,Stage 2,Fletchinder,180,Fire,,,Lightning x2,Fighting -30,1,Burning Roar,2 F 1 C,180,This attack does 30 damage to each of your opponent's Benched Pokemon.,,,,,,"Once during your turn, you may attach 1 Basic Energy from your hand to this Pokemon.",Stage 2 heavy attacker / archetype anchor Talonflame.
PKMN-10079,Fuecoco,Shrouded Fable,074/198,Pokemon,Basic,,80,Fire,,,Water x2,None,2,Combustion,1 F,30,,Flame Charge,,,,,,Standard basic Fire starter for Fuecoco evolution tree.
PKMN-10080,Crocalor,Shrouded Fable,004/198,Pokemon,Stage 1,Fuecoco,130,Fire,,,Water x2,None,2,Flare Strike,2 F,50,Discard an Energy from this Pokemon to deal 30 more damage.,,3 F,,,,,Stage 1 pivot & engine bridge for Crocalor lineup.
PKMN-10081,Skeledirge,Shrouded Fable,040/198,Pokemon,Stage 2,Crocalor,170,Fire,,,Water x2,None,3,Inferno Overdrive,2 F 1 C,160,,,,,,Supercharged Breaker,"Once during your turn, you may attach 1 Basic Energy from your hand to this Pokemon.",Stage 2 heavy attacker / archetype anchor Skeledirge.
PKMN-10082,Skeledirge ex,Shrouded Fable,192/198,Pokemon,Stage 2,Crocalor,230,Fire,,"Pokemon ex Rule: When your Pokemon ex is Knocked Out, your opponent takes 2 Prize cards.",Water x2,None,2,Fire Blast,2 F,200,,,,300,Discard all Energy attached to this Pokemon.,,,Meta tier-1 rule-box flagship Skeledirge ex.
PKMN-10083,Armarouge,Scarlet & Violet Base,151/198,Pokemon,Basic,,90,Fire,,,Water x2,None,2,Inferno Overdrive,1 F,30,,Inferno Overdrive,2 F,50,,,,Standard basic Fire starter for Armarouge evolution tree.
PKMN-10084,Charcadet,Scarlet & Violet Base,083/198,Pokemon,Stage 1,Armarouge,100,Fire,,,Water x2,None,2,Heat Wave,2 F,80,Discard an Energy from this Pokemon to deal 30 more damage.,,3 F,,,,,Stage 1 pivot & engine bridge for Charcadet lineup.
PKMN-10085,Armarouge ex,Scarlet & Violet Base,099/198,Pokemon,Stage 1,Armarouge,330,Fire,,"Pokemon ex Rule: When your Pokemon ex is Knocked Out, your opponent takes 2 Prize cards.",Water x2,None,2,Flame Charge,2 F,220,,,3 F,,,,,Meta tier-1 rule-box flagship Armarouge ex.
PKMN-10086,Chi-Yu,Pokemon 151,135/198,Pokemon,Basic,,80,Fire,,,Water x2,None,1,Burning Roar,1 F,10,,Fire Blast,,40,,,,Standard basic Fire starter for Chi-Yu evolution tree.
PKMN-10087,Chi-Yu ex,Pokemon 151,102/198,Pokemon,Basic,,330,Fire,,"Pokemon ex Rule: When your Pokemon ex is Knocked Out, your opponent takes 2 Prize cards.",Water x2,None,1,Fire Blast,2 F,200,,,,260,,,,Meta tier-1 rule-box flagship Chi-Yu ex.
PKMN-10088,Hearthflame Mask Ogerpon,Battle Styles,159/198,Pokemon,Basic,,50,Fire,,,Water x2,None,1,Combustion,1 F,10,,,,,,,"Once during your turn, you may draw 1 card.",Standard basic Fire starter for Hearthflame Mask Ogerpon evolution tree.
PKMN-10089,Ogerpon ex,Battle Styles,026/198,Pokemon,Basic,,310,Fire,,"Pokemon ex Rule: When your Pokemon ex is Knocked Out, your opponent takes 2 Prize cards.",Water x2,None,1,Flame Charge,2 F,280,,Flamethrower,3 F,,Discard all Energy attached to this Pokemon.,,,Meta tier-1 rule-box flagship Ogerpon ex.
PKMN-10090,Gouging Fire,Sword & Shield Base,063/198,Pokemon,Basic,,90,Fire,,,Water x2,None,2,Flare Strike,1 F,20,,,2 F,40,,,"Once during your turn, you may draw 1 card.",Standard basic Fire starter for Gouging Fire evolution tree.
PKMN-10091,Gouging Fire ex,Sword & Shield Base,037/198,Pokemon,Basic,,230,Fire,,"Pokemon ex Rule: When your Pokemon ex is Knocked Out, your opponent takes 2 Prize cards.",Water x2,None,2,Burning Roar,2 F,280,,Inferno Overdrive,,,,,,Meta tier-1 rule-box flagship Gouging Fire ex.
PKMN-10092,Volcarona,Stellar Crown,019/198,Pokemon,Basic,,80,Fire,,,Water x2,None,2,Combustion,1 F,20,,Flame Charge,,,,,,Standard basic Fire starter for Volcarona evolution tree.
PKMN-10093,Larvesta,Stellar Crown,099/198,Pokemon,Stage 1,Volcarona,120,Fire,,,Water x2,None,2,Fire Blast,2 F,60,,Inferno Overdrive,,100,,,,Stage 1 pivot & engine bridge for Larvesta lineup.
PKMN-10094,Volcarona V,Stellar Crown,003/198,Pokemon,Stage 1,Volcarona,320,Fire,,VSTAR Rule: Opponent takes 2 Prizes.,Water x2,None,2,Flamethrower,2 F,240,,,,,,,,Meta tier-1 rule-box flagship Volcarona V.
PKMN-10095,Reshiram,Twilight Masquerade,057/198,Pokemon,Basic,,60,Fire,,,Water x2,None,2,Lava Plume,1 F,30,"Flip a coin. If heads, your opponent's Active Pokemon is now Paralyzed.",,,,,Reshiram's Intuition,"Once during your turn, you may draw 1 card.",Standard basic Fire starter for Reshiram evolution tree.
PKMN-10096,Reshiram V,Twilight Masquerade,161/198,Pokemon,Basic,,330,Fire,,VSTAR Rule: Opponent takes 2 Prizes.,Water x2,None,2,Flamethrower,2 F,200,,,3 F,220,Discard all Energy attached to this Pokemon.,,,Meta tier-1 rule-box flagship Reshiram V.
PKMN-10097,Squirtle,Stellar Crown,045/198,Pokemon,Basic,,60,Water,,,Lightning x2,None,2,Ice Beam,1 W,10,,,2 W,40,,,,Standard basic Water starter for Squirtle evolution tree.
PKMN-10098,Wartortle,Stellar Crown,124/198,Pokemon,Stage 1,Squirtle,110,Water,,,Lightning x2,None,2,Ice Beam,2 W,50,,Bubble Beam,,,,,,Stage 1 pivot & engine bridge for Wartortle lineup.
PKMN-10099,Blastoise,Stellar Crown,143/198,Pokemon,Stage 2,Wartortle,160,Water,,,Lightning x2,None,3,Aqua Tail,2 W 1 C,180,This attack does 30 damage to each of your opponent's Benched Pokemon.,,,,,,,Stage 2 heavy attacker / archetype anchor Blastoise.
PKMN-10100,Blastoise ex,Stellar Crown,096/198,Pokemon,Stage 2,Wartortle,220,Water,,"Pokemon ex Rule: When your Pokemon ex is Knocked Out, your opponent takes 2 Prize cards.",Lightning x2,None,2,Bubble Beam,2 W,220,,Wave Splash,3 W,,,,,Meta tier-1 rule-box flagship Blastoise ex.
PKMN-10101,Psyduck,Astral Radiance,167/198,Pokemon,Basic,,80,Water,,,Lightning x2,None,1,Blizzard,1 W,10,"Flip a coin. If heads, your opponent's Active Pokemon is now Paralyzed.",,2 W,30,,Psyduck's Intuition,,Standard basic Water starter for Psyduck evolution tree.
PKMN-10102,Golduck,Astral Radiance,100/198,Pokemon,Stage 1,Psyduck,120,Water,,,Lightning x2,None,1,Ice Beam,2 W,80,,,,,,,,Stage 1 pivot & engine bridge for Golduck lineup.
PKMN-10103,Poliwag,Brilliant Stars,009/198,Pokemon,Basic,,70,Water,,,Lightning x2,None,2,Tidal Wave,1 W,10,,,,50,,,,Standard basic Water starter for Poliwag evolution tree.
PKMN-10104,Poliwhirl,Brilliant Stars,166/198,Pokemon,Stage 1,Poliwag,110,Water,,,Lightning x2,None,2,Hydro Pump,2 W,80,Discard an Energy from this Pokemon to deal 30 more damage.,,,,,Inconspicuous,,Stage 1 pivot & engine bridge for Poliwhirl lineup.
PKMN-10105,Poliwrath,Brilliant Stars,055/198,Pokemon,Stage 2,Poliwhirl,180,Water,,,Lightning x2,None,3,Hydro Pump,2 W 1 C,120,,Water Gun,,180,,,,Stage 2 heavy attacker / archetype anchor Poliwrath.
PKMN-10106,Politoed,Brilliant Stars,060/198,Pokemon,Stage 2,Poliwhirl,280,Water,,VSTAR Rule: Opponent takes 2 Prizes.,Lightning x2,None,2,Water Gun,2 W,240,,Water Gun,,,,,,Meta tier-1 rule-box flagship Politoed.
PKMN-10107,Magikarp,Pokemon 151,004/198,Pokemon,Basic,,70,Water,,,Lightning x2,None,3,Hydro Pump,1 W,10,,Water Gun,2 W,40,,,,Standard basic Water starter for Magikarp evolution tree.
PKMN-10108,Gyarados,Pokemon 151,122/198,Pokemon,Stage 1,Magikarp,120,Water,,,Lightning x2,None,3,Ice Beam,2 W,50,,Rain Splash,3 W,,,,,Stage 1 pivot & engine bridge for Gyarados lineup.
PKMN-10109,Gyarados ex,Pokemon 151,118/198,Pokemon,Stage 1,Magikarp,330,Water,,"Pokemon ex Rule: When your Pokemon ex is Knocked Out, your opponent takes 2 Prize cards.",Lightning x2,None,3,Hydro Pump,2 W,160,,,,220,,,,Meta tier-1 rule-box flagship Gyarados ex.
PKMN-10110,Lapras,Vivid Voltage,083/198,Pokemon,Basic,,90,Water,,,Lightning x2,None,2,Aqua Tail,1 W,10,"Flip a coin. If heads, your opponent's Active Pokemon is now Paralyzed.",Aqua Tail,,40,,,,Standard basic Water starter for Lapras evolution tree.
PKMN-10111,Lapras ex,Vivid Voltage,130/198,Pokemon,Basic,,320,Grass,,"Pokemon ex Rule: When your Pokemon ex is Knocked Out, your opponent takes 2 Prize cards.",Lightning x2,None,2,Aqua Tail,2 W,280,,Wave Splash,,260,,,,Meta tier-1 rule-box flagship Lapras ex.
PKMN-10112,Vaporeon,Darkness Ablaze,103/198,Pokemon,Basic,,80,Water,,,Lightning x2,None,2,Ice Beam,1 W,30,"Flip a coin. If heads, your opponent's Active Pokemon is now Paralyzed.",Blizzard,,30,,,,Standard basic Water starter for Vaporeon evolution tree.
PKMN-10113,Vaporeon VMAX,Darkness Ablaze,024/198,Pokemon,Basic,,220,Water,,VSTAR Rule: Opponent takes 2 Prizes.,Lightning x2,None,2,Aqua Tail,2 W,220,,Ice Beam,,,,,,Meta tier-1 rule-box flagship Vaporeon VMAX.
PKMN-10114,Totodile,Evolving Skies,172/198,Pokemon,Basic,,50,Water,,,Lightning x2,None,2,Wave Splash,1 W,20,,,,,,,,Standard basic Water starter for Totodile evolution tree.
PKMN-10115,Croconaw,Evolving Skies,154/198,Pokemon,Stage 1,Totodile,110,Water,,,Lightning x2,None,2,Ice Beam,2 W,50,,Blizzard,3 W,100,,,,Stage 1 pivot & engine bridge for Croconaw lineup.
PKMN-10116,Feraligatr,Evolving Skies,196/198,Pokemon,Stage 2,Croconaw,160,Water,,,Lightning x2,None,3,Rain Splash,2 W 1 C,140,,,,,,,,Stage 2 heavy attacker / archetype anchor Feraligatr.
PKMN-10117,Mudkip,Scarlet & Violet Base,008/198,Pokemon,Basic,,60,Water,,,Lightning x2,None,3,Rain Splash,1 W,20,,Cascade Strike,2 W,30,,,,Standard basic Water starter for Mudkip evolution tree.
PKMN-10118,Marshtomp,Scarlet & Violet Base,037/198,Pokemon,Stage 1,Mudkip,90,Water,,,Lightning x2,None,3,Aqua Tail,2 W,60,,Water Gun,3 W,,,,,Stage 1 pivot & engine bridge for Marshtomp lineup.
PKMN-10119,Swampert,Scarlet & Violet Base,146/198,Pokemon,Stage 2,Marshtomp,180,Water,,,Lightning x2,None,4,Aqua Tail,2 W 1 C,120,This attack does 30 damage to each of your opponent's Benched Pokemon.,,3 W,220,,,,Stage 2 heavy attacker / archetype anchor Swampert.
PKMN-10120,Swampert ex,Scarlet & Violet Base,070/198,Pokemon,Stage 2,Marshtomp,230,Water,,"Pokemon ex Rule: When your Pokemon ex is Knocked Out, your opponent takes 2 Prize cards.",Lightning x2,None,3,Wave Splash,2 W,160,,Aqua Tail,3 W,,,,,Meta tier-1 rule-box flagship Swampert ex.
PKMN-10121,Froakie,Lost Origin,057/198,Pokemon,Basic,,80,Water,,,Lightning x2,None,1,Cascade Strike,1 W,30,"Flip a coin. If heads, your opponent's Active Pokemon is now Paralyzed.",Hydro Pump,,,,,,Standard basic Water starter for Froakie evolution tree.
PKMN-10122,Frogadier,Lost Origin,031/198,Pokemon,Stage 1,Froakie,90,Water,,,Lightning x2,None,1,Blizzard,2 W,80,Discard an Energy from this Pokemon to deal 30 more damage.,Bubble Beam,,,,,,Stage 1 pivot & engine bridge for Frogadier lineup.
PKMN-10123,Greninja,Lost Origin,019/198,Pokemon,Stage 2,Frogadier,170,Water,,,Lightning x2,None,2,Hydro Pump,2 W 1 C,180,This attack does 30 damage to each of your opponent's Benched Pokemon.,,,,,,,Stage 2 heavy attacker / archetype anchor Greninja.
PKMN-10124,Greninja ex,Lost Origin,030/198,Pokemon,Stage 2,Frogadier,310,Water,,"Pokemon ex Rule: When your Pokemon ex is Knocked Out, your opponent takes 2 Prize cards.",Lightning x2,None,1,Hydro Pump,2 W,200,,Rain Splash,3 W,,,,,Meta tier-1 rule-box flagship Greninja ex.
PKMN-10125,Quaxly,Darkness Ablaze,112/198,Pokemon,Basic,,90,Water,,,Lightning x2,None,2,Aqua Tail,1 W,20,,Bubble Beam,2 W,40,,,"Once during your turn, you may draw 1 card.",Standard basic Water starter for Quaxly evolution tree.
PKMN-10126,Quaxwell,Darkness Ablaze,163/198,Pokemon,Stage 1,Quaxly,90,Water,,,Lightning x2,None,2,Wave Splash,2 W,60,,Water Gun,3 W,80,,Inconspicuous,,Stage 1 pivot & engine bridge for Quaxwell lineup.
PKMN-10127,Quaquaval,Darkness Ablaze,040/198,Pokemon,Stage 2,Quaxwell,140,Water,,,Lightning x2,None,3,Water Gun,2 W 1 C,180,,,,,,,,Stage 2 heavy attacker / archetype anchor Quaquaval.
PKMN-10128,Quaquaval ex,Darkness Ablaze,083/198,Pokemon,Stage 2,Quaxwell,330,Water,,"Pokemon ex Rule: When your Pokemon ex is Knocked Out, your opponent takes 2 Prize cards.",Lightning x2,None,2,Ice Beam,2 W,180,,Blizzard,3 W,260,,,,Meta tier-1 rule-box flagship Quaquaval ex.
PKMN-10129,Chien-Pao,Sword & Shield Base,080/198,Pokemon,Basic,,80,Water,,,Metal x2,None,1,Wave Splash,1 W,20,"Flip a coin. If heads, your opponent's Active Pokemon is now Paralyzed.",Aqua Tail,2 W,,,,"Once during your turn, you may draw 1 card.",Standard basic Water starter for Chien-Pao evolution tree.
PKMN-10130,Chien-Pao ex,Sword & Shield Base,099/198,Pokemon,Basic,,310,Water,,"Pokemon ex Rule: When your Pokemon ex is Knocked Out, your opponent takes 2 Prize cards.",Metal x2,None,1,Rain Splash,2 W,240,,,,300,,,,Meta tier-1 rule-box flagship Chien-Pao ex.
PKMN-10131,Baxcalibur,Surging Sparks,129/198,Pokemon,Basic,,60,Water,,,Metal x2,None,2,Rain Splash,1 W,10,,,,,,Baxcalibur's Intuition,,Standard basic Water starter for Baxcalibur evolution tree.
PKMN-10132,Arctibax,Surging Sparks,011/198,Pokemon,Stage 1,Baxcalibur,100,Water,,,Metal x2,None,2,Blizzard,2 W,80,,,3 W,,,,,Stage 1 pivot & engine bridge for Arctibax lineup.
PKMN-10133,Frigibax,Surging Sparks,087/198,Pokemon,Stage 2,Arctibax,180,Water,,,Metal x2,None,3,Hydro Pump,2 W 1 C,160,This attack does 30 damage to each of your opponent's Benched Pokemon.,Tidal Wave,3 W,,,,,Stage 2 heavy attacker / archetype anchor Frigibax.
PKMN-10134,Wellspring Mask Ogerpon,Paradox Rift,150/198,Pokemon,Basic,,60,Water,,,Lightning x2,None,1,Ice Beam,1 W,20,,,,50,,,,Standard basic Water starter for Wellspring Mask Ogerpon evolution tree.
PKMN-10135,Ogerpon ex,Paradox Rift,085/198,Pokemon,Basic,,230,Water,,"Pokemon ex Rule: When your Pokemon ex is Knocked Out, your opponent takes 2 Prize cards.",Lightning x2,None,1,Wave Splash,2 W,160,,,3 W,260,,,,Meta tier-1 rule-box flagship Ogerpon ex.
PKMN-10136,Walking Wake,Temporal Forces,050/198,Pokemon,Basic,,60,Water,,,Lightning x2,None,1,Ice Beam,1 W,10,"Flip a coin. If heads, your opponent's Active Pokemon is now Paralyzed.",Blizzard,,50,,,,Standard basic Water starter for Walking Wake evolution tree.
PKMN-10137,Walking Wake ex,Temporal Forces,087/198,Pokemon,Basic,,320,Dragon,,"Pokemon ex Rule: When your Pokemon ex is Knocked Out, your opponent takes 2 Prize cards.",Lightning x2,None,1,Rain Splash,2 W,220,,Water Gun,,,,,,Meta tier-1 rule-box flagship Walking Wake ex.
PKMN-10138,Lugia,Paldean Fates,106/198,Pokemon,Basic,,70,Colorless,,,Lightning x2,Fighting -30,2,Quick Search,1 C,30,,,,,,,"Once during your turn, you may draw 1 card.",Standard basic Colorless starter for Lugia evolution tree.
PKMN-10139,Lugia VSTAR,Paldean Fates,062/198,Pokemon,Basic,,280,Colorless,,VSTAR Rule: Opponent takes 2 Prizes.,Lightning x2,Fighting -30,2,Quick Search,2 C,180,,Swift,,260,,,,Meta tier-1 rule-box flagship Lugia VSTAR.
PKMN-10140,Kyogre,Chilling Reign,042/198,Pokemon,Basic,,60,Water,,,Lightning x2,None,3,Wave Splash,1 W,30,"Flip a coin. If heads, your opponent's Active Pokemon is now Paralyzed.",Tidal Wave,,,,,"Once during your turn, you may draw 1 card.",Standard basic Water starter for Kyogre evolution tree.
PKMN-10141,Kyogre V,Chilling Reign,133/198,Pokemon,Basic,,220,Water,,VSTAR Rule: Opponent takes 2 Prizes.,Lightning x2,None,3,Cascade Strike,2 W,160,,,3 W,,Discard all Energy attached to this Pokemon.,,,Meta tier-1 rule-box flagship Kyogre V.
PKMN-10142,Palkia,Darkness Ablaze,116/198,Pokemon,Basic,,70,Water,,,Lightning x2,None,2,Aqua Tail,1 W,10,,Bubble Beam,2 W,30,,,"Once during your turn, you may draw 1 card.",Standard basic Water starter for Palkia evolution tree.
PKMN-10143,Origin Forme Palkia VSTAR,Darkness Ablaze,026/198,Pokemon,Basic,,330,Water,,VSTAR Rule: Opponent takes 2 Prizes.,Lightning x2,None,2,Ice Beam,2 W,180,,Cascade Strike,,220,,,,Meta tier-1 rule-box flagship Origin Forme Palkia VSTAR.
PKMN-10144,Finizen,Battle Styles,002/198,Pokemon,Basic,,50,Water,,,Lightning x2,None,2,Blizzard,1 W,10,"Flip a coin. If heads, your opponent's Active Pokemon is now Paralyzed.",,2 W,,,,"Once during your turn, you may draw 1 card.",Standard basic Water starter for Finizen evolution tree.
PKMN-10145,Palafin,Battle Styles,074/198,Pokemon,Stage 1,Finizen,100,Water,,,Lightning x2,None,2,Cascade Strike,2 W,50,Discard an Energy from this Pokemon to deal 30 more damage.,Rain Splash,3 W,90,,,,Stage 1 pivot & engine bridge for Palafin lineup.
PKMN-10146,Palafin ex,Battle Styles,132/198,Pokemon,Stage 1,Finizen,320,Fairy,,"Pokemon ex Rule: When your Pokemon ex is Knocked Out, your opponent takes 2 Prize cards.",Lightning x2,None,2,Water Gun,2 W,200,,Rain Splash,3 W,,Discard all Energy attached to this Pokemon.,,,Meta tier-1 rule-box flagship Palafin ex.
PKMN-10147,Tatsugiri,Lost Origin,093/198,Pokemon,Basic,,50,Dragon,,,None,None,1,Dragon Pulse,1 D,30,,,2 D,40,,Tatsugiri's Intuition,,Standard basic Dragon starter for Tatsugiri evolution tree.
PKMN-10148,Dondozo,Sword & Shield Base,092/198,Pokemon,Basic,,50,Water,,,Lightning x2,None,4,Cascade Strike,1 W,20,"Flip a coin. If heads, your opponent's Active Pokemon is now Paralyzed.",,2 W,40,,Dondozo's Intuition,,Standard basic Water starter for Dondozo evolution tree.
PKMN-10149,Dondozo,Sword & Shield Base,087/198,Pokemon,Basic,,330,Water,,VSTAR Rule: Opponent takes 2 Prizes.,Lightning x2,None,4,Water Gun,2 W,280,,Blizzard,,,Discard all Energy attached to this Pokemon.,,,Meta tier-1 rule-box flagship Dondozo.
PKMN-10150,Pikachu,Vivid Voltage,052/198,Pokemon,Basic,,50,Lightning,,,Fighting x2,None,1,Thunderbolt,1 L,10,,Electro Ball,2 L,50,,,"Once during your turn, you may draw 1 card.",Standard basic Lightning starter for Pikachu evolution tree.
PKMN-10151,Raichu,Vivid Voltage,166/198,Pokemon,Stage 1,Pikachu,100,Lightning,,,Fighting x2,None,1,Electro Ball,2 L,70,,Plasma Fists,3 L,,,,,Stage 1 pivot & engine bridge for Raichu lineup.
PKMN-10152,Raichu ex,Vivid Voltage,113/198,Pokemon,Stage 1,Pikachu,310,Lightning,,"Pokemon ex Rule: When your Pokemon ex is Knocked Out, your opponent takes 2 Prize cards.",Fighting x2,None,1,Plasma Fists,2 L,180,,Wild Charge,3 L,,Discard all Energy attached to this Pokemon.,,,Meta tier-1 rule-box flagship Raichu ex.
PKMN-10153,Magnemite,Obsidian Flames,111/198,Pokemon,Basic,,90,Lightning,,,Fighting x2,None,2,Amp You Up,1 L,10,,Thunder,2 L,,,,,Standard basic Lightning starter for Magnemite evolution tree.
PKMN-10154,Magneton,Obsidian Flames,110/198,Pokemon,Stage 1,Magnemite,100,Lightning,,,Fighting x2,None,2,Wild Charge,2 L,70,,,,,,,,Stage 1 pivot & engine bridge for Magneton lineup.
PKMN-10155,Magnezone,Obsidian Flames,164/198,Pokemon,Stage 2,Magneton,140,Lightning,,,Fighting x2,None,3,Thunder,2 L 1 C,180,,,,,,Supercharged Breaker,,Stage 2 heavy attacker / archetype anchor Magnezone.
PKMN-10156,Magnezone ex,Obsidian Flames,009/198,Pokemon,Stage 2,Magneton,230,Lightning,,"Pokemon ex Rule: When your Pokemon ex is Knocked Out, your opponent takes 2 Prize cards.",Fighting x2,None,2,Thunder,2 L,180,,,3 L,300,Discard all Energy attached to this Pokemon.,,,Meta tier-1 rule-box flagship Magnezone ex.
PKMN-10157,Voltorb,Paradox Rift,096/198,Pokemon,Basic,,80,Lightning,,,Fighting x2,None,1,Wild Charge,1 L,10,,Plasma Fists,2 L,,,Voltorb's Intuition,"Once during your turn, you may draw 1 card.",Standard basic Lightning starter for Voltorb evolution tree.
PKMN-10158,Electrode,Paradox Rift,189/198,Pokemon,Stage 1,Voltorb,100,Lightning,,,Fighting x2,None,1,Wild Charge,2 L,80,,Electro Ball,,100,,,,Stage 1 pivot & engine bridge for Electrode lineup.
PKMN-10159,Electrode ex,Paradox Rift,126/198,Pokemon,Stage 1,Voltorb,230,Lightning,,"Pokemon ex Rule: When your Pokemon ex is Knocked Out, your opponent takes 2 Prize cards.",Fighting x2,None,1,Thunder,2 L,180,,,3 L,,,,,Meta tier-1 rule-box flagship Electrode ex.
PKMN-10160,Electabuzz,Obsidian Flames,182/198,Pokemon,Basic,,50,Lightning,,,Fighting x2,None,3,Plasma Fists,1 L,30,,,,,,,,Standard basic Lightning starter for Electabuzz evolution tree.
PKMN-10161,Electivire,Obsidian Flames,093/198,Pokemon,Stage 1,Electabuzz,130,Lightning,,,Fighting x2,None,3,Spark,2 L,50,,,3 L,90,,,,Stage 1 pivot & engine bridge for Electivire lineup.
PKMN-10162,Electivire ex,Obsidian Flames,142/198,Pokemon,Stage 1,Electabuzz,230,Lightning,,"Pokemon ex Rule: When your Pokemon ex is Knocked Out, your opponent takes 2 Prize cards.",Fighting x2,None,3,Lightning Strike,2 L,160,,Amp You Up,,,,,,Meta tier-1 rule-box flagship Electivire ex.
PKMN-10163,Jolteon,Darkness Ablaze,033/198,Pokemon,Basic,,70,Lightning,,,Fighting x2,None,1,Lightning Strike,1 L,30,"Flip a coin. If heads, your opponent's Active Pokemon is now Paralyzed.",Thunder,2 L,50,,,"Once during your turn, you may draw 1 card.",Standard basic Lightning starter for Jolteon evolution tree.
PKMN-10164,Jolteon VMAX,Darkness Ablaze,034/198,Pokemon,Basic,,310,Lightning,,VSTAR Rule: Opponent takes 2 Prizes.,Fighting x2,None,1,Discharge,2 L,160,,,,220,,,,Meta tier-1 rule-box flagship Jolteon VMAX.
PKMN-10165,Mareep,Silver Tempest,133/198,Pokemon,Basic,,70,Lightning,,,Fighting x2,None,2,Spark,1 L,10,"Flip a coin. If heads, your opponent's Active Pokemon is now Paralyzed.",,2 L,40,,,"Once during your turn, you may draw 1 card.",Standard basic Lightning starter for Mareep evolution tree.
PKMN-10166,Flaaffy,Silver Tempest,165/198,Pokemon,Stage 1,Mareep,100,Lightning,,,Fighting x2,None,2,Lightning Strike,2 L,60,Discard an Energy from this Pokemon to deal 30 more damage.,,,100,,Inconspicuous,,Stage 1 pivot & engine bridge for Flaaffy lineup.
PKMN-10167,Ampharos,Silver Tempest,008/198,Pokemon,Stage 2,Flaaffy,140,Lightning,,,Fighting x2,None,3,Thunderbolt,2 L 1 C,160,,,,,,,,Stage 2 heavy attacker / archetype anchor Ampharos.
PKMN-10168,Ampharos ex,Silver Tempest,078/198,Pokemon,Stage 2,Flaaffy,310,Fairy,,"Pokemon ex Rule: When your Pokemon ex is Knocked Out, your opponent takes 2 Prize cards.",Fighting x2,None,2,Amp You Up,2 L,200,,Thunderbolt,3 L,260,Discard all Energy attached to this Pokemon.,,,Meta tier-1 rule-box flagship Ampharos ex.
PKMN-10169,Shinx,Brilliant Stars,184/198,Pokemon,Basic,,70,Lightning,,,Fighting x2,None,1,Volt Tackle,1 L,30,,Plasma Fists,2 L,,,,"Once during your turn, you may draw 1 card.",Standard basic Lightning starter for Shinx evolution tree.
PKMN-10170,Luxio,Brilliant Stars,062/198,Pokemon,Stage 1,Shinx,120,Lightning,,,Fighting x2,None,1,Thunder,2 L,70,,Thunderbolt,3 L,100,,,,Stage 1 pivot & engine bridge for Luxio lineup.
PKMN-10171,Luxray,Brilliant Stars,041/198,Pokemon,Stage 2,Luxio,160,Lightning,,,Fighting x2,None,2,Lightning Strike,2 L 1 C,160,This attack does 30 damage to each of your opponent's Benched Pokemon.,Discharge,,,,,"Once during your turn, you may attach 1 Basic Energy from your hand to this Pokemon.",Stage 2 heavy attacker / archetype anchor Luxray.
PKMN-10172,Luxray ex,Brilliant Stars,118/198,Pokemon,Stage 2,Luxio,230,Lightning,,"Pokemon ex Rule: When your Pokemon ex is Knocked Out, your opponent takes 2 Prize cards.",Fighting x2,None,1,Spark,2 L,240,,Thunderbolt,3 L,,,,,Meta tier-1 rule-box flagship Luxray ex.
PKMN-10173,Pawmi,Lost Origin,138/198,Pokemon,Basic,,50,Lightning,,,Fighting x2,None,1,Wild Charge,1 L,10,,,,,,,,Standard basic Lightning starter for Pawmi evolution tree.
PKMN-10174,Pawmo,Lost Origin,146/198,Pokemon,Stage 1,Pawmi,130,Lightning,,,Fighting x2,None,1,Spark,2 L,70,,Discharge,3 L,,,,,Stage 1 pivot & engine bridge for Pawmo lineup.
PKMN-10175,Pawmot,Lost Origin,160/198,Pokemon,Stage 2,Pawmo,180,Lightning,,,Fighting x2,None,2,Thunder,2 L 1 C,140,,Plasma Fists,,180,,Supercharged Breaker,,Stage 2 heavy attacker / archetype anchor Pawmot.
PKMN-10176,Pawmot ex,Lost Origin,012/198,Pokemon,Stage 2,Pawmo,220,Lightning,,"Pokemon ex Rule: When your Pokemon ex is Knocked Out, your opponent takes 2 Prize cards.",Fighting x2,None,1,Volt Tackle,2 L,280,,Wild Charge,,300,Discard all Energy attached to this Pokemon.,,,Meta tier-1 rule-box flagship Pawmot ex.
PKMN-10177,Miraidon,Brilliant Stars,101/198,Pokemon,Basic,,90,Lightning,,,Fighting x2,None,1,Plasma Fists,1 L,30,,Volt Tackle,2 L,40,,,,Standard basic Lightning starter for Miraidon evolution tree.
PKMN-10178,Miraidon ex,Brilliant Stars,095/198,Pokemon,Basic,,280,Lightning,,"Pokemon ex Rule: When your Pokemon ex is Knocked Out, your opponent takes 2 Prize cards.",Fighting x2,None,1,Thunder,2 L,220,,,,,,Tandem Unit,Search deck for 2 Basic Lightning Pokemon.,Meta tier-1 rule-box flagship Miraidon ex.
PKMN-10179,Iron Hands,Scarlet & Violet Base,068/198,Pokemon,Basic,,90,Lightning,,,Fighting x2,None,4,Lightning Strike,1 L,30,"Flip a coin. If heads, your opponent's Active Pokemon is now Paralyzed.",Wild Charge,2 L,50,,,,Standard basic Lightning starter for Iron Hands evolution tree.
PKMN-10180,Iron Hands ex,Scarlet & Violet Base,175/198,Pokemon,Basic,,230,Colorless,,"Pokemon ex Rule: When your Pokemon ex is Knocked Out, your opponent takes 2 Prize cards.",Fighting x2,None,4,Lightning Strike,2 L,280,,Thunderbolt,3 L,260,,,,Meta tier-1 rule-box flagship Iron Hands ex.
PKMN-10181,Zapdos,Darkness Ablaze,121/198,Pokemon,Basic,,50,Lightning,,,Fighting x2,None,2,Discharge,1 L,30,"Flip a coin. If heads, your opponent's Active Pokemon is now Paralyzed.",Lightning Strike,2 L,,,,,Standard basic Lightning starter for Zapdos evolution tree.
PKMN-10182,Zapdos ex,Darkness Ablaze,137/198,Pokemon,Basic,,280,Metal,,"Pokemon ex Rule: When your Pokemon ex is Knocked Out, your opponent takes 2 Prize cards.",Fighting x2,None,2,Plasma Fists,2 L,280,,,,,,,,Meta tier-1 rule-box flagship Zapdos ex.
PKMN-10183,Raikou,Brilliant Stars,064/198,Pokemon,Basic,,70,Lightning,,,Fighting x2,None,1,Wild Charge,1 L,30,"Flip a coin. If heads, your opponent's Active Pokemon is now Paralyzed.",,,,,,,Standard basic Lightning starter for Raikou evolution tree.
PKMN-10184,Raikou V,Brilliant Stars,126/198,Pokemon,Basic,,280,Lightning,,VSTAR Rule: Opponent takes 2 Prizes.,Fighting x2,None,1,Wild Charge,2 L,200,,,,,Discard all Energy attached to this Pokemon.,,,Meta tier-1 rule-box flagship Raikou V.
PKMN-10185,Zeraora,Fusion Strike,102/198,Pokemon,Basic,,70,Lightning,,,Fighting x2,None,1,Discharge,1 L,10,"Flip a coin. If heads, your opponent's Active Pokemon is now Paralyzed.",Amp You Up,,40,,,,Standard basic Lightning starter for Zeraora evolution tree.
PKMN-10186,Zeraora VSTAR,Fusion Strike,055/198,Pokemon,Basic,,230,Lightning,,VSTAR Rule: Opponent takes 2 Prizes.,Fighting x2,None,1,Discharge,2 L,200,,,,300,,,,Meta tier-1 rule-box flagship Zeraora VSTAR.
PKMN-10187,Bellibolt,Twilight Masquerade,172/198,Pokemon,Basic,,90,Lightning,,,Fighting x2,None,3,Spark,1 L,10,,Thunderbolt,2 L,,,Bellibolt's Intuition,,Standard basic Lightning starter for Bellibolt evolution tree.
PKMN-10188,Tadbulb,Twilight Masquerade,002/198,Pokemon,Stage 1,Bellibolt,130,Lightning,,,Fighting x2,None,3,Volt Tackle,2 L,80,,,3 L,,,,,Stage 1 pivot & engine bridge for Tadbulb lineup.
PKMN-10189,Bellibolt ex,Twilight Masquerade,074/198,Pokemon,Stage 1,Bellibolt,330,Colorless,,"Pokemon ex Rule: When your Pokemon ex is Knocked Out, your opponent takes 2 Prize cards.",Fighting x2,None,3,Thunder,2 L,280,,,,,,,,Meta tier-1 rule-box flagship Bellibolt ex.
PKMN-10190,Abra,Paldean Fates,010/198,Pokemon,Basic,,80,Psychic,,,Darkness x2,Fighting -30,1,Dimension Door,1 P,20,"Flip a coin. If heads, your opponent's Active Pokemon is now Paralyzed.",,,30,,Abra's Intuition,,Standard basic Psychic starter for Abra evolution tree.
PKMN-10191,Kadabra,Paldean Fates,028/198,Pokemon,Stage 1,Abra,110,Psychic,,,Darkness x2,Fighting -30,1,Mind Bend,2 P,80,,,3 P,,,,,Stage 1 pivot & engine bridge for Kadabra lineup.
PKMN-10192,Alakazam,Paldean Fates,120/198,Pokemon,Stage 2,Kadabra,160,Psychic,,,Darkness x2,Fighting -30,2,Moonblast,2 P 1 C,120,,,,,,Supercharged Breaker,,Stage 2 heavy attacker / archetype anchor Alakazam.
PKMN-10193,Alakazam ex,Paldean Fates,173/198,Pokemon,Stage 2,Kadabra,230,Dragon,,"Pokemon ex Rule: When your Pokemon ex is Knocked Out, your opponent takes 2 Prize cards.",Darkness x2,Fighting -30,1,Psychic Embrace,2 P,280,,,,,Discard all Energy attached to this Pokemon.,,,Meta tier-1 rule-box flagship Alakazam ex.
PKMN-10194,Gastly,Lost Origin,036/198,Pokemon,Basic,,80,Psychic,,,Darkness x2,Fighting -30,1,Shadow Ball,1 P,20,,Psyshock,2 P,40,,,,Standard basic Psychic starter for Gastly evolution tree.
PKMN-10195,Haunter,Lost Origin,186/198,Pokemon,Stage 1,Gastly,130,Psychic,,,Darkness x2,Fighting -30,1,Psychic,2 P,70,,,3 P,90,,Inconspicuous,,Stage 1 pivot & engine bridge for Haunter lineup.
PKMN-10196,Gengar,Lost Origin,176/198,Pokemon,Stage 2,Haunter,180,Psychic,,,Darkness x2,Fighting -30,2,Mind Bend,2 P 1 C,120,,,3 P,180,,,,Stage 2 heavy attacker / archetype anchor Gengar.
PKMN-10197,Gengar ex,Lost Origin,096/198,Pokemon,Stage 2,Haunter,310,Psychic,,"Pokemon ex Rule: When your Pokemon ex is Knocked Out, your opponent takes 2 Prize cards.",Darkness x2,Fighting -30,1,Dream Eater,2 P,220,,,,,,,,Meta tier-1 rule-box flagship Gengar ex.
PKMN-10198,Mewtwo,Lost Origin,135/198,Pokemon,Basic,,80,Psychic,,,Darkness x2,Fighting -30,2,Psychic Embrace,1 P,30,,Shadow Ball,2 P,50,,,"Once during your turn, you may draw 1 card.",Standard basic Psychic starter for Mewtwo evolution tree.
PKMN-10199,Mewtwo ex,Lost Origin,043/198,Pokemon,Basic,,280,Psychic,,"Pokemon ex Rule: When your Pokemon ex is Knocked Out, your opponent takes 2 Prize cards.",Darkness x2,Fighting -30,2,Dream Eater,2 P,220,,Moonblast,,300,,,,Meta tier-1 rule-box flagship Mewtwo ex.
PKMN-10200,Mew,Paldea Evolved,132/198,Pokemon,Basic,,80,Psychic,,,Darkness x2,Fighting -30,0,Zen Headbutt,1 P,20,,Psyshock,,30,,,,Standard basic Psychic starter for Mew evolution tree.
PKMN-10201,Mew ex,Paldea Evolved,149/198,Pokemon,Basic,,220,Psychic,,"Pokemon ex Rule: When your Pokemon ex is Knocked Out, your opponent takes 2 Prize cards.",Darkness x2,Fighting -30,0,Psychic,2 P,220,,Shadow Ball,,220,,,,Meta tier-1 rule-box flagship Mew ex.
PKMN-10202,Ralts,Battle Styles,105/198,Pokemon,Basic,,60,Psychic,,,Darkness x2,Fighting -30,2,Psychic,1 P,10,,,,40,,,,Standard basic Psychic starter for Ralts evolution tree.
PKMN-10203,Kirlia,Battle Styles,097/198,Pokemon,Stage 1,Ralts,120,Psychic,,,Darkness x2,Fighting -30,2,Shadow Ball,2 P,60,,Psyshock,,80,,Refinement,"You must discard a card from your hand in order to use this Ability. Once during your turn, you may draw 2 cards.",Stage 1 pivot & engine bridge for Kirlia lineup.
PKMN-10204,Gardevoir,Battle Styles,187/198,Pokemon,Stage 2,Kirlia,150,Psychic,,,Darkness x2,Fighting -30,3,Psychic,2 P 1 C,120,,,,,,,"Once during your turn, you may attach 1 Basic Energy from your hand to this Pokemon.",Stage 2 heavy attacker / archetype anchor Gardevoir.
PKMN-10205,Gardevoir ex,Battle Styles,040/198,Pokemon,Stage 2,Kirlia,280,Psychic,,"Pokemon ex Rule: When your Pokemon ex is Knocked Out, your opponent takes 2 Prize cards.",Darkness x2,Fighting -30,2,Psychic Embrace,2 P,180,Put 2 damage counters on 1 of your Pokemon for each Energy attached.,,,300,,,,Meta tier-1 rule-box flagship Gardevoir ex.
PKMN-10206,Comfey,Scarlet & Violet Base,018/198,Pokemon,Basic,,50,Psychic,,,Metal x2,None,1,Moonblast,1 P,30,"Flip a coin. If heads, your opponent's Active Pokemon is now Paralyzed.",Moonblast,,50,,Comfey's Intuition,,Standard basic Psychic starter for Comfey evolution tree.
PKMN-10207,Comfey,Scarlet & Violet Base,139/198,Pokemon,Basic,,230,Psychic,,VSTAR Rule: Opponent takes 2 Prizes.,Metal x2,None,1,Psychic,2 P,180,,,3 P,,,,,Meta tier-1 rule-box flagship Comfey.
PKMN-10208,Cresselia,Surging Sparks,198/198,Pokemon,Basic,,70,Psychic,,,Darkness x2,Fighting -30,1,Psychic Embrace,1 P,10,,Psychic Embrace,,40,,,,Standard basic Psychic starter for Cresselia evolution tree.
PKMN-10209,Cresselia,Surging Sparks,152/198,Pokemon,Basic,,330,Psychic,,VSTAR Rule: Opponent takes 2 Prizes.,Darkness x2,Fighting -30,1,Psyshock,2 P,280,,,,260,,,,Meta tier-1 rule-box flagship Cresselia.
PKMN-10210,Espathra,Lost Origin,082/198,Pokemon,Basic,,80,Psychic,,,Darkness x2,Fighting -30,1,Dimension Door,1 P,20,"Flip a coin. If heads, your opponent's Active Pokemon is now Paralyzed.",Dream Eater,,30,,,,Standard basic Psychic starter for Espathra evolution tree.
PKMN-10211,Flittle,Lost Origin,119/198,Pokemon,Stage 1,Espathra,90,Psychic,,,Darkness x2,Fighting -30,1,Dream Eater,2 P,80,,,3 P,80,,,,Stage 1 pivot & engine bridge for Flittle lineup.
PKMN-10212,Espathra ex,Lost Origin,116/198,Pokemon,Stage 1,Espathra,280,Darkness,,"Pokemon ex Rule: When your Pokemon ex is Knocked Out, your opponent takes 2 Prize cards.",Darkness x2,Fighting -30,1,Dream Eater,2 P,280,,,3 P,300,,,,Meta tier-1 rule-box flagship Espathra ex.
PKMN-10213,Scream Tail,Obsidian Flames,186/198,Pokemon,Basic,,90,Psychic,,,Darkness x2,None,1,Moonblast,1 P,10,,,2 P,,,Scream Tail's Intuition,,Standard basic Psychic starter for Scream Tail evolution tree.
PKMN-10214,Scream Tail,Obsidian Flames,190/198,Pokemon,Basic,,220,Psychic,,VSTAR Rule: Opponent takes 2 Prizes.,Darkness x2,None,1,Zen Headbutt,2 P,180,,,,220,,,,Meta tier-1 rule-box flagship Scream Tail.
PKMN-10215,Flutter Mane,Stellar Crown,137/198,Pokemon,Basic,,70,Psychic,,,Darkness x2,None,1,Dimension Door,1 P,20,"Flip a coin. If heads, your opponent's Active Pokemon is now Paralyzed.",Zen Headbutt,2 P,50,,,,Standard basic Psychic starter for Flutter Mane evolution tree.
PKMN-10216,Flutter Mane,Stellar Crown,053/198,Pokemon,Basic,,280,Psychic,,VSTAR Rule: Opponent takes 2 Prizes.,Darkness x2,None,1,Psybeam,2 P,220,,Moonblast,,300,,,,Meta tier-1 rule-box flagship Flutter Mane.
PKMN-10217,Deoxys,Fusion Strike,040/198,Pokemon,Basic,,60,Psychic,,,Darkness x2,Fighting -30,2,Dimension Door,1 P,20,"Flip a coin. If heads, your opponent's Active Pokemon is now Paralyzed.",Mind Bend,2 P,50,,,,Standard basic Psychic starter for Deoxys evolution tree.
PKMN-10218,Deoxys VSTAR,Fusion Strike,126/198,Pokemon,Basic,,330,Psychic,,VSTAR Rule: Opponent takes 2 Prizes.,Darkness x2,Fighting -30,2,Zen Headbutt,2 P,220,,Psybeam,3 P,,,,,Meta tier-1 rule-box flagship Deoxys VSTAR.
PKMN-10219,Giratina,Evolving Skies,009/198,Pokemon,Basic,,50,Dragon,,,None,None,2,Dragon Claw,1 D,30,"Flip a coin. If heads, your opponent's Active Pokemon is now Paralyzed.",Dragon Gale,2 D,,,Giratina's Intuition,"Once during your turn, you may draw 1 card.",Standard basic Dragon starter for Giratina evolution tree.
PKMN-10220,Giratina VSTAR,Evolving Skies,056/198,Pokemon,Basic,,320,Dragon,,VSTAR Rule: Opponent takes 2 Prizes.,None,None,2,Sonic Edge,2 D,200,,Apex Dragon,,,Discard all Energy attached to this Pokemon.,Star Requiem,,Meta tier-1 rule-box flagship Giratina VSTAR.
PKMN-10221,Iron Valiant,Evolving Skies,004/198,Pokemon,Basic,,50,Psychic,,,Darkness x2,None,2,Dream Eater,1 P,30,,Dimension Door,2 P,50,,,,Standard basic Psychic starter for Iron Valiant evolution tree.
PKMN-10222,Iron Valiant ex,Evolving Skies,028/198,Pokemon,Basic,,220,Psychic,,"Pokemon ex Rule: When your Pokemon ex is Knocked Out, your opponent takes 2 Prize cards.",Darkness x2,None,2,Dream Eater,2 P,180,,Psychic Embrace,,,Discard all Energy attached to this Pokemon.,,,Meta tier-1 rule-box flagship Iron Valiant ex.
PKMN-10223,Clefairy,Rebel Clash,104/198,Pokemon,Basic,,80,Psychic,,,Metal x2,None,1,Shadow Ball,1 P,30,"Flip a coin. If heads, your opponent's Active Pokemon is now Paralyzed.",,2 P,,,Clefairy's Intuition,,Standard basic Psychic starter for Clefairy evolution tree.
PKMN-10224,Clefable,Rebel Clash,167/198,Pokemon,Stage 1,Clefairy,90,Psychic,,,Metal x2,None,1,Shadow Ball,2 P,80,,,3 P,80,,Inconspicuous,,Stage 1 pivot & engine bridge for Clefable lineup.
PKMN-10225,Clefable ex,Rebel Clash,166/198,Pokemon,Stage 1,Clefairy,280,Psychic,,"Pokemon ex Rule: When your Pokemon ex is Knocked Out, your opponent takes 2 Prize cards.",Metal x2,None,1,Psychic Embrace,2 P,160,,,,300,,,,Meta tier-1 rule-box flagship Clefable ex.
PKMN-10226,Togepi,Battle Styles,020/198,Pokemon,Basic,,70,Psychic,,,Metal x2,None,1,Mind Bend,1 P,30,,Psychic,,30,,,,Standard basic Psychic starter for Togepi evolution tree.
PKMN-10227,Togetic,Battle Styles,183/198,Pokemon,Stage 1,Togepi,120,Psychic,,,Metal x2,None,1,Shadow Ball,2 P,70,Discard an Energy from this Pokemon to deal 30 more damage.,Dimension Door,,,,,,Stage 1 pivot & engine bridge for Togetic lineup.
PKMN-10228,Togekiss,Battle Styles,190/198,Pokemon,Stage 2,Togetic,150,Psychic,,,Metal x2,None,2,Shadow Ball,2 P 1 C,160,This attack does 30 damage to each of your opponent's Benched Pokemon.,,,220,,,,Stage 2 heavy attacker / archetype anchor Togekiss.
PKMN-10229,Togekiss VMAX,Battle Styles,163/198,Pokemon,Stage 2,Togetic,280,Psychic,,VSTAR Rule: Opponent takes 2 Prizes.,Metal x2,None,1,Zen Headbutt,2 P,220,,Dream Eater,,300,,,,Meta tier-1 rule-box flagship Togekiss VMAX.
PKMN-10230,Machop,Rebel Clash,076/198,Pokemon,Basic,,60,Fighting,,,Psychic x2,None,2,Earthquake,1 F,30,"Flip a coin. If heads, your opponent's Active Pokemon is now Paralyzed.",Stone Edge,2 F,,,Machop's Intuition,,Standard basic Fighting starter for Machop evolution tree.
PKMN-10231,Machoke,Rebel Clash,093/198,Pokemon,Stage 1,Machop,90,Fighting,,,Psychic x2,None,2,Earthquake,2 F,50,,Mach Punch,3 F,90,,,,Stage 1 pivot & engine bridge for Machoke lineup.
PKMN-10232,Machamp,Rebel Clash,143/198,Pokemon,Stage 2,Machoke,180,Fighting,,,Psychic x2,None,3,Aura Sphere,2 F 1 C,120,This attack does 30 damage to each of your opponent's Benched Pokemon.,Earthquake,,,,,"Once during your turn, you may attach 1 Basic Energy from your hand to this Pokemon.",Stage 2 heavy attacker / archetype anchor Machamp.
PKMN-10233,Machamp ex,Rebel Clash,022/198,Pokemon,Stage 2,Machoke,330,Fighting,,"Pokemon ex Rule: When your Pokemon ex is Knocked Out, your opponent takes 2 Prize cards.",Psychic x2,None,2,Drain Punch,2 F,180,,,3 F,220,Discard all Energy attached to this Pokemon.,,,Meta tier-1 rule-box flagship Machamp ex.
PKMN-10234,Geodude,Shrouded Fable,017/198,Pokemon,Basic,,60,Fighting,,,Grass x2,None,3,Hammer Arm,1 F,20,"Flip a coin. If heads, your opponent's Active Pokemon is now Paralyzed.",Dynamic Punch,,30,,,,Standard basic Fighting starter for Geodude evolution tree.
PKMN-10235,Graveler,Shrouded Fable,158/198,Pokemon,Stage 1,Geodude,100,Fighting,,,Grass x2,None,3,Hammer Arm,2 F,50,Discard an Energy from this Pokemon to deal 30 more damage.,Aura Sphere,3 F,,,,,Stage 1 pivot & engine bridge for Graveler lineup.
PKMN-10236,Golem,Shrouded Fable,085/198,Pokemon,Stage 2,Graveler,170,Fighting,,,Grass x2,None,4,Focus Blast,2 F 1 C,180,,,,200,,,,Stage 2 heavy attacker / archetype anchor Golem.
PKMN-10237,Golem ex,Shrouded Fable,046/198,Pokemon,Stage 2,Graveler,310,Fighting,,"Pokemon ex Rule: When your Pokemon ex is Knocked Out, your opponent takes 2 Prize cards.",Grass x2,None,3,Focus Blast,2 F,200,,,,,,,,Meta tier-1 rule-box flagship Golem ex.
PKMN-10238,Rhyhorn,Surging Sparks,101/198,Pokemon,Basic,,70,Fighting,,,Grass x2,None,3,Aura Sphere,1 F,10,,Mach Punch,,50,,Rhyhorn's Intuition,,Standard basic Fighting starter for Rhyhorn evolution tree.
PKMN-10239,Rhydon,Surging Sparks,182/198,Pokemon,Stage 1,Rhyhorn,100,Fighting,,,Grass x2,None,3,Hammer Arm,2 F,70,,Aura Sphere,,90,,,,Stage 1 pivot & engine bridge for Rhydon lineup.
PKMN-10240,Rhyperior,Surging Sparks,169/198,Pokemon,Stage 2,Rhydon,150,Fighting,,,Grass x2,None,4,Aura Sphere,2 F 1 C,180,This attack does 30 damage to each of your opponent's Benched Pokemon.,,,,,,,Stage 2 heavy attacker / archetype anchor Rhyperior.
PKMN-10241,Lucario,Silver Tempest,010/198,Pokemon,Basic,,70,Fighting,,,Psychic x2,None,2,Aura Sphere,1 F,30,,Drain Punch,,30,,,,Standard basic Fighting starter for Lucario evolution tree.
PKMN-10242,Riolu,Silver Tempest,166/198,Pokemon,Stage 1,Lucario,130,Fighting,,,Psychic x2,None,2,Close Combat,2 F,80,,Aura Sphere,3 F,80,,,,Stage 1 pivot & engine bridge for Riolu lineup.
PKMN-10243,Lucario ex,Silver Tempest,149/198,Pokemon,Stage 1,Lucario,330,Fighting,,"Pokemon ex Rule: When your Pokemon ex is Knocked Out, your opponent takes 2 Prize cards.",Psychic x2,None,2,Stone Edge,2 F,180,,Aura Sphere,3 F,,,,,Meta tier-1 rule-box flagship Lucario ex.
PKMN-10244,Gible,Paradox Rift,124/198,Pokemon,Basic,,50,Fighting,,,Grass x2,None,0,Focus Blast,1 F,20,,,2 F,,,Gible's Intuition,,Standard basic Fighting starter for Gible evolution tree.
PKMN-10245,Gabite,Paradox Rift,117/198,Pokemon,Stage 1,Gible,100,Fighting,,,Grass x2,None,0,Drain Punch,2 F,80,,Hammer Arm,3 F,100,,Inconspicuous,,Stage 1 pivot & engine bridge for Gabite lineup.
PKMN-10246,Garchomp,Paradox Rift,088/198,Pokemon,Stage 2,Gabite,140,Fighting,,,Grass x2,None,1,Dynamic Punch,2 F 1 C,140,,,3 F,,,,,Stage 2 heavy attacker / archetype anchor Garchomp.
PKMN-10247,Garchomp ex,Paradox Rift,048/198,Pokemon,Stage 2,Gabite,330,Fighting,,"Pokemon ex Rule: When your Pokemon ex is Knocked Out, your opponent takes 2 Prize cards.",Grass x2,None,0,Aura Sphere,2 F,220,,Stone Edge,,260,,,,Meta tier-1 rule-box flagship Garchomp ex.
PKMN-10248,Ting-Lu,Silver Tempest,072/198,Pokemon,Basic,,50,Fighting,,,Grass x2,None,3,Rock Slide,1 F,30,"Flip a coin. If heads, your opponent's Active Pokemon is now Paralyzed.",,2 F,40,,Ting-Lu's Intuition,,Standard basic Fighting starter for Ting-Lu evolution tree.
PKMN-10249,Ting-Lu ex,Silver Tempest,164/198,Pokemon,Basic,,280,Fighting,,"Pokemon ex Rule: When your Pokemon ex is Knocked Out, your opponent takes 2 Prize cards.",Grass x2,None,3,Stone Edge,2 F,220,,,,260,,,,Meta tier-1 rule-box flagship Ting-Lu ex.
PKMN-10250,Koraidon,Lost Origin,152/198,Pokemon,Basic,,50,Fighting,,,Psychic x2,None,2,Mach Punch,1 F,30,"Flip a coin. If heads, your opponent's Active Pokemon is now Paralyzed.",Stone Edge,2 F,50,,Koraidon's Intuition,,Standard basic Fighting starter for Koraidon evolution tree.
PKMN-10251,Koraidon ex,Lost Origin,148/198,Pokemon,Basic,,310,Fighting,,"Pokemon ex Rule: When your Pokemon ex is Knocked Out, your opponent takes 2 Prize cards.",Psychic x2,None,2,Aura Sphere,2 F,180,,Drain Punch,,,,,,Meta tier-1 rule-box flagship Koraidon ex.
PKMN-10252,Iron Boulder,Evolving Skies,074/198,Pokemon,Basic,,60,Fighting,,,Psychic x2,None,3,Dynamic Punch,1 F,10,,Hammer Arm,2 F,30,,,"Once during your turn, you may draw 1 card.",Standard basic Fighting starter for Iron Boulder evolution tree.
PKMN-10253,Iron Boulder ex,Evolving Skies,144/198,Pokemon,Basic,,320,Fighting,,"Pokemon ex Rule: When your Pokemon ex is Knocked Out, your opponent takes 2 Prize cards.",Psychic x2,None,3,Hammer Arm,2 F,220,,,3 F,,,,,Meta tier-1 rule-box flagship Iron Boulder ex.
PKMN-10254,Cornerstone Mask Ogerpon,Obsidian Flames,195/198,Pokemon,Basic,,60,Fighting,,,Grass x2,None,1,Stone Edge,1 F,20,"Flip a coin. If heads, your opponent's Active Pokemon is now Paralyzed.",Close Combat,2 F,,,,,Standard basic Fighting starter for Cornerstone Mask Ogerpon evolution tree.
PKMN-10255,Ogerpon ex,Obsidian Flames,131/198,Pokemon,Basic,,220,Fighting,,"Pokemon ex Rule: When your Pokemon ex is Knocked Out, your opponent takes 2 Prize cards.",Grass x2,None,1,Stone Edge,2 F,160,,Drain Punch,,220,,,,Meta tier-1 rule-box flagship Ogerpon ex.
PKMN-10256,Urshifu,Vivid Voltage,109/198,Pokemon,Basic,,50,Fighting,,,Psychic x2,None,2,Drain Punch,1 F,30,,,2 F,,,,,Standard basic Fighting starter for Urshifu evolution tree.
PKMN-10257,Rapid Strike Urshifu VMAX,Vivid Voltage,023/198,Pokemon,Basic,,310,Fighting,,VSTAR Rule: Opponent takes 2 Prizes.,Psychic x2,None,2,Earthquake,2 F,180,,Stone Edge,,,,,,Meta tier-1 rule-box flagship Rapid Strike Urshifu VMAX.
PKMN-10258,Landorus,Darkness Ablaze,036/198,Pokemon,Basic,,60,Fighting,,,Grass x2,None,1,Dynamic Punch,1 F,10,,Stone Edge,2 F,30,,,,Standard basic Fighting starter for Landorus evolution tree.
PKMN-10259,Landorus,Darkness Ablaze,075/198,Pokemon,Basic,,320,Fighting,,VSTAR Rule: Opponent takes 2 Prizes.,Grass x2,None,1,Mach Punch,2 F,240,,,,260,,,,Meta tier-1 rule-box flagship Landorus.
PKMN-10260,Hawlucha,Shrouded Fable,064/198,Pokemon,Basic,,60,Fighting,,,Psychic x2,None,1,Dynamic Punch,1 F,30,,Dynamic Punch,,30,,,,Standard basic Fighting starter for Hawlucha evolution tree.
PKMN-10261,Gligar,Darkness Ablaze,020/198,Pokemon,Basic,,50,Fighting,,,Grass x2,None,1,Aura Sphere,1 F,20,,Hammer Arm,,40,,,"Once during your turn, you may draw 1 card.",Standard basic Fighting starter for Gligar evolution tree.
PKMN-10262,Gliscor,Darkness Ablaze,188/198,Pokemon,Stage 1,Gligar,90,Fighting,,,Grass x2,None,1,Hammer Arm,2 F,70,,,3 F,,,,,Stage 1 pivot & engine bridge for Gliscor lineup.
PKMN-10263,Sableye,Battle Styles,073/198,Pokemon,Basic,,70,Darkness,,,Grass x2,None,1,Sucker Punch,1 D,30,,Bite,2 D,50,,,"Once during your turn, you may draw 1 card.",Standard basic Darkness starter for Sableye evolution tree.
PKMN-10264,Sableye,Battle Styles,161/198,Pokemon,Basic,,310,Darkness,,VSTAR Rule: Opponent takes 2 Prizes.,Grass x2,None,1,Dark Pulse,2 D,160,,,3 D,260,Discard all Energy attached to this Pokemon.,,,Meta tier-1 rule-box flagship Sableye.
PKMN-10265,Sneasel,Silver Tempest,041/198,Pokemon,Basic,,70,Darkness,,,Grass x2,None,1,Crunch,1 D,10,,Sucker Punch,2 D,,,Sneasel's Intuition,,Standard basic Darkness starter for Sneasel evolution tree.
PKMN-10266,Weavile,Silver Tempest,079/198,Pokemon,Stage 1,Sneasel,100,Darkness,,,Grass x2,None,1,Frenzy Gouging,2 D,50,,Shadow Claw,3 D,,,,,Stage 1 pivot & engine bridge for Weavile lineup.
PKMN-10267,Weavile ex,Silver Tempest,003/198,Pokemon,Stage 1,Sneasel,330,Darkness,,"Pokemon ex Rule: When your Pokemon ex is Knocked Out, your opponent takes 2 Prize cards.",Grass x2,None,1,Bite,2 D,160,,,3 D,220,Discard all Energy attached to this Pokemon.,,,Meta tier-1 rule-box flagship Weavile ex.
PKMN-10268,Houndour,Obsidian Flames,081/198,Pokemon,Basic,,70,Darkness,,,Grass x2,None,2,Night Slash,1 D,20,"Flip a coin. If heads, your opponent's Active Pokemon is now Paralyzed.",,,50,,Houndour's Intuition,,Standard basic Darkness starter for Houndour evolution tree.
PKMN-10269,Houndoom,Obsidian Flames,003/198,Pokemon,Stage 1,Houndour,130,Darkness,,,Grass x2,None,2,Crunch,2 D,80,,Crunch,,,,,,Stage 1 pivot & engine bridge for Houndoom lineup.
PKMN-10270,Houndoom ex,Obsidian Flames,026/198,Pokemon,Stage 1,Houndour,230,Darkness,,"Pokemon ex Rule: When your Pokemon ex is Knocked Out, your opponent takes 2 Prize cards.",Grass x2,None,2,Torment,2 D,280,,Frenzy Gouging,3 D,260,,,,Meta tier-1 rule-box flagship Houndoom ex.
PKMN-10271,Darkrai,Twilight Masquerade,154/198,Pokemon,Basic,,90,Darkness,,,Grass x2,None,2,Darkness Fang,1 D,20,,,,,,,,Standard basic Darkness starter for Darkrai evolution tree.
PKMN-10272,Darkrai VSTAR,Twilight Masquerade,131/198,Pokemon,Basic,,230,Darkness,,VSTAR Rule: Opponent takes 2 Prizes.,Grass x2,None,2,Frenzy Gouging,2 D,200,,,,,Discard all Energy attached to this Pokemon.,,,Meta tier-1 rule-box flagship Darkrai VSTAR.
PKMN-10273,Zorua,Rebel Clash,128/198,Pokemon,Basic,,90,Darkness,,,Grass x2,None,2,Night Slash,1 D,10,,,,,,Zorua's Intuition,,Standard basic Darkness starter for Zorua evolution tree.
PKMN-10274,Zoroark,Rebel Clash,146/198,Pokemon,Stage 1,Zorua,120,Darkness,,,Grass x2,None,2,Bite,2 D,60,,,,80,,Inconspicuous,,Stage 1 pivot & engine bridge for Zoroark lineup.
PKMN-10275,Zoroark VSTAR,Rebel Clash,056/198,Pokemon,Stage 1,Zorua,220,Darkness,,VSTAR Rule: Opponent takes 2 Prizes.,Grass x2,None,2,Dark Pulse,2 D,220,,,,,,,,Meta tier-1 rule-box flagship Zoroark VSTAR.
PKMN-10276,Inkay,Silver Tempest,164/198,Pokemon,Basic,,90,Darkness,,,Grass x2,None,1,Frenzy Gouging,1 D,30,,Night Slash,2 D,30,,,"Once during your turn, you may draw 1 card.",Standard basic Darkness starter for Inkay evolution tree.
PKMN-10277,Malamar,Silver Tempest,084/198,Pokemon,Stage 1,Inkay,120,Darkness,,,Grass x2,None,1,Torment,2 D,50,,Foul Play,3 D,90,,Inconspicuous,,Stage 1 pivot & engine bridge for Malamar lineup.
PKMN-10278,Malamar,Silver Tempest,157/198,Pokemon,Stage 1,Inkay,320,Darkness,,VSTAR Rule: Opponent takes 2 Prizes.,Grass x2,None,1,Dark Pulse,2 D,200,,,,220,,,,Meta tier-1 rule-box flagship Malamar.
PKMN-10279,Roaring Moon,Silver Tempest,128/198,Pokemon,Basic,,70,Darkness,,,Grass x2,None,2,Dark Pulse,1 D,30,,,2 D,50,,,,Standard basic Darkness starter for Roaring Moon evolution tree.
PKMN-10280,Roaring Moon ex,Silver Tempest,198/198,Pokemon,Basic,,220,Darkness,,"Pokemon ex Rule: When your Pokemon ex is Knocked Out, your opponent takes 2 Prize cards.",Grass x2,None,2,Bite,2 D,220,,Night Slash,3 D,,,,,Meta tier-1 rule-box flagship Roaring Moon ex.
PKMN-10281,Okidogi,Battle Styles,093/198,Pokemon,Basic,,50,Darkness,,,Fighting x2,None,3,Shadow Claw,1 D,20,,Darkness Fang,2 D,,,,,Standard basic Darkness starter for Okidogi evolution tree.
PKMN-10282,Okidogi ex,Battle Styles,190/198,Pokemon,Basic,,320,Colorless,,"Pokemon ex Rule: When your Pokemon ex is Knocked Out, your opponent takes 2 Prize cards.",Fighting x2,None,3,Dark Pulse,2 D,160,,Shadow Claw,3 D,,Discard all Energy attached to this Pokemon.,,,Meta tier-1 rule-box flagship Okidogi ex.
PKMN-10283,Fezandipiti,Paldea Evolved,058/198,Pokemon,Basic,,70,Darkness,,,Fighting x2,None,1,Darkness Fang,1 D,10,,,2 D,40,,Fezandipiti's Intuition,,Standard basic Darkness starter for Fezandipiti evolution tree.
PKMN-10284,Fezandipiti ex,Paldea Evolved,058/198,Pokemon,Basic,,320,Colorless,,"Pokemon ex Rule: When your Pokemon ex is Knocked Out, your opponent takes 2 Prize cards.",Fighting x2,None,1,Frenzy Gouging,2 D,160,,,,,,,,Meta tier-1 rule-box flagship Fezandipiti ex.
PKMN-10285,Munkidori,Obsidian Flames,003/198,Pokemon,Basic,,70,Darkness,,,Fighting x2,None,1,Darkness Fang,1 D,10,"Flip a coin. If heads, your opponent's Active Pokemon is now Paralyzed.",,,40,,,,Standard basic Darkness starter for Munkidori evolution tree.
PKMN-10286,Munkidori,Obsidian Flames,198/198,Pokemon,Basic,,230,Darkness,,VSTAR Rule: Opponent takes 2 Prizes.,Fighting x2,None,1,Darkness Fang,2 D,180,,Frenzy Gouging,3 D,,,,,Meta tier-1 rule-box flagship Munkidori.
PKMN-10287,Pecharunt,Silver Tempest,001/198,Pokemon,Basic,,80,Darkness,,,Fighting x2,None,1,Dark Pulse,1 D,30,,Bite,2 D,40,,,,Standard basic Darkness starter for Pecharunt evolution tree.
PKMN-10288,Pecharunt ex,Silver Tempest,072/198,Pokemon,Basic,,220,Colorless,,"Pokemon ex Rule: When your Pokemon ex is Knocked Out, your opponent takes 2 Prize cards.",Fighting x2,None,1,Foul Play,2 D,240,,Bite,3 D,,,,,Meta tier-1 rule-box flagship Pecharunt ex.
PKMN-10289,Umbreon,Chilling Reign,020/198,Pokemon,Basic,,90,Darkness,,,Grass x2,None,2,Crunch,1 D,30,"Flip a coin. If heads, your opponent's Active Pokemon is now Paralyzed.",,2 D,40,,,,Standard basic Darkness starter for Umbreon evolution tree.
PKMN-10290,Umbreon VMAX,Chilling Reign,189/198,Pokemon,Basic,,280,Darkness,,VSTAR Rule: Opponent takes 2 Prizes.,Grass x2,None,2,Bite,2 D,220,,Night Slash,,300,Discard all Energy attached to this Pokemon.,,,Meta tier-1 rule-box flagship Umbreon VMAX.
PKMN-10291,Tyranitar,Pokemon 151,120/198,Pokemon,Basic,,70,Darkness,,,Grass x2,None,3,Crunch,1 D,20,"Flip a coin. If heads, your opponent's Active Pokemon is now Paralyzed.",Shadow Claw,,40,,,"Once during your turn, you may draw 1 card.",Standard basic Darkness starter for Tyranitar evolution tree.
PKMN-10292,Pupitar,Pokemon 151,041/198,Pokemon,Stage 1,Tyranitar,110,Darkness,,,Grass x2,None,3,Torment,2 D,50,Discard an Energy from this Pokemon to deal 30 more damage.,,3 D,,,,,Stage 1 pivot & engine bridge for Pupitar lineup.
PKMN-10293,Larvitar,Pokemon 151,102/198,Pokemon,Stage 2,Pupitar,180,Darkness,,,Grass x2,None,4,Dark Pulse,2 D 1 C,160,,,3 D,,,,,Stage 2 heavy attacker / archetype anchor Larvitar.
PKMN-10294,Tyranitar ex,Pokemon 151,119/198,Pokemon,Stage 2,Pupitar,220,Dragon,,"Pokemon ex Rule: When your Pokemon ex is Knocked Out, your opponent takes 2 Prize cards.",Grass x2,None,3,Night Slash,2 D,160,,Foul Play,3 D,,,,,Meta tier-1 rule-box flagship Tyranitar ex.
PKMN-10295,Hydreigon,Astral Radiance,151/198,Pokemon,Basic,,70,Darkness,,,Grass x2,None,3,Night Slash,1 D,10,"Flip a coin. If heads, your opponent's Active Pokemon is now Paralyzed.",Torment,,30,,Hydreigon's Intuition,,Standard basic Darkness starter for Hydreigon evolution tree.
PKMN-10296,Zweilous,Astral Radiance,085/198,Pokemon,Stage 1,Hydreigon,90,Darkness,,,Grass x2,None,3,Dark Pulse,2 D,80,Discard an Energy from this Pokemon to deal 30 more damage.,,3 D,,,,,Stage 1 pivot & engine bridge for Zweilous lineup.
PKMN-10297,Deino,Astral Radiance,098/198,Pokemon,Stage 2,Zweilous,170,Darkness,,,Grass x2,None,4,Crunch,2 D 1 C,160,This attack does 30 damage to each of your opponent's Benched Pokemon.,Sucker Punch,,180,,,,Stage 2 heavy attacker / archetype anchor Deino.
PKMN-10298,Hydreigon ex,Astral Radiance,123/198,Pokemon,Stage 2,Zweilous,220,Darkness,,"Pokemon ex Rule: When your Pokemon ex is Knocked Out, your opponent takes 2 Prize cards.",Grass x2,None,3,Night Slash,2 D,200,,Frenzy Gouging,3 D,,,,,Meta tier-1 rule-box flagship Hydreigon ex.
PKMN-10299,Beldum,Astral Radiance,098/198,Pokemon,Basic,,70,Metal,,,Fire x2,Grass -30,2,Armored Press,1 M,20,,Flash Cannon,,40,,,"Once during your turn, you may draw 1 card.",Standard basic Metal starter for Beldum evolution tree.
PKMN-10300,Metang,Astral Radiance,153/198,Pokemon,Stage 1,Beldum,100,Metal,,,Fire x2,Grass -30,2,Flash Cannon,2 M,70,Discard an Energy from this Pokemon to deal 30 more damage.,,,,,,,Stage 1 pivot & engine bridge for Metang lineup.
PKMN-10301,Metagross,Astral Radiance,041/198,Pokemon,Stage 2,Metang,140,Metal,,,Fire x2,Grass -30,3,Steel Wing,2 M 1 C,140,,,,180,,,,Stage 2 heavy attacker / archetype anchor Metagross.
PKMN-10302,Metagross ex,Astral Radiance,045/198,Pokemon,Stage 2,Metang,230,Metal,,"Pokemon ex Rule: When your Pokemon ex is Knocked Out, your opponent takes 2 Prize cards.",Fire x2,Grass -30,2,Steel Wing,2 M,240,,Meteor Mash,,300,,,,Meta tier-1 rule-box flagship Metagross ex.
PKMN-10303,Dialga,Fusion Strike,145/198,Pokemon,Basic,,60,Metal,,,Fire x2,Grass -30,2,Bullet Punch,1 M,20,,Metal Claw,2 M,50,,Dialga's Intuition,,Standard basic Metal starter for Dialga evolution tree.
PKMN-10304,Origin Forme Dialga VSTAR,Fusion Strike,001/198,Pokemon,Basic,,280,Metal,,VSTAR Rule: Opponent takes 2 Prizes.,Fire x2,Grass -30,2,Bullet Punch,2 M,180,,,3 M,260,Discard all Energy attached to this Pokemon.,,,Meta tier-1 rule-box flagship Origin Forme Dialga VSTAR.
PKMN-10305,Gholdengo,Paradox Rift,029/198,Pokemon,Basic,,90,Metal,,,Fire x2,Grass -30,1,Bullet Punch,1 M,20,,Metal Claw,,30,,,,Standard basic Metal starter for Gholdengo evolution tree.
PKMN-10306,Gimmighoul,Paradox Rift,041/198,Pokemon,Stage 1,Gholdengo,120,Metal,,,Fire x2,Grass -30,1,Make It Rain,2 M,70,Discard an Energy from this Pokemon to deal 30 more damage.,,,,,,,Stage 1 pivot & engine bridge for Gimmighoul lineup.
PKMN-10307,Gholdengo ex,Paradox Rift,151/198,Pokemon,Stage 1,Gholdengo,230,Grass,,"Pokemon ex Rule: When your Pokemon ex is Knocked Out, your opponent takes 2 Prize cards.",Fire x2,Grass -30,1,Heavy Slam,2 M,280,,,3 M,,,,,Meta tier-1 rule-box flagship Gholdengo ex.
PKMN-10308,Iron Crown,Fusion Strike,009/198,Pokemon,Basic,,60,Metal,,,Fire x2,Grass -30,2,Star Chronos,1 M,30,,,,,,Iron Crown's Intuition,,Standard basic Metal starter for Iron Crown evolution tree.
PKMN-10309,Iron Crown ex,Fusion Strike,020/198,Pokemon,Basic,,230,Fire,,"Pokemon ex Rule: When your Pokemon ex is Knocked Out, your opponent takes 2 Prize cards.",Fire x2,Grass -30,2,Meteor Mash,2 M,180,,,,,,,,Meta tier-1 rule-box flagship Iron Crown ex.
PKMN-10310,Archaludon,Crown Zenith,003/198,Pokemon,Basic,,70,Metal,,,Fire x2,Grass -30,2,Meteor Mash,1 M,10,"Flip a coin. If heads, your opponent's Active Pokemon is now Paralyzed.",Make It Rain,2 M,30,,Archaludon's Intuition,,Standard basic Metal starter for Archaludon evolution tree.
PKMN-10311,Duraludon,Crown Zenith,108/198,Pokemon,Stage 1,Archaludon,100,Metal,,,Fire x2,Grass -30,2,Star Chronos,2 M,80,,Star Chronos,3 M,100,,,,Stage 1 pivot & engine bridge for Duraludon lineup.
PKMN-10312,Archaludon ex,Crown Zenith,042/198,Pokemon,Stage 1,Archaludon,310,Metal,,"Pokemon ex Rule: When your Pokemon ex is Knocked Out, your opponent takes 2 Prize cards.",Fire x2,Grass -30,2,Iron Head,2 M,160,,Meteor Mash,3 M,260,Discard all Energy attached to this Pokemon.,,,Meta tier-1 rule-box flagship Archaludon ex.
PKMN-10313,Melmetal,Rebel Clash,141/198,Pokemon,Basic,,50,Metal,,,Fire x2,Grass -30,3,Metal Claw,1 M,20,,,2 M,50,,Melmetal's Intuition,,Standard basic Metal starter for Melmetal evolution tree.
PKMN-10314,Meltan,Rebel Clash,041/198,Pokemon,Stage 1,Melmetal,90,Metal,,,Fire x2,Grass -30,3,Iron Head,2 M,70,Discard an Energy from this Pokemon to deal 30 more damage.,Armored Press,,,,,,Stage 1 pivot & engine bridge for Meltan lineup.
PKMN-10315,Melmetal ex,Rebel Clash,061/198,Pokemon,Stage 1,Melmetal,220,Colorless,,"Pokemon ex Rule: When your Pokemon ex is Knocked Out, your opponent takes 2 Prize cards.",Fire x2,Grass -30,3,Star Chronos,2 M,240,,,3 M,220,,,,Meta tier-1 rule-box flagship Melmetal ex.
PKMN-10316,Scizor,Stellar Crown,052/198,Pokemon,Basic,,50,Metal,,,Fire x2,Grass -30,1,Bullet Punch,1 M,10,"Flip a coin. If heads, your opponent's Active Pokemon is now Paralyzed.",,,30,,,,Standard basic Metal starter for Scizor evolution tree.
PKMN-10317,Scyther,Stellar Crown,126/198,Pokemon,Stage 1,Scizor,110,Metal,,,Fire x2,Grass -30,1,Iron Head,2 M,80,Discard an Energy from this Pokemon to deal 30 more damage.,,3 M,90,,,,Stage 1 pivot & engine bridge for Scyther lineup.
PKMN-10318,Scizor ex,Stellar Crown,069/198,Pokemon,Stage 1,Scizor,320,Colorless,,"Pokemon ex Rule: When your Pokemon ex is Knocked Out, your opponent takes 2 Prize cards.",Fire x2,Grass -30,1,Metal Claw,2 M,280,,,3 M,300,,,,Meta tier-1 rule-box flagship Scizor ex.
PKMN-10319,Steelix,Fusion Strike,016/198,Pokemon,Basic,,80,Metal,,,Fire x2,Grass -30,4,Steel Wing,1 M,30,,Armored Press,,30,,,"Once during your turn, you may draw 1 card.",Standard basic Metal starter for Steelix evolution tree.
PKMN-10320,Onix,Fusion Strike,183/198,Pokemon,Stage 1,Steelix,90,Metal,,,Fire x2,Grass -30,4,Armored Press,2 M,60,Discard an Energy from this Pokemon to deal 30 more damage.,,3 M,,,,,Stage 1 pivot & engine bridge for Onix lineup.
PKMN-10321,Steelix ex,Fusion Strike,033/198,Pokemon,Stage 1,Steelix,220,Metal,,"Pokemon ex Rule: When your Pokemon ex is Knocked Out, your opponent takes 2 Prize cards.",Fire x2,Grass -30,4,Star Chronos,2 M,160,,,3 M,,,,,Meta tier-1 rule-box flagship Steelix ex.
PKMN-10322,Zacian,Brilliant Stars,187/198,Pokemon,Basic,,50,Metal,,,Fire x2,Grass -30,2,Heavy Slam,1 M,10,,Meteor Mash,2 M,40,,,"Once during your turn, you may draw 1 card.",Standard basic Metal starter for Zacian evolution tree.
PKMN-10323,Zacian V,Brilliant Stars,180/198,Pokemon,Basic,,320,Metal,,VSTAR Rule: Opponent takes 2 Prizes.,Fire x2,Grass -30,2,Bullet Punch,2 M,240,,,3 M,300,,,,Meta tier-1 rule-box flagship Zacian V.
PKMN-10324,Heatran,Pokemon 151,026/198,Pokemon,Basic,,70,Metal,,,Fire x2,Grass -30,3,Iron Head,1 M,30,,,2 M,,,,,Standard basic Metal starter for Heatran evolution tree.
PKMN-10325,Heatran,Pokemon 151,045/198,Pokemon,Basic,,280,Metal,,VSTAR Rule: Opponent takes 2 Prizes.,Fire x2,Grass -30,3,Star Chronos,2 M,180,,,,260,,,,Meta tier-1 rule-box flagship Heatran.
PKMN-10326,Pidgey,Surging Sparks,191/198,Pokemon,Basic,,80,Colorless,,,Lightning x2,Fighting -30,0,Body Slam,1 C,20,,Tackle,,40,,,,Standard basic Colorless starter for Pidgey evolution tree.
PKMN-10327,Pidgeotto,Surging Sparks,176/198,Pokemon,Stage 1,Pidgey,90,Colorless,,,Lightning x2,Fighting -30,0,Body Slam,2 C,60,,,,100,,,,Stage 1 pivot & engine bridge for Pidgeotto lineup.
PKMN-10328,Pidgeot,Surging Sparks,166/198,Pokemon,Stage 2,Pidgeotto,140,Colorless,,,Lightning x2,Fighting -30,1,Body Slam,2 C 1 C,180,This attack does 30 damage to each of your opponent's Benched Pokemon.,,,,,,,Stage 2 heavy attacker / archetype anchor Pidgeot.
PKMN-10329,Pidgeot ex,Surging Sparks,041/198,Pokemon,Stage 2,Pidgeotto,220,Colorless,,"Pokemon ex Rule: When your Pokemon ex is Knocked Out, your opponent takes 2 Prize cards.",Lightning x2,Fighting -30,0,Double-Edge,2 C,280,,,3 C,,,Quick Search,"Once during your turn, search deck for ANY 1 card.",Meta tier-1 rule-box flagship Pidgeot ex.
PKMN-10330,Eevee,Scarlet & Violet Base,052/198,Pokemon,Basic,,50,Colorless,,,Fighting x2,None,1,Hyper Beam,1 C,10,"Flip a coin. If heads, your opponent's Active Pokemon is now Paralyzed.",Body Slam,2 C,40,,,,Standard basic Colorless starter for Eevee evolution tree.
PKMN-10331,Snorlax,Astral Radiance,062/198,Pokemon,Basic,,70,Colorless,,,Fighting x2,None,4,Quick Attack,1 C,20,,Tackle,,40,,,,Standard basic Colorless starter for Snorlax evolution tree.
PKMN-10332,Munchlax,Astral Radiance,067/198,Pokemon,Stage 1,Snorlax,90,Colorless,,,Fighting x2,None,4,Double-Edge,2 C,50,,Swift,,80,,,,Stage 1 pivot & engine bridge for Munchlax lineup.
PKMN-10333,Snorlax,Astral Radiance,174/198,Pokemon,Stage 1,Snorlax,230,Colorless,,VSTAR Rule: Opponent takes 2 Prizes.,Fighting x2,None,4,Double-Edge,2 C,280,,Tackle,,,,,,Meta tier-1 rule-box flagship Snorlax.
PKMN-10334,Dunsparce,Battle Styles,154/198,Pokemon,Basic,,50,Colorless,,,Fighting x2,None,1,Hyper Beam,1 C,10,"Flip a coin. If heads, your opponent's Active Pokemon is now Paralyzed.",,2 C,,,,,Standard basic Colorless starter for Dunsparce evolution tree.
PKMN-10335,Dudunsparce,Battle Styles,097/198,Pokemon,Stage 1,Dunsparce,110,Colorless,,,Fighting x2,None,1,Quick Search,2 C,70,Discard an Energy from this Pokemon to deal 30 more damage.,Prismatic Beam,,80,,Inconspicuous,,Stage 1 pivot & engine bridge for Dudunsparce lineup.
PKMN-10336,Dudunsparce ex,Battle Styles,096/198,Pokemon,Stage 1,Dunsparce,320,Colorless,,"Pokemon ex Rule: When your Pokemon ex is Knocked Out, your opponent takes 2 Prize cards.",Fighting x2,None,1,Swift,2 C,240,,Quick Attack,3 C,260,,,,Meta tier-1 rule-box flagship Dudunsparce ex.
PKMN-10337,Arceus,Shrouded Fable,049/198,Pokemon,Basic,,60,Colorless,,,Fighting x2,None,2,Double-Edge,1 C,30,,,,,,,,Standard basic Colorless starter for Arceus evolution tree.
PKMN-10338,Arceus VSTAR,Shrouded Fable,175/198,Pokemon,Basic,,230,Colorless,,VSTAR Rule: Opponent takes 2 Prizes.,Fighting x2,None,2,Tackle,2 C,280,,Double-Edge,3 C,260,,,,Meta tier-1 rule-box flagship Arceus VSTAR.
PKMN-10339,Bidoof,Fusion Strike,088/198,Pokemon,Basic,,60,Colorless,,,Fighting x2,None,2,Swift,1 C,30,,,,,,,,Standard basic Colorless starter for Bidoof evolution tree.
PKMN-10340,Bibarel,Fusion Strike,169/198,Pokemon,Stage 1,Bidoof,130,Colorless,,,Fighting x2,None,2,Hyper Beam,2 C,70,Discard an Energy from this Pokemon to deal 30 more damage.,Double-Edge,,,,,,Stage 1 pivot & engine bridge for Bibarel lineup.
PKMN-10341,Bibarel,Fusion Strike,175/198,Pokemon,Stage 1,Bidoof,280,Colorless,,VSTAR Rule: Opponent takes 2 Prizes.,Fighting x2,None,2,Quick Attack,2 C,180,,Double-Edge,3 C,,,,,Meta tier-1 rule-box flagship Bibarel.
PKMN-10342,Togedemaru,Fusion Strike,031/198,Pokemon,Basic,,80,Lightning,,,Fighting x2,None,1,Electro Ball,1 L,10,,Wild Charge,,30,,,,Standard basic Lightning starter for Togedemaru evolution tree.
PKMN-10343,Cinccino,Rebel Clash,106/198,Pokemon,Basic,,50,Colorless,,,Fighting x2,None,1,Prismatic Beam,1 C,10,"Flip a coin. If heads, your opponent's Active Pokemon is now Paralyzed.",Double-Edge,2 C,40,,Cinccino's Intuition,,Standard basic Colorless starter for Cinccino evolution tree.
PKMN-10344,Minccino,Rebel Clash,047/198,Pokemon,Stage 1,Cinccino,90,Colorless,,,Fighting x2,None,1,Quick Search,2 C,70,,Tackle,3 C,80,,,,Stage 1 pivot & engine bridge for Minccino lineup.
PKMN-10345,Cinccino,Rebel Clash,041/198,Pokemon,Stage 1,Cinccino,310,Colorless,,VSTAR Rule: Opponent takes 2 Prizes.,Fighting x2,None,1,Quick Attack,2 C,180,,,,260,,,,Meta tier-1 rule-box flagship Cinccino.
PKMN-10346,Squawkabilly,Paldea Evolved,188/198,Pokemon,Basic,,70,Colorless,,,Lightning x2,Fighting -30,1,Prismatic Beam,1 C,10,,,2 C,30,,,"Once during your turn, you may draw 1 card.",Standard basic Colorless starter for Squawkabilly evolution tree.
PKMN-10347,Squawkabilly ex,Paldea Evolved,089/198,Pokemon,Basic,,280,Colorless,,"Pokemon ex Rule: When your Pokemon ex is Knocked Out, your opponent takes 2 Prize cards.",Lightning x2,Fighting -30,1,Hyper Beam,2 C,160,,Swift,3 C,220,Discard all Energy attached to this Pokemon.,,,Meta tier-1 rule-box flagship Squawkabilly ex.
PKMN-10348,Bouffalant,Stellar Crown,153/198,Pokemon,Basic,,90,Colorless,,,Fighting x2,None,2,Quick Search,1 C,20,,,2 C,,,,,Standard basic Colorless starter for Bouffalant evolution tree.
PKMN-10349,Bouffalant,Stellar Crown,043/198,Pokemon,Basic,,310,Colorless,,VSTAR Rule: Opponent takes 2 Prizes.,Fighting x2,None,2,Tackle,2 C,180,,Hyper Beam,3 C,300,Discard all Energy attached to this Pokemon.,,,Meta tier-1 rule-box flagship Bouffalant.
PKMN-10350,Castform,Sword & Shield Base,164/198,Pokemon,Basic,,70,Colorless,,,Fighting x2,None,1,Tackle,1 C,30,,Trinity Nova,2 C,30,,Castform's Intuition,"Once during your turn, you may draw 1 card.",Standard basic Colorless starter for Castform evolution tree.
PKMN-10351,Ditto,Vivid Voltage,141/198,Pokemon,Basic,,70,Colorless,,,Fighting x2,None,1,Trinity Nova,1 C,20,,Quick Attack,,40,,,,Standard basic Colorless starter for Ditto evolution tree.
TRNR-10352,Professor's Research,Brilliant Stars,156/198,Trainer,,,,,Supporter,,,,,,,,,,,,,,Discard your hand and draw 7 cards.,Trainer card: Supporter (draw)
TRNR-10353,Professor's Research,Silver Tempest,036/198,Trainer,,,,,Supporter,,,,,,,,,,,,,,Discard your hand and draw 7 cards.,Trainer card: Supporter (draw)
TRNR-10354,Professor's Research,Darkness Ablaze,027/198,Trainer,,,,,Supporter,,,,,,,,,,,,,,Discard your hand and draw 7 cards.,Trainer card: Supporter (draw)
TRNR-10355,Professor's Research,Chilling Reign,185/198,Trainer,,,,,Supporter,,,,,,,,,,,,,,Discard your hand and draw 7 cards.,Trainer card: Supporter (draw)
TRNR-10356,Professor's Research,Brilliant Stars,031/198,Trainer,,,,,Supporter,,,,,,,,,,,,,,Discard your hand and draw 7 cards.,Trainer card: Supporter (draw)
TRNR-10357,Professor's Research,Stellar Crown,030/198,Trainer,,,,,Supporter,,,,,,,,,,,,,,Discard your hand and draw 7 cards.,Trainer card: Supporter (draw)
TRNR-10358,Professor's Research,Pokemon 151,128/198,Trainer,,,,,Supporter,,,,,,,,,,,,,,Discard your hand and draw 7 cards.,Trainer card: Supporter (draw)
TRNR-10359,Professor's Research,Temporal Forces,156/198,Trainer,,,,,Supporter,,,,,,,,,,,,,,Discard your hand and draw 7 cards.,Trainer card: Supporter (draw)
TRNR-10360,Iono,Shrouded Fable,134/198,Trainer,,,,,Supporter,,,,,,,,,,,,,,"Each player shuffles hand into deck, then draws cards equal to remaining prize cards.",Trainer card: Supporter (disruption_draw)
TRNR-10361,Iono,Temporal Forces,092/198,Trainer,,,,,Supporter,,,,,,,,,,,,,,"Each player shuffles hand into deck, then draws cards equal to remaining prize cards.",Trainer card: Supporter (disruption_draw)
TRNR-10362,Iono,Silver Tempest,105/198,Trainer,,,,,Supporter,,,,,,,,,,,,,,"Each player shuffles hand into deck, then draws cards equal to remaining prize cards.",Trainer card: Supporter (disruption_draw)
TRNR-10363,Iono,Stellar Crown,042/198,Trainer,,,,,Supporter,,,,,,,,,,,,,,"Each player shuffles hand into deck, then draws cards equal to remaining prize cards.",Trainer card: Supporter (disruption_draw)
TRNR-10364,Iono,Paldea Evolved,141/198,Trainer,,,,,Supporter,,,,,,,,,,,,,,"Each player shuffles hand into deck, then draws cards equal to remaining prize cards.",Trainer card: Supporter (disruption_draw)
TRNR-10365,Iono,Battle Styles,054/198,Trainer,,,,,Supporter,,,,,,,,,,,,,,"Each player shuffles hand into deck, then draws cards equal to remaining prize cards.",Trainer card: Supporter (disruption_draw)
TRNR-10366,Iono,Silver Tempest,124/198,Trainer,,,,,Supporter,,,,,,,,,,,,,,"Each player shuffles hand into deck, then draws cards equal to remaining prize cards.",Trainer card: Supporter (disruption_draw)
TRNR-10367,Boss's Orders,Twilight Masquerade,001/198,Trainer,,,,,Supporter,,,,,,,,,,,,,,Switch 1 of your opponent's Benched Pokemon to the Active Spot.,Trainer card: Supporter (gust)
TRNR-10368,Boss's Orders,Scarlet & Violet Base,172/198,Trainer,,,,,Supporter,,,,,,,,,,,,,,Switch 1 of your opponent's Benched Pokemon to the Active Spot.,Trainer card: Supporter (gust)
TRNR-10369,Boss's Orders,Obsidian Flames,029/198,Trainer,,,,,Supporter,,,,,,,,,,,,,,Switch 1 of your opponent's Benched Pokemon to the Active Spot.,Trainer card: Supporter (gust)
TRNR-10370,Boss's Orders,Fusion Strike,172/198,Trainer,,,,,Supporter,,,,,,,,,,,,,,Switch 1 of your opponent's Benched Pokemon to the Active Spot.,Trainer card: Supporter (gust)
TRNR-10371,Boss's Orders,Battle Styles,039/198,Trainer,,,,,Supporter,,,,,,,,,,,,,,Switch 1 of your opponent's Benched Pokemon to the Active Spot.,Trainer card: Supporter (gust)
TRNR-10372,Boss's Orders,Obsidian Flames,131/198,Trainer,,,,,Supporter,,,,,,,,,,,,,,Switch 1 of your opponent's Benched Pokemon to the Active Spot.,Trainer card: Supporter (gust)
TRNR-10373,Boss's Orders,Obsidian Flames,186/198,Trainer,,,,,Supporter,,,,,,,,,,,,,,Switch 1 of your opponent's Benched Pokemon to the Active Spot.,Trainer card: Supporter (gust)
TRNR-10374,Boss's Orders,Crown Zenith,026/198,Trainer,,,,,Supporter,,,,,,,,,,,,,,Switch 1 of your opponent's Benched Pokemon to the Active Spot.,Trainer card: Supporter (gust)
TRNR-10375,Arven,Astral Radiance,060/198,Trainer,,,,,Supporter,,,,,,,,,,,,,,"Search your deck for an Item card and a Pokemon Tool card, reveal them, and put them into your hand.",Trainer card: Supporter (search_item_tool)
TRNR-10376,Arven,Vivid Voltage,076/198,Trainer,,,,,Supporter,,,,,,,,,,,,,,"Search your deck for an Item card and a Pokemon Tool card, reveal them, and put them into your hand.",Trainer card: Supporter (search_item_tool)
TRNR-10377,Arven,Shrouded Fable,119/198,Trainer,,,,,Supporter,,,,,,,,,,,,,,"Search your deck for an Item card and a Pokemon Tool card, reveal them, and put them into your hand.",Trainer card: Supporter (search_item_tool)
TRNR-10378,Arven,Paldea Evolved,026/198,Trainer,,,,,Supporter,,,,,,,,,,,,,,"Search your deck for an Item card and a Pokemon Tool card, reveal them, and put them into your hand.",Trainer card: Supporter (search_item_tool)
TRNR-10379,Arven,Paldean Fates,011/198,Trainer,,,,,Supporter,,,,,,,,,,,,,,"Search your deck for an Item card and a Pokemon Tool card, reveal them, and put them into your hand.",Trainer card: Supporter (search_item_tool)
TRNR-10380,Arven,Stellar Crown,093/198,Trainer,,,,,Supporter,,,,,,,,,,,,,,"Search your deck for an Item card and a Pokemon Tool card, reveal them, and put them into your hand.",Trainer card: Supporter (search_item_tool)
TRNR-10381,Arven,Lost Origin,081/198,Trainer,,,,,Supporter,,,,,,,,,,,,,,"Search your deck for an Item card and a Pokemon Tool card, reveal them, and put them into your hand.",Trainer card: Supporter (search_item_tool)
TRNR-10382,Arven,Darkness Ablaze,190/198,Trainer,,,,,Supporter,,,,,,,,,,,,,,"Search your deck for an Item card and a Pokemon Tool card, reveal them, and put them into your hand.",Trainer card: Supporter (search_item_tool)
TRNR-10383,Colress's Experiment,Pokemon 151,195/198,Trainer,,,,,Supporter,,,,,,,,,,,,,,"Look at top 5 cards of deck. Put 3 into hand, 2 into Lost Zone.",Trainer card: Supporter (lost_zone_draw)
TRNR-10384,Colress's Experiment,Paldea Evolved,003/198,Trainer,,,,,Supporter,,,,,,,,,,,,,,"Look at top 5 cards of deck. Put 3 into hand, 2 into Lost Zone.",Trainer card: Supporter (lost_zone_draw)
TRNR-10385,Colress's Experiment,Paradox Rift,170/198,Trainer,,,,,Supporter,,,,,,,,,,,,,,"Look at top 5 cards of deck. Put 3 into hand, 2 into Lost Zone.",Trainer card: Supporter (lost_zone_draw)
TRNR-10386,Colress's Experiment,Astral Radiance,044/198,Trainer,,,,,Supporter,,,,,,,,,,,,,,"Look at top 5 cards of deck. Put 3 into hand, 2 into Lost Zone.",Trainer card: Supporter (lost_zone_draw)
TRNR-10387,Colress's Experiment,Surging Sparks,092/198,Trainer,,,,,Supporter,,,,,,,,,,,,,,"Look at top 5 cards of deck. Put 3 into hand, 2 into Lost Zone.",Trainer card: Supporter (lost_zone_draw)
TRNR-10388,Colress's Experiment,Vivid Voltage,160/198,Trainer,,,,,Supporter,,,,,,,,,,,,,,"Look at top 5 cards of deck. Put 3 into hand, 2 into Lost Zone.",Trainer card: Supporter (lost_zone_draw)
TRNR-10389,Irida,Crown Zenith,024/198,Trainer,,,,,Supporter,,,,,,,,,,,,,,Search deck for a Water Pokemon and an Item card.,Trainer card: Supporter (search_water_item)
TRNR-10390,Irida,Sword & Shield Base,088/198,Trainer,,,,,Supporter,,,,,,,,,,,,,,Search deck for a Water Pokemon and an Item card.,Trainer card: Supporter (search_water_item)
TRNR-10391,Irida,Paldean Fates,030/198,Trainer,,,,,Supporter,,,,,,,,,,,,,,Search deck for a Water Pokemon and an Item card.,Trainer card: Supporter (search_water_item)
TRNR-10392,Irida,Rebel Clash,103/198,Trainer,,,,,Supporter,,,,,,,,,,,,,,Search deck for a Water Pokemon and an Item card.,Trainer card: Supporter (search_water_item)
TRNR-10393,Irida,Vivid Voltage,070/198,Trainer,,,,,Supporter,,,,,,,,,,,,,,Search deck for a Water Pokemon and an Item card.,Trainer card: Supporter (search_water_item)
TRNR-10394,Irida,Rebel Clash,177/198,Trainer,,,,,Supporter,,,,,,,,,,,,,,Search deck for a Water Pokemon and an Item card.,Trainer card: Supporter (search_water_item)
TRNR-10395,Irida,Battle Styles,108/198,Trainer,,,,,Supporter,,,,,,,,,,,,,,Search deck for a Water Pokemon and an Item card.,Trainer card: Supporter (search_water_item)
TRNR-10396,Irida,Astral Radiance,043/198,Trainer,,,,,Supporter,,,,,,,,,,,,,,Search deck for a Water Pokemon and an Item card.,Trainer card: Supporter (search_water_item)
TRNR-10397,Gardenia's Vigor,Paradox Rift,179/198,Trainer,,,,,Supporter,,,,,,,,,,,,,,"Draw 2 cards, then attach up to 2 Grass Energy from hand to 1 Benched Pokemon.",Trainer card: Supporter (energy_accel_draw)
TRNR-10398,Gardenia's Vigor,Crown Zenith,016/198,Trainer,,,,,Supporter,,,,,,,,,,,,,,"Draw 2 cards, then attach up to 2 Grass Energy from hand to 1 Benched Pokemon.",Trainer card: Supporter (energy_accel_draw)
TRNR-10399,Gardenia's Vigor,Paldean Fates,027/198,Trainer,,,,,Supporter,,,,,,,,,,,,,,"Draw 2 cards, then attach up to 2 Grass Energy from hand to 1 Benched Pokemon.",Trainer card: Supporter (energy_accel_draw)
TRNR-10400,Gardenia's Vigor,Darkness Ablaze,152/198,Trainer,,,,,Supporter,,,,,,,,,,,,,,"Draw 2 cards, then attach up to 2 Grass Energy from hand to 1 Benched Pokemon.",Trainer card: Supporter (energy_accel_draw)
TRNR-10401,Gardenia's Vigor,Battle Styles,146/198,Trainer,,,,,Supporter,,,,,,,,,,,,,,"Draw 2 cards, then attach up to 2 Grass Energy from hand to 1 Benched Pokemon.",Trainer card: Supporter (energy_accel_draw)
TRNR-10402,Gardenia's Vigor,Lost Origin,113/198,Trainer,,,,,Supporter,,,,,,,,,,,,,,"Draw 2 cards, then attach up to 2 Grass Energy from hand to 1 Benched Pokemon.",Trainer card: Supporter (energy_accel_draw)
TRNR-10403,Melony,Brilliant Stars,098/198,Trainer,,,,,Supporter,,,,,,,,,,,,,,"Attach a Water Energy from discard to 1 Pokemon V, then draw 3 cards.",Trainer card: Supporter (energy_accel_draw)
TRNR-10404,Melony,Sword & Shield Base,157/198,Trainer,,,,,Supporter,,,,,,,,,,,,,,"Attach a Water Energy from discard to 1 Pokemon V, then draw 3 cards.",Trainer card: Supporter (energy_accel_draw)
TRNR-10405,Melony,Scarlet & Violet Base,176/198,Trainer,,,,,Supporter,,,,,,,,,,,,,,"Attach a Water Energy from discard to 1 Pokemon V, then draw 3 cards.",Trainer card: Supporter (energy_accel_draw)
TRNR-10406,Melony,Crown Zenith,034/198,Trainer,,,,,Supporter,,,,,,,,,,,,,,"Attach a Water Energy from discard to 1 Pokemon V, then draw 3 cards.",Trainer card: Supporter (energy_accel_draw)
TRNR-10407,Melony,Battle Styles,125/198,Trainer,,,,,Supporter,,,,,,,,,,,,,,"Attach a Water Energy from discard to 1 Pokemon V, then draw 3 cards.",Trainer card: Supporter (energy_accel_draw)
TRNR-10408,Melony,Pokemon 151,106/198,Trainer,,,,,Supporter,,,,,,,,,,,,,,"Attach a Water Energy from discard to 1 Pokemon V, then draw 3 cards.",Trainer card: Supporter (energy_accel_draw)
TRNR-10409,Melony,Vivid Voltage,012/198,Trainer,,,,,Supporter,,,,,,,,,,,,,,"Attach a Water Energy from discard to 1 Pokemon V, then draw 3 cards.",Trainer card: Supporter (energy_accel_draw)
TRNR-10410,Raihan,Shrouded Fable,168/198,Trainer,,,,,Supporter,,,,,,,,,,,,,,"Can be played only if your Pokemon was Knocked Out last turn. Attach 1 basic Energy from discard to 1 Pokemon, then search deck for any 1 card.",Trainer card: Supporter (comeback_search)
TRNR-10411,Raihan,Surging Sparks,004/198,Trainer,,,,,Supporter,,,,,,,,,,,,,,"Can be played only if your Pokemon was Knocked Out last turn. Attach 1 basic Energy from discard to 1 Pokemon, then search deck for any 1 card.",Trainer card: Supporter (comeback_search)
TRNR-10412,Raihan,Silver Tempest,174/198,Trainer,,,,,Supporter,,,,,,,,,,,,,,"Can be played only if your Pokemon was Knocked Out last turn. Attach 1 basic Energy from discard to 1 Pokemon, then search deck for any 1 card.",Trainer card: Supporter (comeback_search)
TRNR-10413,Raihan,Chilling Reign,197/198,Trainer,,,,,Supporter,,,,,,,,,,,,,,"Can be played only if your Pokemon was Knocked Out last turn. Attach 1 basic Energy from discard to 1 Pokemon, then search deck for any 1 card.",Trainer card: Supporter (comeback_search)
TRNR-10414,Raihan,Crown Zenith,148/198,Trainer,,,,,Supporter,,,,,,,,,,,,,,"Can be played only if your Pokemon was Knocked Out last turn. Attach 1 basic Energy from discard to 1 Pokemon, then search deck for any 1 card.",Trainer card: Supporter (comeback_search)
TRNR-10415,Raihan,Crown Zenith,145/198,Trainer,,,,,Supporter,,,,,,,,,,,,,,"Can be played only if your Pokemon was Knocked Out last turn. Attach 1 basic Energy from discard to 1 Pokemon, then search deck for any 1 card.",Trainer card: Supporter (comeback_search)
TRNR-10416,Kieran,Lost Origin,087/198,Trainer,,,,,Supporter,,,,,,,,,,,,,,Choose 1: Switch Active with Bench; or this turn attacks do 30 more damage to Active ex/V.,Trainer card: Supporter (damage_buff_switch)
TRNR-10417,Kieran,Chilling Reign,134/198,Trainer,,,,,Supporter,,,,,,,,,,,,,,Choose 1: Switch Active with Bench; or this turn attacks do 30 more damage to Active ex/V.,Trainer card: Supporter (damage_buff_switch)
TRNR-10418,Kieran,Silver Tempest,180/198,Trainer,,,,,Supporter,,,,,,,,,,,,,,Choose 1: Switch Active with Bench; or this turn attacks do 30 more damage to Active ex/V.,Trainer card: Supporter (damage_buff_switch)
TRNR-10419,Kieran,Brilliant Stars,025/198,Trainer,,,,,Supporter,,,,,,,,,,,,,,Choose 1: Switch Active with Bench; or this turn attacks do 30 more damage to Active ex/V.,Trainer card: Supporter (damage_buff_switch)
TRNR-10420,Kieran,Darkness Ablaze,170/198,Trainer,,,,,Supporter,,,,,,,,,,,,,,Choose 1: Switch Active with Bench; or this turn attacks do 30 more damage to Active ex/V.,Trainer card: Supporter (damage_buff_switch)
TRNR-10421,Kieran,Crown Zenith,064/198,Trainer,,,,,Supporter,,,,,,,,,,,,,,Choose 1: Switch Active with Bench; or this turn attacks do 30 more damage to Active ex/V.,Trainer card: Supporter (damage_buff_switch)
TRNR-10422,Kieran,Battle Styles,089/198,Trainer,,,,,Supporter,,,,,,,,,,,,,,Choose 1: Switch Active with Bench; or this turn attacks do 30 more damage to Active ex/V.,Trainer card: Supporter (damage_buff_switch)
TRNR-10423,Penny,Lost Origin,165/198,Trainer,,,,,Supporter,,,,,,,,,,,,,,Put 1 of your Basic Pokemon and all cards attached to it into your hand.,Trainer card: Supporter (scoop_up)
TRNR-10424,Penny,Rebel Clash,039/198,Trainer,,,,,Supporter,,,,,,,,,,,,,,Put 1 of your Basic Pokemon and all cards attached to it into your hand.,Trainer card: Supporter (scoop_up)
TRNR-10425,Penny,Evolving Skies,157/198,Trainer,,,,,Supporter,,,,,,,,,,,,,,Put 1 of your Basic Pokemon and all cards attached to it into your hand.,Trainer card: Supporter (scoop_up)
TRNR-10426,Penny,Paldea Evolved,003/198,Trainer,,,,,Supporter,,,,,,,,,,,,,,Put 1 of your Basic Pokemon and all cards attached to it into your hand.,Trainer card: Supporter (scoop_up)
TRNR-10427,Penny,Astral Radiance,041/198,Trainer,,,,,Supporter,,,,,,,,,,,,,,Put 1 of your Basic Pokemon and all cards attached to it into your hand.,Trainer card: Supporter (scoop_up)
TRNR-10428,Penny,Chilling Reign,121/198,Trainer,,,,,Supporter,,,,,,,,,,,,,,Put 1 of your Basic Pokemon and all cards attached to it into your hand.,Trainer card: Supporter (scoop_up)
TRNR-10429,Penny,Battle Styles,043/198,Trainer,,,,,Supporter,,,,,,,,,,,,,,Put 1 of your Basic Pokemon and all cards attached to it into your hand.,Trainer card: Supporter (scoop_up)
TRNR-10430,Penny,Obsidian Flames,193/198,Trainer,,,,,Supporter,,,,,,,,,,,,,,Put 1 of your Basic Pokemon and all cards attached to it into your hand.,Trainer card: Supporter (scoop_up)
TRNR-10431,Penny,Battle Styles,083/198,Trainer,,,,,Supporter,,,,,,,,,,,,,,Put 1 of your Basic Pokemon and all cards attached to it into your hand.,Trainer card: Supporter (scoop_up)
TRNR-10432,Penny,Twilight Masquerade,085/198,Trainer,,,,,Supporter,,,,,,,,,,,,,,Put 1 of your Basic Pokemon and all cards attached to it into your hand.,Trainer card: Supporter (scoop_up)
TRNR-10433,Penny,Shrouded Fable,013/198,Trainer,,,,,Supporter,,,,,,,,,,,,,,Put 1 of your Basic Pokemon and all cards attached to it into your hand.,Trainer card: Supporter (scoop_up)
TRNR-10434,Clavell,Twilight Masquerade,141/198,Trainer,,,,,Supporter,,,,,,,,,,,,,,Search your deck for up to 3 Basic Pokemon with 120 HP or less and put them into your hand.,Trainer card: Supporter (search_basics)
TRNR-10435,Clavell,Astral Radiance,097/198,Trainer,,,,,Supporter,,,,,,,,,,,,,,Search your deck for up to 3 Basic Pokemon with 120 HP or less and put them into your hand.,Trainer card: Supporter (search_basics)
TRNR-10436,Clavell,Rebel Clash,061/198,Trainer,,,,,Supporter,,,,,,,,,,,,,,Search your deck for up to 3 Basic Pokemon with 120 HP or less and put them into your hand.,Trainer card: Supporter (search_basics)
TRNR-10437,Clavell,Obsidian Flames,118/198,Trainer,,,,,Supporter,,,,,,,,,,,,,,Search your deck for up to 3 Basic Pokemon with 120 HP or less and put them into your hand.,Trainer card: Supporter (search_basics)
TRNR-10438,Clavell,Vivid Voltage,147/198,Trainer,,,,,Supporter,,,,,,,,,,,,,,Search your deck for up to 3 Basic Pokemon with 120 HP or less and put them into your hand.,Trainer card: Supporter (search_basics)
TRNR-10439,Clavell,Vivid Voltage,023/198,Trainer,,,,,Supporter,,,,,,,,,,,,,,Search your deck for up to 3 Basic Pokemon with 120 HP or less and put them into your hand.,Trainer card: Supporter (search_basics)
TRNR-10440,Clavell,Battle Styles,115/198,Trainer,,,,,Supporter,,,,,,,,,,,,,,Search your deck for up to 3 Basic Pokemon with 120 HP or less and put them into your hand.,Trainer card: Supporter (search_basics)
TRNR-10441,Clavell,Surging Sparks,031/198,Trainer,,,,,Supporter,,,,,,,,,,,,,,Search your deck for up to 3 Basic Pokemon with 120 HP or less and put them into your hand.,Trainer card: Supporter (search_basics)
TRNR-10442,Clavell,Battle Styles,191/198,Trainer,,,,,Supporter,,,,,,,,,,,,,,Search your deck for up to 3 Basic Pokemon with 120 HP or less and put them into your hand.,Trainer card: Supporter (search_basics)
TRNR-10443,Clavell,Astral Radiance,005/198,Trainer,,,,,Supporter,,,,,,,,,,,,,,Search your deck for up to 3 Basic Pokemon with 120 HP or less and put them into your hand.,Trainer card: Supporter (search_basics)
TRNR-10444,Judge,Rebel Clash,106/198,Trainer,,,,,Supporter,,,,,,,,,,,,,,Each player shuffles their hand into their deck and draws 4 cards.,Trainer card: Supporter (disruption_draw)
TRNR-10445,Judge,Paldea Evolved,143/198,Trainer,,,,,Supporter,,,,,,,,,,,,,,Each player shuffles their hand into their deck and draws 4 cards.,Trainer card: Supporter (disruption_draw)
TRNR-10446,Judge,Evolving Skies,001/198,Trainer,,,,,Supporter,,,,,,,,,,,,,,Each player shuffles their hand into their deck and draws 4 cards.,Trainer card: Supporter (disruption_draw)
TRNR-10447,Judge,Obsidian Flames,155/198,Trainer,,,,,Supporter,,,,,,,,,,,,,,Each player shuffles their hand into their deck and draws 4 cards.,Trainer card: Supporter (disruption_draw)
TRNR-10448,Judge,Brilliant Stars,164/198,Trainer,,,,,Supporter,,,,,,,,,,,,,,Each player shuffles their hand into their deck and draws 4 cards.,Trainer card: Supporter (disruption_draw)
TRNR-10449,Judge,Stellar Crown,131/198,Trainer,,,,,Supporter,,,,,,,,,,,,,,Each player shuffles their hand into their deck and draws 4 cards.,Trainer card: Supporter (disruption_draw)
TRNR-10450,Roseanne's Backup,Temporal Forces,168/198,Trainer,,,,,Supporter,,,,,,,,,,,,,,"Shuffle 1 Pokemon, 1 Tool, 1 Stadium, 1 Energy from discard into deck.",Trainer card: Supporter (recovery)
TRNR-10451,Roseanne's Backup,Lost Origin,117/198,Trainer,,,,,Supporter,,,,,,,,,,,,,,"Shuffle 1 Pokemon, 1 Tool, 1 Stadium, 1 Energy from discard into deck.",Trainer card: Supporter (recovery)
TRNR-10452,Roseanne's Backup,Surging Sparks,094/198,Trainer,,,,,Supporter,,,,,,,,,,,,,,"Shuffle 1 Pokemon, 1 Tool, 1 Stadium, 1 Energy from discard into deck.",Trainer card: Supporter (recovery)
TRNR-10453,Roseanne's Backup,Paldea Evolved,058/198,Trainer,,,,,Supporter,,,,,,,,,,,,,,"Shuffle 1 Pokemon, 1 Tool, 1 Stadium, 1 Energy from discard into deck.",Trainer card: Supporter (recovery)
TRNR-10454,Roseanne's Backup,Vivid Voltage,085/198,Trainer,,,,,Supporter,,,,,,,,,,,,,,"Shuffle 1 Pokemon, 1 Tool, 1 Stadium, 1 Energy from discard into deck.",Trainer card: Supporter (recovery)
TRNR-10455,Roseanne's Backup,Evolving Skies,197/198,Trainer,,,,,Supporter,,,,,,,,,,,,,,"Shuffle 1 Pokemon, 1 Tool, 1 Stadium, 1 Energy from discard into deck.",Trainer card: Supporter (recovery)
TRNR-10456,Roseanne's Backup,Brilliant Stars,154/198,Trainer,,,,,Supporter,,,,,,,,,,,,,,"Shuffle 1 Pokemon, 1 Tool, 1 Stadium, 1 Energy from discard into deck.",Trainer card: Supporter (recovery)
TRNR-10457,Roseanne's Backup,Battle Styles,184/198,Trainer,,,,,Supporter,,,,,,,,,,,,,,"Shuffle 1 Pokemon, 1 Tool, 1 Stadium, 1 Energy from discard into deck.",Trainer card: Supporter (recovery)
TRNR-10458,Roseanne's Backup,Lost Origin,094/198,Trainer,,,,,Supporter,,,,,,,,,,,,,,"Shuffle 1 Pokemon, 1 Tool, 1 Stadium, 1 Energy from discard into deck.",Trainer card: Supporter (recovery)
TRNR-10459,Roseanne's Backup,Silver Tempest,116/198,Trainer,,,,,Supporter,,,,,,,,,,,,,,"Shuffle 1 Pokemon, 1 Tool, 1 Stadium, 1 Energy from discard into deck.",Trainer card: Supporter (recovery)
TRNR-10460,Professor Sada's Vitality,Pokemon 151,195/198,Trainer,,,,,Supporter,,,,,,,,,,,,,,"Choose up to 2 Ancient Pokemon, attach Basic Energy from discard to each, and draw 3 cards.",Trainer card: Supporter (ancient_accel)
TRNR-10461,Professor Sada's Vitality,Lost Origin,057/198,Trainer,,,,,Supporter,,,,,,,,,,,,,,"Choose up to 2 Ancient Pokemon, attach Basic Energy from discard to each, and draw 3 cards.",Trainer card: Supporter (ancient_accel)
TRNR-10462,Professor Sada's Vitality,Scarlet & Violet Base,088/198,Trainer,,,,,Supporter,,,,,,,,,,,,,,"Choose up to 2 Ancient Pokemon, attach Basic Energy from discard to each, and draw 3 cards.",Trainer card: Supporter (ancient_accel)
TRNR-10463,Professor Sada's Vitality,Sword & Shield Base,163/198,Trainer,,,,,Supporter,,,,,,,,,,,,,,"Choose up to 2 Ancient Pokemon, attach Basic Energy from discard to each, and draw 3 cards.",Trainer card: Supporter (ancient_accel)
TRNR-10464,Professor Sada's Vitality,Stellar Crown,141/198,Trainer,,,,,Supporter,,,,,,,,,,,,,,"Choose up to 2 Ancient Pokemon, attach Basic Energy from discard to each, and draw 3 cards.",Trainer card: Supporter (ancient_accel)
TRNR-10465,Professor Sada's Vitality,Chilling Reign,096/198,Trainer,,,,,Supporter,,,,,,,,,,,,,,"Choose up to 2 Ancient Pokemon, attach Basic Energy from discard to each, and draw 3 cards.",Trainer card: Supporter (ancient_accel)
TRNR-10466,Professor Turo's Scenario,Pokemon 151,012/198,Trainer,,,,,Supporter,,,,,,,,,,,,,,Put 1 of your Future Pokemon into your hand. Discard all attached cards.,Trainer card: Supporter (future_scoop)
TRNR-10467,Professor Turo's Scenario,Paldean Fates,127/198,Trainer,,,,,Supporter,,,,,,,,,,,,,,Put 1 of your Future Pokemon into your hand. Discard all attached cards.,Trainer card: Supporter (future_scoop)
TRNR-10468,Professor Turo's Scenario,Paradox Rift,184/198,Trainer,,,,,Supporter,,,,,,,,,,,,,,Put 1 of your Future Pokemon into your hand. Discard all attached cards.,Trainer card: Supporter (future_scoop)
TRNR-10469,Professor Turo's Scenario,Crown Zenith,185/198,Trainer,,,,,Supporter,,,,,,,,,,,,,,Put 1 of your Future Pokemon into your hand. Discard all attached cards.,Trainer card: Supporter (future_scoop)
TRNR-10470,Professor Turo's Scenario,Darkness Ablaze,028/198,Trainer,,,,,Supporter,,,,,,,,,,,,,,Put 1 of your Future Pokemon into your hand. Discard all attached cards.,Trainer card: Supporter (future_scoop)
TRNR-10471,Professor Turo's Scenario,Shrouded Fable,157/198,Trainer,,,,,Supporter,,,,,,,,,,,,,,Put 1 of your Future Pokemon into your hand. Discard all attached cards.,Trainer card: Supporter (future_scoop)
TRNR-10472,Professor Turo's Scenario,Temporal Forces,049/198,Trainer,,,,,Supporter,,,,,,,,,,,,,,Put 1 of your Future Pokemon into your hand. Discard all attached cards.,Trainer card: Supporter (future_scoop)
TRNR-10473,Professor Turo's Scenario,Pokemon 151,101/198,Trainer,,,,,Supporter,,,,,,,,,,,,,,Put 1 of your Future Pokemon into your hand. Discard all attached cards.,Trainer card: Supporter (future_scoop)
TRNR-10474,Professor Turo's Scenario,Temporal Forces,118/198,Trainer,,,,,Supporter,,,,,,,,,,,,,,Put 1 of your Future Pokemon into your hand. Discard all attached cards.,Trainer card: Supporter (future_scoop)
TRNR-10475,Professor Turo's Scenario,Temporal Forces,184/198,Trainer,,,,,Supporter,,,,,,,,,,,,,,Put 1 of your Future Pokemon into your hand. Discard all attached cards.,Trainer card: Supporter (future_scoop)
TRNR-10476,Professor Turo's Scenario,Surging Sparks,028/198,Trainer,,,,,Supporter,,,,,,,,,,,,,,Put 1 of your Future Pokemon into your hand. Discard all attached cards.,Trainer card: Supporter (future_scoop)
TRNR-10477,Briar,Darkness Ablaze,012/198,Trainer,,,,,Supporter,,,,,,,,,,,,,,"If opponent has 2 prize cards left, taking KO with Tera Pokemon takes 1 more prize.",Trainer card: Supporter (prize_modifier)
TRNR-10478,Briar,Astral Radiance,173/198,Trainer,,,,,Supporter,,,,,,,,,,,,,,"If opponent has 2 prize cards left, taking KO with Tera Pokemon takes 1 more prize.",Trainer card: Supporter (prize_modifier)
TRNR-10479,Briar,Fusion Strike,032/198,Trainer,,,,,Supporter,,,,,,,,,,,,,,"If opponent has 2 prize cards left, taking KO with Tera Pokemon takes 1 more prize.",Trainer card: Supporter (prize_modifier)
TRNR-10480,Briar,Vivid Voltage,118/198,Trainer,,,,,Supporter,,,,,,,,,,,,,,"If opponent has 2 prize cards left, taking KO with Tera Pokemon takes 1 more prize.",Trainer card: Supporter (prize_modifier)
TRNR-10481,Briar,Lost Origin,151/198,Trainer,,,,,Supporter,,,,,,,,,,,,,,"If opponent has 2 prize cards left, taking KO with Tera Pokemon takes 1 more prize.",Trainer card: Supporter (prize_modifier)
TRNR-10482,Briar,Chilling Reign,035/198,Trainer,,,,,Supporter,,,,,,,,,,,,,,"If opponent has 2 prize cards left, taking KO with Tera Pokemon takes 1 more prize.",Trainer card: Supporter (prize_modifier)
TRNR-10483,Briar,Battle Styles,002/198,Trainer,,,,,Supporter,,,,,,,,,,,,,,"If opponent has 2 prize cards left, taking KO with Tera Pokemon takes 1 more prize.",Trainer card: Supporter (prize_modifier)
TRNR-10484,Briar,Chilling Reign,189/198,Trainer,,,,,Supporter,,,,,,,,,,,,,,"If opponent has 2 prize cards left, taking KO with Tera Pokemon takes 1 more prize.",Trainer card: Supporter (prize_modifier)
TRNR-10485,Briar,Paldea Evolved,142/198,Trainer,,,,,Supporter,,,,,,,,,,,,,,"If opponent has 2 prize cards left, taking KO with Tera Pokemon takes 1 more prize.",Trainer card: Supporter (prize_modifier)
TRNR-10486,Briar,Darkness Ablaze,150/198,Trainer,,,,,Supporter,,,,,,,,,,,,,,"If opponent has 2 prize cards left, taking KO with Tera Pokemon takes 1 more prize.",Trainer card: Supporter (prize_modifier)
TRNR-10487,Briar,Battle Styles,131/198,Trainer,,,,,Supporter,,,,,,,,,,,,,,"If opponent has 2 prize cards left, taking KO with Tera Pokemon takes 1 more prize.",Trainer card: Supporter (prize_modifier)
TRNR-10488,Briar,Paldean Fates,178/198,Trainer,,,,,Supporter,,,,,,,,,,,,,,"If opponent has 2 prize cards left, taking KO with Tera Pokemon takes 1 more prize.",Trainer card: Supporter (prize_modifier)
TRNR-10489,Crispin,Paldean Fates,188/198,Trainer,,,,,Supporter,,,,,,,,,,,,,,"Search deck for 2 different basic Energy cards, attach 1 to Pokemon, put 1 in hand.",Trainer card: Supporter (energy_search_accel)
TRNR-10490,Crispin,Paradox Rift,027/198,Trainer,,,,,Supporter,,,,,,,,,,,,,,"Search deck for 2 different basic Energy cards, attach 1 to Pokemon, put 1 in hand.",Trainer card: Supporter (energy_search_accel)
TRNR-10491,Crispin,Rebel Clash,169/198,Trainer,,,,,Supporter,,,,,,,,,,,,,,"Search deck for 2 different basic Energy cards, attach 1 to Pokemon, put 1 in hand.",Trainer card: Supporter (energy_search_accel)
TRNR-10492,Crispin,Brilliant Stars,156/198,Trainer,,,,,Supporter,,,,,,,,,,,,,,"Search deck for 2 different basic Energy cards, attach 1 to Pokemon, put 1 in hand.",Trainer card: Supporter (energy_search_accel)
TRNR-10493,Crispin,Surging Sparks,130/198,Trainer,,,,,Supporter,,,,,,,,,,,,,,"Search deck for 2 different basic Energy cards, attach 1 to Pokemon, put 1 in hand.",Trainer card: Supporter (energy_search_accel)
TRNR-10494,Crispin,Rebel Clash,108/198,Trainer,,,,,Supporter,,,,,,,,,,,,,,"Search deck for 2 different basic Energy cards, attach 1 to Pokemon, put 1 in hand.",Trainer card: Supporter (energy_search_accel)
TRNR-10495,Crispin,Brilliant Stars,178/198,Trainer,,,,,Supporter,,,,,,,,,,,,,,"Search deck for 2 different basic Energy cards, attach 1 to Pokemon, put 1 in hand.",Trainer card: Supporter (energy_search_accel)
TRNR-10496,Crispin,Twilight Masquerade,071/198,Trainer,,,,,Supporter,,,,,,,,,,,,,,"Search deck for 2 different basic Energy cards, attach 1 to Pokemon, put 1 in hand.",Trainer card: Supporter (energy_search_accel)
TRNR-10497,Crispin,Rebel Clash,088/198,Trainer,,,,,Supporter,,,,,,,,,,,,,,"Search deck for 2 different basic Energy cards, attach 1 to Pokemon, put 1 in hand.",Trainer card: Supporter (energy_search_accel)
TRNR-10498,Crispin,Stellar Crown,116/198,Trainer,,,,,Supporter,,,,,,,,,,,,,,"Search deck for 2 different basic Energy cards, attach 1 to Pokemon, put 1 in hand.",Trainer card: Supporter (energy_search_accel)
TRNR-10499,Ultra Ball,Paradox Rift,036/198,Trainer,,,,,Item,,,,,,,,,,,,,,Discard 2 cards from your hand. Search your deck for any Pokemon and put it into hand.,Trainer card: Item (search_pokemon)
TRNR-10500,Ultra Ball,Darkness Ablaze,155/198,Trainer,,,,,Item,,,,,,,,,,,,,,Discard 2 cards from your hand. Search your deck for any Pokemon and put it into hand.,Trainer card: Item (search_pokemon)
TRNR-10501,Ultra Ball,Silver Tempest,192/198,Trainer,,,,,Item,,,,,,,,,,,,,,Discard 2 cards from your hand. Search your deck for any Pokemon and put it into hand.,Trainer card: Item (search_pokemon)
TRNR-10502,Ultra Ball,Chilling Reign,077/198,Trainer,,,,,Item,,,,,,,,,,,,,,Discard 2 cards from your hand. Search your deck for any Pokemon and put it into hand.,Trainer card: Item (search_pokemon)
TRNR-10503,Ultra Ball,Silver Tempest,141/198,Trainer,,,,,Item,,,,,,,,,,,,,,Discard 2 cards from your hand. Search your deck for any Pokemon and put it into hand.,Trainer card: Item (search_pokemon)
TRNR-10504,Ultra Ball,Surging Sparks,183/198,Trainer,,,,,Item,,,,,,,,,,,,,,Discard 2 cards from your hand. Search your deck for any Pokemon and put it into hand.,Trainer card: Item (search_pokemon)
TRNR-10505,Ultra Ball,Crown Zenith,142/198,Trainer,,,,,Item,,,,,,,,,,,,,,Discard 2 cards from your hand. Search your deck for any Pokemon and put it into hand.,Trainer card: Item (search_pokemon)
TRNR-10506,Ultra Ball,Astral Radiance,056/198,Trainer,,,,,Item,,,,,,,,,,,,,,Discard 2 cards from your hand. Search your deck for any Pokemon and put it into hand.,Trainer card: Item (search_pokemon)
TRNR-10507,Ultra Ball,Temporal Forces,054/198,Trainer,,,,,Item,,,,,,,,,,,,,,Discard 2 cards from your hand. Search your deck for any Pokemon and put it into hand.,Trainer card: Item (search_pokemon)
TRNR-10508,Ultra Ball,Brilliant Stars,183/198,Trainer,,,,,Item,,,,,,,,,,,,,,Discard 2 cards from your hand. Search your deck for any Pokemon and put it into hand.,Trainer card: Item (search_pokemon)
TRNR-10509,Ultra Ball,Stellar Crown,176/198,Trainer,,,,,Item,,,,,,,,,,,,,,Discard 2 cards from your hand. Search your deck for any Pokemon and put it into hand.,Trainer card: Item (search_pokemon)
TRNR-10510,Ultra Ball,Sword & Shield Base,173/198,Trainer,,,,,Item,,,,,,,,,,,,,,Discard 2 cards from your hand. Search your deck for any Pokemon and put it into hand.,Trainer card: Item (search_pokemon)
TRNR-10511,Nest Ball,Silver Tempest,167/198,Trainer,,,,,Item,,,,,,,,,,,,,,Search your deck for a Basic Pokemon and put it onto your Bench.,Trainer card: Item (search_basic_bench)
TRNR-10512,Nest Ball,Paldean Fates,129/198,Trainer,,,,,Item,,,,,,,,,,,,,,Search your deck for a Basic Pokemon and put it onto your Bench.,Trainer card: Item (search_basic_bench)
TRNR-10513,Nest Ball,Evolving Skies,178/198,Trainer,,,,,Item,,,,,,,,,,,,,,Search your deck for a Basic Pokemon and put it onto your Bench.,Trainer card: Item (search_basic_bench)
TRNR-10514,Nest Ball,Astral Radiance,083/198,Trainer,,,,,Item,,,,,,,,,,,,,,Search your deck for a Basic Pokemon and put it onto your Bench.,Trainer card: Item (search_basic_bench)
TRNR-10515,Nest Ball,Silver Tempest,030/198,Trainer,,,,,Item,,,,,,,,,,,,,,Search your deck for a Basic Pokemon and put it onto your Bench.,Trainer card: Item (search_basic_bench)
TRNR-10516,Nest Ball,Sword & Shield Base,144/198,Trainer,,,,,Item,,,,,,,,,,,,,,Search your deck for a Basic Pokemon and put it onto your Bench.,Trainer card: Item (search_basic_bench)
TRNR-10517,Nest Ball,Battle Styles,150/198,Trainer,,,,,Item,,,,,,,,,,,,,,Search your deck for a Basic Pokemon and put it onto your Bench.,Trainer card: Item (search_basic_bench)
TRNR-10518,Battle VIP Pass,Lost Origin,182/198,Trainer,,,,,Item,,,,,,,,,,,,,,Can only be played on your first turn. Search deck for up to 2 Basic Pokemon to bench.,Trainer card: Item (setup_basics)
TRNR-10519,Battle VIP Pass,Darkness Ablaze,173/198,Trainer,,,,,Item,,,,,,,,,,,,,,Can only be played on your first turn. Search deck for up to 2 Basic Pokemon to bench.,Trainer card: Item (setup_basics)
TRNR-10520,Battle VIP Pass,Crown Zenith,137/198,Trainer,,,,,Item,,,,,,,,,,,,,,Can only be played on your first turn. Search deck for up to 2 Basic Pokemon to bench.,Trainer card: Item (setup_basics)
TRNR-10521,Battle VIP Pass,Stellar Crown,109/198,Trainer,,,,,Item,,,,,,,,,,,,,,Can only be played on your first turn. Search deck for up to 2 Basic Pokemon to bench.,Trainer card: Item (setup_basics)
TRNR-10522,Battle VIP Pass,Scarlet & Violet Base,134/198,Trainer,,,,,Item,,,,,,,,,,,,,,Can only be played on your first turn. Search deck for up to 2 Basic Pokemon to bench.,Trainer card: Item (setup_basics)
TRNR-10523,Battle VIP Pass,Pokemon 151,007/198,Trainer,,,,,Item,,,,,,,,,,,,,,Can only be played on your first turn. Search deck for up to 2 Basic Pokemon to bench.,Trainer card: Item (setup_basics)
TRNR-10524,Battle VIP Pass,Rebel Clash,038/198,Trainer,,,,,Item,,,,,,,,,,,,,,Can only be played on your first turn. Search deck for up to 2 Basic Pokemon to bench.,Trainer card: Item (setup_basics)
TRNR-10525,Battle VIP Pass,Paldea Evolved,172/198,Trainer,,,,,Item,,,,,,,,,,,,,,Can only be played on your first turn. Search deck for up to 2 Basic Pokemon to bench.,Trainer card: Item (setup_basics)
TRNR-10526,Battle VIP Pass,Paldea Evolved,052/198,Trainer,,,,,Item,,,,,,,,,,,,,,Can only be played on your first turn. Search deck for up to 2 Basic Pokemon to bench.,Trainer card: Item (setup_basics)
TRNR-10527,Battle VIP Pass,Shrouded Fable,193/198,Trainer,,,,,Item,,,,,,,,,,,,,,Can only be played on your first turn. Search deck for up to 2 Basic Pokemon to bench.,Trainer card: Item (setup_basics)
TRNR-10528,Buddy-Buddy Poffin,Paldean Fates,074/198,Trainer,,,,,Item,,,,,,,,,,,,,,Search your deck for up to 2 Basic Pokemon with 70 HP or less and bench them.,Trainer card: Item (setup_small_basics)
TRNR-10529,Buddy-Buddy Poffin,Lost Origin,065/198,Trainer,,,,,Item,,,,,,,,,,,,,,Search your deck for up to 2 Basic Pokemon with 70 HP or less and bench them.,Trainer card: Item (setup_small_basics)
TRNR-10530,Buddy-Buddy Poffin,Paradox Rift,016/198,Trainer,,,,,Item,,,,,,,,,,,,,,Search your deck for up to 2 Basic Pokemon with 70 HP or less and bench them.,Trainer card: Item (setup_small_basics)
TRNR-10531,Buddy-Buddy Poffin,Silver Tempest,076/198,Trainer,,,,,Item,,,,,,,,,,,,,,Search your deck for up to 2 Basic Pokemon with 70 HP or less and bench them.,Trainer card: Item (setup_small_basics)
TRNR-10532,Buddy-Buddy Poffin,Temporal Forces,193/198,Trainer,,,,,Item,,,,,,,,,,,,,,Search your deck for up to 2 Basic Pokemon with 70 HP or less and bench them.,Trainer card: Item (setup_small_basics)
TRNR-10533,Buddy-Buddy Poffin,Evolving Skies,009/198,Trainer,,,,,Item,,,,,,,,,,,,,,Search your deck for up to 2 Basic Pokemon with 70 HP or less and bench them.,Trainer card: Item (setup_small_basics)
TRNR-10534,Buddy-Buddy Poffin,Sword & Shield Base,116/198,Trainer,,,,,Item,,,,,,,,,,,,,,Search your deck for up to 2 Basic Pokemon with 70 HP or less and bench them.,Trainer card: Item (setup_small_basics)
TRNR-10535,Buddy-Buddy Poffin,Pokemon 151,158/198,Trainer,,,,,Item,,,,,,,,,,,,,,Search your deck for up to 2 Basic Pokemon with 70 HP or less and bench them.,Trainer card: Item (setup_small_basics)
TRNR-10536,Buddy-Buddy Poffin,Lost Origin,190/198,Trainer,,,,,Item,,,,,,,,,,,,,,Search your deck for up to 2 Basic Pokemon with 70 HP or less and bench them.,Trainer card: Item (setup_small_basics)
TRNR-10537,Buddy-Buddy Poffin,Evolving Skies,058/198,Trainer,,,,,Item,,,,,,,,,,,,,,Search your deck for up to 2 Basic Pokemon with 70 HP or less and bench them.,Trainer card: Item (setup_small_basics)
TRNR-10538,Buddy-Buddy Poffin,Crown Zenith,166/198,Trainer,,,,,Item,,,,,,,,,,,,,,Search your deck for up to 2 Basic Pokemon with 70 HP or less and bench them.,Trainer card: Item (setup_small_basics)
TRNR-10539,Buddy-Buddy Poffin,Evolving Skies,100/198,Trainer,,,,,Item,,,,,,,,,,,,,,Search your deck for up to 2 Basic Pokemon with 70 HP or less and bench them.,Trainer card: Item (setup_small_basics)
TRNR-10540,Rare Candy,Chilling Reign,179/198,Trainer,,,,,Item,,,,,,,,,,,,,,Evolve 1 of your Basic Pokemon in play into a Stage 2 Pokemon from your hand.,Trainer card: Item (fast_evolution)
TRNR-10541,Rare Candy,Stellar Crown,178/198,Trainer,,,,,Item,,,,,,,,,,,,,,Evolve 1 of your Basic Pokemon in play into a Stage 2 Pokemon from your hand.,Trainer card: Item (fast_evolution)
TRNR-10542,Rare Candy,Lost Origin,013/198,Trainer,,,,,Item,,,,,,,,,,,,,,Evolve 1 of your Basic Pokemon in play into a Stage 2 Pokemon from your hand.,Trainer card: Item (fast_evolution)
TRNR-10543,Rare Candy,Rebel Clash,100/198,Trainer,,,,,Item,,,,,,,,,,,,,,Evolve 1 of your Basic Pokemon in play into a Stage 2 Pokemon from your hand.,Trainer card: Item (fast_evolution)
TRNR-10544,Rare Candy,Darkness Ablaze,176/198,Trainer,,,,,Item,,,,,,,,,,,,,,Evolve 1 of your Basic Pokemon in play into a Stage 2 Pokemon from your hand.,Trainer card: Item (fast_evolution)
TRNR-10545,Rare Candy,Surging Sparks,142/198,Trainer,,,,,Item,,,,,,,,,,,,,,Evolve 1 of your Basic Pokemon in play into a Stage 2 Pokemon from your hand.,Trainer card: Item (fast_evolution)
TRNR-10546,Rare Candy,Paldea Evolved,004/198,Trainer,,,,,Item,,,,,,,,,,,,,,Evolve 1 of your Basic Pokemon in play into a Stage 2 Pokemon from your hand.,Trainer card: Item (fast_evolution)
TRNR-10547,Super Rod,Shrouded Fable,052/198,Trainer,,,,,Item,,,,,,,,,,,,,,Shuffle up to 3 in any combination of Pokemon and Basic Energy from discard into deck.,Trainer card: Item (recycling)
TRNR-10548,Super Rod,Brilliant Stars,114/198,Trainer,,,,,Item,,,,,,,,,,,,,,Shuffle up to 3 in any combination of Pokemon and Basic Energy from discard into deck.,Trainer card: Item (recycling)
TRNR-10549,Super Rod,Twilight Masquerade,163/198,Trainer,,,,,Item,,,,,,,,,,,,,,Shuffle up to 3 in any combination of Pokemon and Basic Energy from discard into deck.,Trainer card: Item (recycling)
TRNR-10550,Super Rod,Silver Tempest,182/198,Trainer,,,,,Item,,,,,,,,,,,,,,Shuffle up to 3 in any combination of Pokemon and Basic Energy from discard into deck.,Trainer card: Item (recycling)
TRNR-10551,Super Rod,Astral Radiance,095/198,Trainer,,,,,Item,,,,,,,,,,,,,,Shuffle up to 3 in any combination of Pokemon and Basic Energy from discard into deck.,Trainer card: Item (recycling)
TRNR-10552,Super Rod,Fusion Strike,140/198,Trainer,,,,,Item,,,,,,,,,,,,,,Shuffle up to 3 in any combination of Pokemon and Basic Energy from discard into deck.,Trainer card: Item (recycling)
TRNR-10553,Super Rod,Crown Zenith,155/198,Trainer,,,,,Item,,,,,,,,,,,,,,Shuffle up to 3 in any combination of Pokemon and Basic Energy from discard into deck.,Trainer card: Item (recycling)
TRNR-10554,Super Rod,Temporal Forces,186/198,Trainer,,,,,Item,,,,,,,,,,,,,,Shuffle up to 3 in any combination of Pokemon and Basic Energy from discard into deck.,Trainer card: Item (recycling)
TRNR-10555,Super Rod,Temporal Forces,076/198,Trainer,,,,,Item,,,,,,,,,,,,,,Shuffle up to 3 in any combination of Pokemon and Basic Energy from discard into deck.,Trainer card: Item (recycling)
TRNR-10556,Super Rod,Vivid Voltage,046/198,Trainer,,,,,Item,,,,,,,,,,,,,,Shuffle up to 3 in any combination of Pokemon and Basic Energy from discard into deck.,Trainer card: Item (recycling)
TRNR-10557,Super Rod,Lost Origin,020/198,Trainer,,,,,Item,,,,,,,,,,,,,,Shuffle up to 3 in any combination of Pokemon and Basic Energy from discard into deck.,Trainer card: Item (recycling)
TRNR-10558,Night Stretcher,Paldean Fates,189/198,Trainer,,,,,Item,,,,,,,,,,,,,,Put a Pokemon or a Basic Energy card from your discard pile into your hand.,Trainer card: Item (recovery_hand)
TRNR-10559,Night Stretcher,Chilling Reign,031/198,Trainer,,,,,Item,,,,,,,,,,,,,,Put a Pokemon or a Basic Energy card from your discard pile into your hand.,Trainer card: Item (recovery_hand)
TRNR-10560,Night Stretcher,Rebel Clash,011/198,Trainer,,,,,Item,,,,,,,,,,,,,,Put a Pokemon or a Basic Energy card from your discard pile into your hand.,Trainer card: Item (recovery_hand)
TRNR-10561,Night Stretcher,Darkness Ablaze,072/198,Trainer,,,,,Item,,,,,,,,,,,,,,Put a Pokemon or a Basic Energy card from your discard pile into your hand.,Trainer card: Item (recovery_hand)
TRNR-10562,Night Stretcher,Evolving Skies,068/198,Trainer,,,,,Item,,,,,,,,,,,,,,Put a Pokemon or a Basic Energy card from your discard pile into your hand.,Trainer card: Item (recovery_hand)
TRNR-10563,Night Stretcher,Paradox Rift,042/198,Trainer,,,,,Item,,,,,,,,,,,,,,Put a Pokemon or a Basic Energy card from your discard pile into your hand.,Trainer card: Item (recovery_hand)
TRNR-10564,Night Stretcher,Fusion Strike,066/198,Trainer,,,,,Item,,,,,,,,,,,,,,Put a Pokemon or a Basic Energy card from your discard pile into your hand.,Trainer card: Item (recovery_hand)
TRNR-10565,Switch,Surging Sparks,120/198,Trainer,,,,,Item,,,,,,,,,,,,,,Switch your Active Pokemon with 1 of your Benched Pokemon.,Trainer card: Item (switch_active)
TRNR-10566,Switch,Silver Tempest,040/198,Trainer,,,,,Item,,,,,,,,,,,,,,Switch your Active Pokemon with 1 of your Benched Pokemon.,Trainer card: Item (switch_active)
TRNR-10567,Switch,Paldea Evolved,040/198,Trainer,,,,,Item,,,,,,,,,,,,,,Switch your Active Pokemon with 1 of your Benched Pokemon.,Trainer card: Item (switch_active)
TRNR-10568,Switch,Surging Sparks,153/198,Trainer,,,,,Item,,,,,,,,,,,,,,Switch your Active Pokemon with 1 of your Benched Pokemon.,Trainer card: Item (switch_active)
TRNR-10569,Switch,Paldea Evolved,161/198,Trainer,,,,,Item,,,,,,,,,,,,,,Switch your Active Pokemon with 1 of your Benched Pokemon.,Trainer card: Item (switch_active)
TRNR-10570,Switch,Brilliant Stars,170/198,Trainer,,,,,Item,,,,,,,,,,,,,,Switch your Active Pokemon with 1 of your Benched Pokemon.,Trainer card: Item (switch_active)
TRNR-10571,Escape Rope,Battle Styles,147/198,Trainer,,,,,Item,,,,,,,,,,,,,,Each player switches their Active Pokemon with 1 of their Benched Pokemon.,Trainer card: Item (mutual_switch)
TRNR-10572,Escape Rope,Evolving Skies,092/198,Trainer,,,,,Item,,,,,,,,,,,,,,Each player switches their Active Pokemon with 1 of their Benched Pokemon.,Trainer card: Item (mutual_switch)
TRNR-10573,Escape Rope,Obsidian Flames,182/198,Trainer,,,,,Item,,,,,,,,,,,,,,Each player switches their Active Pokemon with 1 of their Benched Pokemon.,Trainer card: Item (mutual_switch)
TRNR-10574,Escape Rope,Surging Sparks,135/198,Trainer,,,,,Item,,,,,,,,,,,,,,Each player switches their Active Pokemon with 1 of their Benched Pokemon.,Trainer card: Item (mutual_switch)
TRNR-10575,Escape Rope,Twilight Masquerade,048/198,Trainer,,,,,Item,,,,,,,,,,,,,,Each player switches their Active Pokemon with 1 of their Benched Pokemon.,Trainer card: Item (mutual_switch)
TRNR-10576,Escape Rope,Chilling Reign,018/198,Trainer,,,,,Item,,,,,,,,,,,,,,Each player switches their Active Pokemon with 1 of their Benched Pokemon.,Trainer card: Item (mutual_switch)
TRNR-10577,Escape Rope,Chilling Reign,041/198,Trainer,,,,,Item,,,,,,,,,,,,,,Each player switches their Active Pokemon with 1 of their Benched Pokemon.,Trainer card: Item (mutual_switch)
TRNR-10578,Escape Rope,Darkness Ablaze,140/198,Trainer,,,,,Item,,,,,,,,,,,,,,Each player switches their Active Pokemon with 1 of their Benched Pokemon.,Trainer card: Item (mutual_switch)
TRNR-10579,Energy Retrieval,Rebel Clash,024/198,Trainer,,,,,Item,,,,,,,,,,,,,,Put up to 2 Basic Energy cards from your discard pile into your hand.,Trainer card: Item (energy_recovery)
TRNR-10580,Energy Retrieval,Sword & Shield Base,057/198,Trainer,,,,,Item,,,,,,,,,,,,,,Put up to 2 Basic Energy cards from your discard pile into your hand.,Trainer card: Item (energy_recovery)
TRNR-10581,Energy Retrieval,Temporal Forces,170/198,Trainer,,,,,Item,,,,,,,,,,,,,,Put up to 2 Basic Energy cards from your discard pile into your hand.,Trainer card: Item (energy_recovery)
TRNR-10582,Energy Retrieval,Surging Sparks,085/198,Trainer,,,,,Item,,,,,,,,,,,,,,Put up to 2 Basic Energy cards from your discard pile into your hand.,Trainer card: Item (energy_recovery)
TRNR-10583,Energy Retrieval,Sword & Shield Base,076/198,Trainer,,,,,Item,,,,,,,,,,,,,,Put up to 2 Basic Energy cards from your discard pile into your hand.,Trainer card: Item (energy_recovery)
TRNR-10584,Energy Retrieval,Temporal Forces,193/198,Trainer,,,,,Item,,,,,,,,,,,,,,Put up to 2 Basic Energy cards from your discard pile into your hand.,Trainer card: Item (energy_recovery)
TRNR-10585,Energy Retrieval,Brilliant Stars,136/198,Trainer,,,,,Item,,,,,,,,,,,,,,Put up to 2 Basic Energy cards from your discard pile into your hand.,Trainer card: Item (energy_recovery)
TRNR-10586,Energy Retrieval,Battle Styles,144/198,Trainer,,,,,Item,,,,,,,,,,,,,,Put up to 2 Basic Energy cards from your discard pile into your hand.,Trainer card: Item (energy_recovery)
TRNR-10587,Energy Retrieval,Astral Radiance,003/198,Trainer,,,,,Item,,,,,,,,,,,,,,Put up to 2 Basic Energy cards from your discard pile into your hand.,Trainer card: Item (energy_recovery)
TRNR-10588,Energy Retrieval,Pokemon 151,172/198,Trainer,,,,,Item,,,,,,,,,,,,,,Put up to 2 Basic Energy cards from your discard pile into your hand.,Trainer card: Item (energy_recovery)
TRNR-10589,Superior Energy Retrieval,Vivid Voltage,062/198,Trainer,,,,,Item,,,,,,,,,,,,,,Discard 2 cards from hand. Put up to 4 Basic Energy cards from discard into hand.,Trainer card: Item (mass_energy_recovery)
TRNR-10590,Superior Energy Retrieval,Astral Radiance,158/198,Trainer,,,,,Item,,,,,,,,,,,,,,Discard 2 cards from hand. Put up to 4 Basic Energy cards from discard into hand.,Trainer card: Item (mass_energy_recovery)
TRNR-10591,Superior Energy Retrieval,Brilliant Stars,063/198,Trainer,,,,,Item,,,,,,,,,,,,,,Discard 2 cards from hand. Put up to 4 Basic Energy cards from discard into hand.,Trainer card: Item (mass_energy_recovery)
TRNR-10592,Superior Energy Retrieval,Paldea Evolved,175/198,Trainer,,,,,Item,,,,,,,,,,,,,,Discard 2 cards from hand. Put up to 4 Basic Energy cards from discard into hand.,Trainer card: Item (mass_energy_recovery)
TRNR-10593,Superior Energy Retrieval,Surging Sparks,098/198,Trainer,,,,,Item,,,,,,,,,,,,,,Discard 2 cards from hand. Put up to 4 Basic Energy cards from discard into hand.,Trainer card: Item (mass_energy_recovery)
TRNR-10594,Superior Energy Retrieval,Pokemon 151,099/198,Trainer,,,,,Item,,,,,,,,,,,,,,Discard 2 cards from hand. Put up to 4 Basic Energy cards from discard into hand.,Trainer card: Item (mass_energy_recovery)
TRNR-10595,Superior Energy Retrieval,Shrouded Fable,139/198,Trainer,,,,,Item,,,,,,,,,,,,,,Discard 2 cards from hand. Put up to 4 Basic Energy cards from discard into hand.,Trainer card: Item (mass_energy_recovery)
TRNR-10596,Superior Energy Retrieval,Crown Zenith,073/198,Trainer,,,,,Item,,,,,,,,,,,,,,Discard 2 cards from hand. Put up to 4 Basic Energy cards from discard into hand.,Trainer card: Item (mass_energy_recovery)
TRNR-10597,Earthen Vessel,Chilling Reign,198/198,Trainer,,,,,Item,,,,,,,,,,,,,,Discard 1 card from hand. Search deck for up to 2 Basic Energy cards into hand.,Trainer card: Item (energy_search)
TRNR-10598,Earthen Vessel,Sword & Shield Base,132/198,Trainer,,,,,Item,,,,,,,,,,,,,,Discard 1 card from hand. Search deck for up to 2 Basic Energy cards into hand.,Trainer card: Item (energy_search)
TRNR-10599,Earthen Vessel,Chilling Reign,115/198,Trainer,,,,,Item,,,,,,,,,,,,,,Discard 1 card from hand. Search deck for up to 2 Basic Energy cards into hand.,Trainer card: Item (energy_search)
TRNR-10600,Earthen Vessel,Battle Styles,012/198,Trainer,,,,,Item,,,,,,,,,,,,,,Discard 1 card from hand. Search deck for up to 2 Basic Energy cards into hand.,Trainer card: Item (energy_search)
TRNR-10601,Earthen Vessel,Stellar Crown,167/198,Trainer,,,,,Item,,,,,,,,,,,,,,Discard 1 card from hand. Search deck for up to 2 Basic Energy cards into hand.,Trainer card: Item (energy_search)
TRNR-10602,Earthen Vessel,Temporal Forces,083/198,Trainer,,,,,Item,,,,,,,,,,,,,,Discard 1 card from hand. Search deck for up to 2 Basic Energy cards into hand.,Trainer card: Item (energy_search)
TRNR-10603,Dark Patch,Obsidian Flames,025/198,Trainer,,,,,Item,,,,,,,,,,,,,,Attach a Darkness Energy from discard to 1 of your Benched Darkness Pokemon.,Trainer card: Item (energy_accel)
TRNR-10604,Dark Patch,Paldean Fates,198/198,Trainer,,,,,Item,,,,,,,,,,,,,,Attach a Darkness Energy from discard to 1 of your Benched Darkness Pokemon.,Trainer card: Item (energy_accel)
TRNR-10605,Dark Patch,Evolving Skies,137/198,Trainer,,,,,Item,,,,,,,,,,,,,,Attach a Darkness Energy from discard to 1 of your Benched Darkness Pokemon.,Trainer card: Item (energy_accel)
TRNR-10606,Dark Patch,Scarlet & Violet Base,161/198,Trainer,,,,,Item,,,,,,,,,,,,,,Attach a Darkness Energy from discard to 1 of your Benched Darkness Pokemon.,Trainer card: Item (energy_accel)
TRNR-10607,Dark Patch,Obsidian Flames,054/198,Trainer,,,,,Item,,,,,,,,,,,,,,Attach a Darkness Energy from discard to 1 of your Benched Darkness Pokemon.,Trainer card: Item (energy_accel)
TRNR-10608,Dark Patch,Lost Origin,162/198,Trainer,,,,,Item,,,,,,,,,,,,,,Attach a Darkness Energy from discard to 1 of your Benched Darkness Pokemon.,Trainer card: Item (energy_accel)
TRNR-10609,Dark Patch,Temporal Forces,176/198,Trainer,,,,,Item,,,,,,,,,,,,,,Attach a Darkness Energy from discard to 1 of your Benched Darkness Pokemon.,Trainer card: Item (energy_accel)
TRNR-10610,Dark Patch,Darkness Ablaze,027/198,Trainer,,,,,Item,,,,,,,,,,,,,,Attach a Darkness Energy from discard to 1 of your Benched Darkness Pokemon.,Trainer card: Item (energy_accel)
TRNR-10611,Dark Patch,Temporal Forces,138/198,Trainer,,,,,Item,,,,,,,,,,,,,,Attach a Darkness Energy from discard to 1 of your Benched Darkness Pokemon.,Trainer card: Item (energy_accel)
TRNR-10612,Dark Patch,Silver Tempest,190/198,Trainer,,,,,Item,,,,,,,,,,,,,,Attach a Darkness Energy from discard to 1 of your Benched Darkness Pokemon.,Trainer card: Item (energy_accel)
TRNR-10613,Mirage Gate,Darkness Ablaze,166/198,Trainer,,,,,Item,,,,,,,,,,,,,,Can only be played if you have 7+ cards in Lost Zone. Search deck for 2 different basic Energy and attach.,Trainer card: Item (lost_zone_accel)
TRNR-10614,Mirage Gate,Obsidian Flames,192/198,Trainer,,,,,Item,,,,,,,,,,,,,,Can only be played if you have 7+ cards in Lost Zone. Search deck for 2 different basic Energy and attach.,Trainer card: Item (lost_zone_accel)
TRNR-10615,Mirage Gate,Lost Origin,040/198,Trainer,,,,,Item,,,,,,,,,,,,,,Can only be played if you have 7+ cards in Lost Zone. Search deck for 2 different basic Energy and attach.,Trainer card: Item (lost_zone_accel)
TRNR-10616,Mirage Gate,Scarlet & Violet Base,118/198,Trainer,,,,,Item,,,,,,,,,,,,,,Can only be played if you have 7+ cards in Lost Zone. Search deck for 2 different basic Energy and attach.,Trainer card: Item (lost_zone_accel)
TRNR-10617,Mirage Gate,Silver Tempest,085/198,Trainer,,,,,Item,,,,,,,,,,,,,,Can only be played if you have 7+ cards in Lost Zone. Search deck for 2 different basic Energy and attach.,Trainer card: Item (lost_zone_accel)
TRNR-10618,Mirage Gate,Paldea Evolved,023/198,Trainer,,,,,Item,,,,,,,,,,,,,,Can only be played if you have 7+ cards in Lost Zone. Search deck for 2 different basic Energy and attach.,Trainer card: Item (lost_zone_accel)
TRNR-10619,Mirage Gate,Obsidian Flames,014/198,Trainer,,,,,Item,,,,,,,,,,,,,,Can only be played if you have 7+ cards in Lost Zone. Search deck for 2 different basic Energy and attach.,Trainer card: Item (lost_zone_accel)
TRNR-10620,Mirage Gate,Paldean Fates,065/198,Trainer,,,,,Item,,,,,,,,,,,,,,Can only be played if you have 7+ cards in Lost Zone. Search deck for 2 different basic Energy and attach.,Trainer card: Item (lost_zone_accel)
TRNR-10621,Mirage Gate,Evolving Skies,019/198,Trainer,,,,,Item,,,,,,,,,,,,,,Can only be played if you have 7+ cards in Lost Zone. Search deck for 2 different basic Energy and attach.,Trainer card: Item (lost_zone_accel)
TRNR-10622,Mirage Gate,Fusion Strike,059/198,Trainer,,,,,Item,,,,,,,,,,,,,,Can only be played if you have 7+ cards in Lost Zone. Search deck for 2 different basic Energy and attach.,Trainer card: Item (lost_zone_accel)
TRNR-10623,Mirage Gate,Shrouded Fable,105/198,Trainer,,,,,Item,,,,,,,,,,,,,,Can only be played if you have 7+ cards in Lost Zone. Search deck for 2 different basic Energy and attach.,Trainer card: Item (lost_zone_accel)
TRNR-10624,Mirage Gate,Rebel Clash,116/198,Trainer,,,,,Item,,,,,,,,,,,,,,Can only be played if you have 7+ cards in Lost Zone. Search deck for 2 different basic Energy and attach.,Trainer card: Item (lost_zone_accel)
TRNR-10625,Counter Catcher,Rebel Clash,111/198,Trainer,,,,,Item,,,,,,,,,,,,,,Can be played only when behind in prizes. Switch 1 opponent Benched Pokemon to Active.,Trainer card: Item (comeback_gust)
TRNR-10626,Counter Catcher,Surging Sparks,005/198,Trainer,,,,,Item,,,,,,,,,,,,,,Can be played only when behind in prizes. Switch 1 opponent Benched Pokemon to Active.,Trainer card: Item (comeback_gust)
TRNR-10627,Counter Catcher,Rebel Clash,173/198,Trainer,,,,,Item,,,,,,,,,,,,,,Can be played only when behind in prizes. Switch 1 opponent Benched Pokemon to Active.,Trainer card: Item (comeback_gust)
TRNR-10628,Counter Catcher,Pokemon 151,137/198,Trainer,,,,,Item,,,,,,,,,,,,,,Can be played only when behind in prizes. Switch 1 opponent Benched Pokemon to Active.,Trainer card: Item (comeback_gust)
TRNR-10629,Counter Catcher,Scarlet & Violet Base,165/198,Trainer,,,,,Item,,,,,,,,,,,,,,Can be played only when behind in prizes. Switch 1 opponent Benched Pokemon to Active.,Trainer card: Item (comeback_gust)
TRNR-10630,Counter Catcher,Crown Zenith,159/198,Trainer,,,,,Item,,,,,,,,,,,,,,Can be played only when behind in prizes. Switch 1 opponent Benched Pokemon to Active.,Trainer card: Item (comeback_gust)
TRNR-10631,Counter Catcher,Obsidian Flames,194/198,Trainer,,,,,Item,,,,,,,,,,,,,,Can be played only when behind in prizes. Switch 1 opponent Benched Pokemon to Active.,Trainer card: Item (comeback_gust)
TRNR-10632,Counter Catcher,Crown Zenith,150/198,Trainer,,,,,Item,,,,,,,,,,,,,,Can be played only when behind in prizes. Switch 1 opponent Benched Pokemon to Active.,Trainer card: Item (comeback_gust)
TRNR-10633,Counter Catcher,Paldea Evolved,180/198,Trainer,,,,,Item,,,,,,,,,,,,,,Can be played only when behind in prizes. Switch 1 opponent Benched Pokemon to Active.,Trainer card: Item (comeback_gust)
TRNR-10634,Counter Catcher,Obsidian Flames,092/198,Trainer,,,,,Item,,,,,,,,,,,,,,Can be played only when behind in prizes. Switch 1 opponent Benched Pokemon to Active.,Trainer card: Item (comeback_gust)
TRNR-10635,Counter Catcher,Chilling Reign,028/198,Trainer,,,,,Item,,,,,,,,,,,,,,Can be played only when behind in prizes. Switch 1 opponent Benched Pokemon to Active.,Trainer card: Item (comeback_gust)
TRNR-10636,Prime Catcher,Lost Origin,078/198,Trainer,,,,,Item,ACE SPEC Rule: You can't have more than 1 ACE SPEC card in your deck.,,,,,,,,,,,,,"ACE SPEC: Switch 1 opponent Benched Pokemon to Active, and switch your Active with Bench.",Trainer card: Item (ace_spec_gust_switch)
TRNR-10637,Prime Catcher,Brilliant Stars,023/198,Trainer,,,,,Item,ACE SPEC Rule: You can't have more than 1 ACE SPEC card in your deck.,,,,,,,,,,,,,"ACE SPEC: Switch 1 opponent Benched Pokemon to Active, and switch your Active with Bench.",Trainer card: Item (ace_spec_gust_switch)
TRNR-10638,Prime Catcher,Stellar Crown,196/198,Trainer,,,,,Item,ACE SPEC Rule: You can't have more than 1 ACE SPEC card in your deck.,,,,,,,,,,,,,"ACE SPEC: Switch 1 opponent Benched Pokemon to Active, and switch your Active with Bench.",Trainer card: Item (ace_spec_gust_switch)
TRNR-10639,Prime Catcher,Vivid Voltage,098/198,Trainer,,,,,Item,ACE SPEC Rule: You can't have more than 1 ACE SPEC card in your deck.,,,,,,,,,,,,,"ACE SPEC: Switch 1 opponent Benched Pokemon to Active, and switch your Active with Bench.",Trainer card: Item (ace_spec_gust_switch)
TRNR-10640,Prime Catcher,Rebel Clash,170/198,Trainer,,,,,Item,ACE SPEC Rule: You can't have more than 1 ACE SPEC card in your deck.,,,,,,,,,,,,,"ACE SPEC: Switch 1 opponent Benched Pokemon to Active, and switch your Active with Bench.",Trainer card: Item (ace_spec_gust_switch)
TRNR-10641,Prime Catcher,Scarlet & Violet Base,122/198,Trainer,,,,,Item,ACE SPEC Rule: You can't have more than 1 ACE SPEC card in your deck.,,,,,,,,,,,,,"ACE SPEC: Switch 1 opponent Benched Pokemon to Active, and switch your Active with Bench.",Trainer card: Item (ace_spec_gust_switch)
TRNR-10642,Prime Catcher,Paldean Fates,137/198,Trainer,,,,,Item,ACE SPEC Rule: You can't have more than 1 ACE SPEC card in your deck.,,,,,,,,,,,,,"ACE SPEC: Switch 1 opponent Benched Pokemon to Active, and switch your Active with Bench.",Trainer card: Item (ace_spec_gust_switch)
TRNR-10643,Prime Catcher,Twilight Masquerade,035/198,Trainer,,,,,Item,ACE SPEC Rule: You can't have more than 1 ACE SPEC card in your deck.,,,,,,,,,,,,,"ACE SPEC: Switch 1 opponent Benched Pokemon to Active, and switch your Active with Bench.",Trainer card: Item (ace_spec_gust_switch)
TRNR-10644,Unfair Stamp,Rebel Clash,140/198,Trainer,,,,,Item,ACE SPEC Rule: You can't have more than 1 ACE SPEC card in your deck.,,,,,,,,,,,,,ACE SPEC: Can be played only after KO. Opponent shuffles hand and draws 2; you draw 5.,Trainer card: Item (ace_spec_disruption)
TRNR-10645,Unfair Stamp,Stellar Crown,163/198,Trainer,,,,,Item,ACE SPEC Rule: You can't have more than 1 ACE SPEC card in your deck.,,,,,,,,,,,,,ACE SPEC: Can be played only after KO. Opponent shuffles hand and draws 2; you draw 5.,Trainer card: Item (ace_spec_disruption)
TRNR-10646,Unfair Stamp,Paradox Rift,077/198,Trainer,,,,,Item,ACE SPEC Rule: You can't have more than 1 ACE SPEC card in your deck.,,,,,,,,,,,,,ACE SPEC: Can be played only after KO. Opponent shuffles hand and draws 2; you draw 5.,Trainer card: Item (ace_spec_disruption)
TRNR-10647,Unfair Stamp,Lost Origin,187/198,Trainer,,,,,Item,ACE SPEC Rule: You can't have more than 1 ACE SPEC card in your deck.,,,,,,,,,,,,,ACE SPEC: Can be played only after KO. Opponent shuffles hand and draws 2; you draw 5.,Trainer card: Item (ace_spec_disruption)
TRNR-10648,Unfair Stamp,Astral Radiance,096/198,Trainer,,,,,Item,ACE SPEC Rule: You can't have more than 1 ACE SPEC card in your deck.,,,,,,,,,,,,,ACE SPEC: Can be played only after KO. Opponent shuffles hand and draws 2; you draw 5.,Trainer card: Item (ace_spec_disruption)
TRNR-10649,Unfair Stamp,Scarlet & Violet Base,142/198,Trainer,,,,,Item,ACE SPEC Rule: You can't have more than 1 ACE SPEC card in your deck.,,,,,,,,,,,,,ACE SPEC: Can be played only after KO. Opponent shuffles hand and draws 2; you draw 5.,Trainer card: Item (ace_spec_disruption)
TRNR-10650,Unfair Stamp,Evolving Skies,037/198,Trainer,,,,,Item,ACE SPEC Rule: You can't have more than 1 ACE SPEC card in your deck.,,,,,,,,,,,,,ACE SPEC: Can be played only after KO. Opponent shuffles hand and draws 2; you draw 5.,Trainer card: Item (ace_spec_disruption)
TRNR-10651,Unfair Stamp,Pokemon 151,011/198,Trainer,,,,,Item,ACE SPEC Rule: You can't have more than 1 ACE SPEC card in your deck.,,,,,,,,,,,,,ACE SPEC: Can be played only after KO. Opponent shuffles hand and draws 2; you draw 5.,Trainer card: Item (ace_spec_disruption)
TRNR-10652,Unfair Stamp,Scarlet & Violet Base,147/198,Trainer,,,,,Item,ACE SPEC Rule: You can't have more than 1 ACE SPEC card in your deck.,,,,,,,,,,,,,ACE SPEC: Can be played only after KO. Opponent shuffles hand and draws 2; you draw 5.,Trainer card: Item (ace_spec_disruption)
TRNR-10653,Unfair Stamp,Brilliant Stars,101/198,Trainer,,,,,Item,ACE SPEC Rule: You can't have more than 1 ACE SPEC card in your deck.,,,,,,,,,,,,,ACE SPEC: Can be played only after KO. Opponent shuffles hand and draws 2; you draw 5.,Trainer card: Item (ace_spec_disruption)
TRNR-10654,Unfair Stamp,Evolving Skies,141/198,Trainer,,,,,Item,ACE SPEC Rule: You can't have more than 1 ACE SPEC card in your deck.,,,,,,,,,,,,,ACE SPEC: Can be played only after KO. Opponent shuffles hand and draws 2; you draw 5.,Trainer card: Item (ace_spec_disruption)
TRNR-10655,Secret Box,Stellar Crown,054/198,Trainer,,,,,Item,ACE SPEC Rule: You can't have more than 1 ACE SPEC card in your deck.,,,,,,,,,,,,,"ACE SPEC: Discard 3 cards from hand. Search deck for 1 Item, 1 Tool, 1 Supporter, 1 Stadium.",Trainer card: Item (ace_spec_search)
TRNR-10656,Secret Box,Crown Zenith,190/198,Trainer,,,,,Item,ACE SPEC Rule: You can't have more than 1 ACE SPEC card in your deck.,,,,,,,,,,,,,"ACE SPEC: Discard 3 cards from hand. Search deck for 1 Item, 1 Tool, 1 Supporter, 1 Stadium.",Trainer card: Item (ace_spec_search)
TRNR-10657,Secret Box,Crown Zenith,089/198,Trainer,,,,,Item,ACE SPEC Rule: You can't have more than 1 ACE SPEC card in your deck.,,,,,,,,,,,,,"ACE SPEC: Discard 3 cards from hand. Search deck for 1 Item, 1 Tool, 1 Supporter, 1 Stadium.",Trainer card: Item (ace_spec_search)
TRNR-10658,Secret Box,Temporal Forces,106/198,Trainer,,,,,Item,ACE SPEC Rule: You can't have more than 1 ACE SPEC card in your deck.,,,,,,,,,,,,,"ACE SPEC: Discard 3 cards from hand. Search deck for 1 Item, 1 Tool, 1 Supporter, 1 Stadium.",Trainer card: Item (ace_spec_search)
TRNR-10659,Secret Box,Astral Radiance,132/198,Trainer,,,,,Item,ACE SPEC Rule: You can't have more than 1 ACE SPEC card in your deck.,,,,,,,,,,,,,"ACE SPEC: Discard 3 cards from hand. Search deck for 1 Item, 1 Tool, 1 Supporter, 1 Stadium.",Trainer card: Item (ace_spec_search)
TRNR-10660,Secret Box,Paradox Rift,042/198,Trainer,,,,,Item,ACE SPEC Rule: You can't have more than 1 ACE SPEC card in your deck.,,,,,,,,,,,,,"ACE SPEC: Discard 3 cards from hand. Search deck for 1 Item, 1 Tool, 1 Supporter, 1 Stadium.",Trainer card: Item (ace_spec_search)
TRNR-10661,Trekking Shoes,Twilight Masquerade,158/198,Trainer,,,,,Item,,,,,,,,,,,,,,Look at top card of deck. Put into hand or discard and draw 1.,Trainer card: Item (cantrip_draw)
TRNR-10662,Trekking Shoes,Shrouded Fable,050/198,Trainer,,,,,Item,,,,,,,,,,,,,,Look at top card of deck. Put into hand or discard and draw 1.,Trainer card: Item (cantrip_draw)
TRNR-10663,Trekking Shoes,Pokemon 151,047/198,Trainer,,,,,Item,,,,,,,,,,,,,,Look at top card of deck. Put into hand or discard and draw 1.,Trainer card: Item (cantrip_draw)
TRNR-10664,Trekking Shoes,Lost Origin,146/198,Trainer,,,,,Item,,,,,,,,,,,,,,Look at top card of deck. Put into hand or discard and draw 1.,Trainer card: Item (cantrip_draw)
TRNR-10665,Trekking Shoes,Paldea Evolved,193/198,Trainer,,,,,Item,,,,,,,,,,,,,,Look at top card of deck. Put into hand or discard and draw 1.,Trainer card: Item (cantrip_draw)
TRNR-10666,Trekking Shoes,Evolving Skies,119/198,Trainer,,,,,Item,,,,,,,,,,,,,,Look at top card of deck. Put into hand or discard and draw 1.,Trainer card: Item (cantrip_draw)
TRNR-10667,Trekking Shoes,Astral Radiance,141/198,Trainer,,,,,Item,,,,,,,,,,,,,,Look at top card of deck. Put into hand or discard and draw 1.,Trainer card: Item (cantrip_draw)
TRNR-10668,Pal Pad,Stellar Crown,172/198,Trainer,,,,,Item,,,,,,,,,,,,,,Shuffle up to 2 Supporter cards from your discard pile into your deck.,Trainer card: Item (supporter_recovery)
TRNR-10669,Pal Pad,Obsidian Flames,065/198,Trainer,,,,,Item,,,,,,,,,,,,,,Shuffle up to 2 Supporter cards from your discard pile into your deck.,Trainer card: Item (supporter_recovery)
TRNR-10670,Pal Pad,Pokemon 151,051/198,Trainer,,,,,Item,,,,,,,,,,,,,,Shuffle up to 2 Supporter cards from your discard pile into your deck.,Trainer card: Item (supporter_recovery)
TRNR-10671,Pal Pad,Crown Zenith,149/198,Trainer,,,,,Item,,,,,,,,,,,,,,Shuffle up to 2 Supporter cards from your discard pile into your deck.,Trainer card: Item (supporter_recovery)
TRNR-10672,Pal Pad,Battle Styles,085/198,Trainer,,,,,Item,,,,,,,,,,,,,,Shuffle up to 2 Supporter cards from your discard pile into your deck.,Trainer card: Item (supporter_recovery)
TRNR-10673,Pal Pad,Sword & Shield Base,033/198,Trainer,,,,,Item,,,,,,,,,,,,,,Shuffle up to 2 Supporter cards from your discard pile into your deck.,Trainer card: Item (supporter_recovery)
TRNR-10674,Hisuian Heavy Ball,Astral Radiance,061/198,Trainer,,,,,Item,,,,,,,,,,,,,,Look at face-down Prize cards. Swap a Basic Pokemon found there with this card.,Trainer card: Item (prize_check_rescue)
TRNR-10675,Hisuian Heavy Ball,Pokemon 151,073/198,Trainer,,,,,Item,,,,,,,,,,,,,,Look at face-down Prize cards. Swap a Basic Pokemon found there with this card.,Trainer card: Item (prize_check_rescue)
TRNR-10676,Hisuian Heavy Ball,Brilliant Stars,018/198,Trainer,,,,,Item,,,,,,,,,,,,,,Look at face-down Prize cards. Swap a Basic Pokemon found there with this card.,Trainer card: Item (prize_check_rescue)
TRNR-10677,Hisuian Heavy Ball,Temporal Forces,082/198,Trainer,,,,,Item,,,,,,,,,,,,,,Look at face-down Prize cards. Swap a Basic Pokemon found there with this card.,Trainer card: Item (prize_check_rescue)
TRNR-10678,Hisuian Heavy Ball,Battle Styles,116/198,Trainer,,,,,Item,,,,,,,,,,,,,,Look at face-down Prize cards. Swap a Basic Pokemon found there with this card.,Trainer card: Item (prize_check_rescue)
TRNR-10679,Hisuian Heavy Ball,Surging Sparks,158/198,Trainer,,,,,Item,,,,,,,,,,,,,,Look at face-down Prize cards. Swap a Basic Pokemon found there with this card.,Trainer card: Item (prize_check_rescue)
TRNR-10680,Hisuian Heavy Ball,Lost Origin,079/198,Trainer,,,,,Item,,,,,,,,,,,,,,Look at face-down Prize cards. Swap a Basic Pokemon found there with this card.,Trainer card: Item (prize_check_rescue)
TRNR-10681,Hisuian Heavy Ball,Silver Tempest,150/198,Trainer,,,,,Item,,,,,,,,,,,,,,Look at face-down Prize cards. Swap a Basic Pokemon found there with this card.,Trainer card: Item (prize_check_rescue)
TRNR-10682,Hisuian Heavy Ball,Paradox Rift,145/198,Trainer,,,,,Item,,,,,,,,,,,,,,Look at face-down Prize cards. Swap a Basic Pokemon found there with this card.,Trainer card: Item (prize_check_rescue)
TRNR-10683,Hisuian Heavy Ball,Fusion Strike,094/198,Trainer,,,,,Item,,,,,,,,,,,,,,Look at face-down Prize cards. Swap a Basic Pokemon found there with this card.,Trainer card: Item (prize_check_rescue)
TRNR-10684,Hisuian Heavy Ball,Surging Sparks,110/198,Trainer,,,,,Item,,,,,,,,,,,,,,Look at face-down Prize cards. Swap a Basic Pokemon found there with this card.,Trainer card: Item (prize_check_rescue)
TRNR-10685,Choice Belt,Scarlet & Violet Base,081/198,Trainer,,,,,Pokemon Tool,,,,,,,,,,,,,,Attacks of the Pokemon this card is attached to do 30 more damage to Active Pokemon V.,Trainer card: Pokemon Tool (damage_tool)
TRNR-10686,Choice Belt,Twilight Masquerade,057/198,Trainer,,,,,Pokemon Tool,,,,,,,,,,,,,,Attacks of the Pokemon this card is attached to do 30 more damage to Active Pokemon V.,Trainer card: Pokemon Tool (damage_tool)
TRNR-10687,Choice Belt,Silver Tempest,190/198,Trainer,,,,,Pokemon Tool,,,,,,,,,,,,,,Attacks of the Pokemon this card is attached to do 30 more damage to Active Pokemon V.,Trainer card: Pokemon Tool (damage_tool)
TRNR-10688,Choice Belt,Astral Radiance,112/198,Trainer,,,,,Pokemon Tool,,,,,,,,,,,,,,Attacks of the Pokemon this card is attached to do 30 more damage to Active Pokemon V.,Trainer card: Pokemon Tool (damage_tool)
TRNR-10689,Choice Belt,Shrouded Fable,093/198,Trainer,,,,,Pokemon Tool,,,,,,,,,,,,,,Attacks of the Pokemon this card is attached to do 30 more damage to Active Pokemon V.,Trainer card: Pokemon Tool (damage_tool)
TRNR-10690,Choice Belt,Paradox Rift,174/198,Trainer,,,,,Pokemon Tool,,,,,,,,,,,,,,Attacks of the Pokemon this card is attached to do 30 more damage to Active Pokemon V.,Trainer card: Pokemon Tool (damage_tool)
TRNR-10691,Choice Belt,Crown Zenith,085/198,Trainer,,,,,Pokemon Tool,,,,,,,,,,,,,,Attacks of the Pokemon this card is attached to do 30 more damage to Active Pokemon V.,Trainer card: Pokemon Tool (damage_tool)
TRNR-10692,Maximum Belt,Vivid Voltage,115/198,Trainer,,,,,Pokemon Tool,ACE SPEC Rule: You can't have more than 1 ACE SPEC card in your deck.,,,,,,,,,,,,,ACE SPEC: Attacks of the Pokemon this card is attached to do 50 more damage to Active ex.,Trainer card: Pokemon Tool (ace_damage_tool)
TRNR-10693,Maximum Belt,Sword & Shield Base,079/198,Trainer,,,,,Pokemon Tool,ACE SPEC Rule: You can't have more than 1 ACE SPEC card in your deck.,,,,,,,,,,,,,ACE SPEC: Attacks of the Pokemon this card is attached to do 50 more damage to Active ex.,Trainer card: Pokemon Tool (ace_damage_tool)
TRNR-10694,Maximum Belt,Battle Styles,142/198,Trainer,,,,,Pokemon Tool,ACE SPEC Rule: You can't have more than 1 ACE SPEC card in your deck.,,,,,,,,,,,,,ACE SPEC: Attacks of the Pokemon this card is attached to do 50 more damage to Active ex.,Trainer card: Pokemon Tool (ace_damage_tool)
TRNR-10695,Maximum Belt,Pokemon 151,045/198,Trainer,,,,,Pokemon Tool,ACE SPEC Rule: You can't have more than 1 ACE SPEC card in your deck.,,,,,,,,,,,,,ACE SPEC: Attacks of the Pokemon this card is attached to do 50 more damage to Active ex.,Trainer card: Pokemon Tool (ace_damage_tool)
TRNR-10696,Maximum Belt,Astral Radiance,156/198,Trainer,,,,,Pokemon Tool,ACE SPEC Rule: You can't have more than 1 ACE SPEC card in your deck.,,,,,,,,,,,,,ACE SPEC: Attacks of the Pokemon this card is attached to do 50 more damage to Active ex.,Trainer card: Pokemon Tool (ace_damage_tool)
TRNR-10697,Maximum Belt,Obsidian Flames,072/198,Trainer,,,,,Pokemon Tool,ACE SPEC Rule: You can't have more than 1 ACE SPEC card in your deck.,,,,,,,,,,,,,ACE SPEC: Attacks of the Pokemon this card is attached to do 50 more damage to Active ex.,Trainer card: Pokemon Tool (ace_damage_tool)
TRNR-10698,Maximum Belt,Paradox Rift,138/198,Trainer,,,,,Pokemon Tool,ACE SPEC Rule: You can't have more than 1 ACE SPEC card in your deck.,,,,,,,,,,,,,ACE SPEC: Attacks of the Pokemon this card is attached to do 50 more damage to Active ex.,Trainer card: Pokemon Tool (ace_damage_tool)
TRNR-10699,Maximum Belt,Temporal Forces,068/198,Trainer,,,,,Pokemon Tool,ACE SPEC Rule: You can't have more than 1 ACE SPEC card in your deck.,,,,,,,,,,,,,ACE SPEC: Attacks of the Pokemon this card is attached to do 50 more damage to Active ex.,Trainer card: Pokemon Tool (ace_damage_tool)
TRNR-10700,Maximum Belt,Crown Zenith,161/198,Trainer,,,,,Pokemon Tool,ACE SPEC Rule: You can't have more than 1 ACE SPEC card in your deck.,,,,,,,,,,,,,ACE SPEC: Attacks of the Pokemon this card is attached to do 50 more damage to Active ex.,Trainer card: Pokemon Tool (ace_damage_tool)
TRNR-10701,Bravery Charm,Crown Zenith,020/198,Trainer,,,,,Pokemon Tool,,,,,,,,,,,,,,The Basic Pokemon this card is attached to gets +50 HP.,Trainer card: Pokemon Tool (hp_buff_tool)
TRNR-10702,Bravery Charm,Scarlet & Violet Base,130/198,Trainer,,,,,Pokemon Tool,,,,,,,,,,,,,,The Basic Pokemon this card is attached to gets +50 HP.,Trainer card: Pokemon Tool (hp_buff_tool)
TRNR-10703,Bravery Charm,Astral Radiance,008/198,Trainer,,,,,Pokemon Tool,,,,,,,,,,,,,,The Basic Pokemon this card is attached to gets +50 HP.,Trainer card: Pokemon Tool (hp_buff_tool)
TRNR-10704,Bravery Charm,Fusion Strike,149/198,Trainer,,,,,Pokemon Tool,,,,,,,,,,,,,,The Basic Pokemon this card is attached to gets +50 HP.,Trainer card: Pokemon Tool (hp_buff_tool)
TRNR-10705,Bravery Charm,Rebel Clash,197/198,Trainer,,,,,Pokemon Tool,,,,,,,,,,,,,,The Basic Pokemon this card is attached to gets +50 HP.,Trainer card: Pokemon Tool (hp_buff_tool)
TRNR-10706,Bravery Charm,Fusion Strike,055/198,Trainer,,,,,Pokemon Tool,,,,,,,,,,,,,,The Basic Pokemon this card is attached to gets +50 HP.,Trainer card: Pokemon Tool (hp_buff_tool)
TRNR-10707,Hero's Cape,Evolving Skies,067/198,Trainer,,,,,Pokemon Tool,ACE SPEC Rule: You can't have more than 1 ACE SPEC card in your deck.,,,,,,,,,,,,,ACE SPEC: The Pokemon this card is attached to gets +100 HP.,Trainer card: Pokemon Tool (ace_hp_tool)
TRNR-10708,Hero's Cape,Evolving Skies,139/198,Trainer,,,,,Pokemon Tool,ACE SPEC Rule: You can't have more than 1 ACE SPEC card in your deck.,,,,,,,,,,,,,ACE SPEC: The Pokemon this card is attached to gets +100 HP.,Trainer card: Pokemon Tool (ace_hp_tool)
TRNR-10709,Hero's Cape,Battle Styles,168/198,Trainer,,,,,Pokemon Tool,ACE SPEC Rule: You can't have more than 1 ACE SPEC card in your deck.,,,,,,,,,,,,,ACE SPEC: The Pokemon this card is attached to gets +100 HP.,Trainer card: Pokemon Tool (ace_hp_tool)
TRNR-10710,Hero's Cape,Paradox Rift,094/198,Trainer,,,,,Pokemon Tool,ACE SPEC Rule: You can't have more than 1 ACE SPEC card in your deck.,,,,,,,,,,,,,ACE SPEC: The Pokemon this card is attached to gets +100 HP.,Trainer card: Pokemon Tool (ace_hp_tool)
TRNR-10711,Hero's Cape,Rebel Clash,058/198,Trainer,,,,,Pokemon Tool,ACE SPEC Rule: You can't have more than 1 ACE SPEC card in your deck.,,,,,,,,,,,,,ACE SPEC: The Pokemon this card is attached to gets +100 HP.,Trainer card: Pokemon Tool (ace_hp_tool)
TRNR-10712,Hero's Cape,Fusion Strike,188/198,Trainer,,,,,Pokemon Tool,ACE SPEC Rule: You can't have more than 1 ACE SPEC card in your deck.,,,,,,,,,,,,,ACE SPEC: The Pokemon this card is attached to gets +100 HP.,Trainer card: Pokemon Tool (ace_hp_tool)
TRNR-10713,Defiance Band,Stellar Crown,035/198,Trainer,,,,,Pokemon Tool,,,,,,,,,,,,,,"If behind in prizes, attacks do 30 more damage to Active Pokemon.",Trainer card: Pokemon Tool (comeback_tool)
TRNR-10714,Defiance Band,Vivid Voltage,129/198,Trainer,,,,,Pokemon Tool,,,,,,,,,,,,,,"If behind in prizes, attacks do 30 more damage to Active Pokemon.",Trainer card: Pokemon Tool (comeback_tool)
TRNR-10715,Defiance Band,Chilling Reign,024/198,Trainer,,,,,Pokemon Tool,,,,,,,,,,,,,,"If behind in prizes, attacks do 30 more damage to Active Pokemon.",Trainer card: Pokemon Tool (comeback_tool)
TRNR-10716,Defiance Band,Rebel Clash,094/198,Trainer,,,,,Pokemon Tool,,,,,,,,,,,,,,"If behind in prizes, attacks do 30 more damage to Active Pokemon.",Trainer card: Pokemon Tool (comeback_tool)
TRNR-10717,Defiance Band,Chilling Reign,003/198,Trainer,,,,,Pokemon Tool,,,,,,,,,,,,,,"If behind in prizes, attacks do 30 more damage to Active Pokemon.",Trainer card: Pokemon Tool (comeback_tool)
TRNR-10718,Defiance Band,Lost Origin,062/198,Trainer,,,,,Pokemon Tool,,,,,,,,,,,,,,"If behind in prizes, attacks do 30 more damage to Active Pokemon.",Trainer card: Pokemon Tool (comeback_tool)
TRNR-10719,Defiance Band,Brilliant Stars,176/198,Trainer,,,,,Pokemon Tool,,,,,,,,,,,,,,"If behind in prizes, attacks do 30 more damage to Active Pokemon.",Trainer card: Pokemon Tool (comeback_tool)
TRNR-10720,Defiance Band,Paldean Fates,194/198,Trainer,,,,,Pokemon Tool,,,,,,,,,,,,,,"If behind in prizes, attacks do 30 more damage to Active Pokemon.",Trainer card: Pokemon Tool (comeback_tool)
TRNR-10721,Defiance Band,Chilling Reign,036/198,Trainer,,,,,Pokemon Tool,,,,,,,,,,,,,,"If behind in prizes, attacks do 30 more damage to Active Pokemon.",Trainer card: Pokemon Tool (comeback_tool)
TRNR-10722,Defiance Band,Vivid Voltage,041/198,Trainer,,,,,Pokemon Tool,,,,,,,,,,,,,,"If behind in prizes, attacks do 30 more damage to Active Pokemon.",Trainer card: Pokemon Tool (comeback_tool)
TRNR-10723,Defiance Band,Paldean Fates,145/198,Trainer,,,,,Pokemon Tool,,,,,,,,,,,,,,"If behind in prizes, attacks do 30 more damage to Active Pokemon.",Trainer card: Pokemon Tool (comeback_tool)
TRNR-10724,Defiance Band,Fusion Strike,169/198,Trainer,,,,,Pokemon Tool,,,,,,,,,,,,,,"If behind in prizes, attacks do 30 more damage to Active Pokemon.",Trainer card: Pokemon Tool (comeback_tool)
TRNR-10725,Technical Machine: Evolution,Paradox Rift,189/198,Trainer,,,,,Pokemon Tool,,,,,,,,,,,,,,Attack for 1 Colorless: Search deck for up to 2 Evolution cards and evolve 2 benched Pokemon.,Trainer card: Pokemon Tool (evolution_tool)
TRNR-10726,Technical Machine: Evolution,Crown Zenith,124/198,Trainer,,,,,Pokemon Tool,,,,,,,,,,,,,,Attack for 1 Colorless: Search deck for up to 2 Evolution cards and evolve 2 benched Pokemon.,Trainer card: Pokemon Tool (evolution_tool)
TRNR-10727,Technical Machine: Evolution,Sword & Shield Base,011/198,Trainer,,,,,Pokemon Tool,,,,,,,,,,,,,,Attack for 1 Colorless: Search deck for up to 2 Evolution cards and evolve 2 benched Pokemon.,Trainer card: Pokemon Tool (evolution_tool)
TRNR-10728,Technical Machine: Evolution,Twilight Masquerade,195/198,Trainer,,,,,Pokemon Tool,,,,,,,,,,,,,,Attack for 1 Colorless: Search deck for up to 2 Evolution cards and evolve 2 benched Pokemon.,Trainer card: Pokemon Tool (evolution_tool)
TRNR-10729,Technical Machine: Evolution,Battle Styles,060/198,Trainer,,,,,Pokemon Tool,,,,,,,,,,,,,,Attack for 1 Colorless: Search deck for up to 2 Evolution cards and evolve 2 benched Pokemon.,Trainer card: Pokemon Tool (evolution_tool)
TRNR-10730,Technical Machine: Evolution,Obsidian Flames,068/198,Trainer,,,,,Pokemon Tool,,,,,,,,,,,,,,Attack for 1 Colorless: Search deck for up to 2 Evolution cards and evolve 2 benched Pokemon.,Trainer card: Pokemon Tool (evolution_tool)
TRNR-10731,Technical Machine: Evolution,Sword & Shield Base,060/198,Trainer,,,,,Pokemon Tool,,,,,,,,,,,,,,Attack for 1 Colorless: Search deck for up to 2 Evolution cards and evolve 2 benched Pokemon.,Trainer card: Pokemon Tool (evolution_tool)
TRNR-10732,Technical Machine: Evolution,Paldea Evolved,172/198,Trainer,,,,,Pokemon Tool,,,,,,,,,,,,,,Attack for 1 Colorless: Search deck for up to 2 Evolution cards and evolve 2 benched Pokemon.,Trainer card: Pokemon Tool (evolution_tool)
TRNR-10733,Technical Machine: Evolution,Temporal Forces,133/198,Trainer,,,,,Pokemon Tool,,,,,,,,,,,,,,Attack for 1 Colorless: Search deck for up to 2 Evolution cards and evolve 2 benched Pokemon.,Trainer card: Pokemon Tool (evolution_tool)
TRNR-10734,Technical Machine: Evolution,Sword & Shield Base,100/198,Trainer,,,,,Pokemon Tool,,,,,,,,,,,,,,Attack for 1 Colorless: Search deck for up to 2 Evolution cards and evolve 2 benched Pokemon.,Trainer card: Pokemon Tool (evolution_tool)
TRNR-10735,Technical Machine: Evolution,Battle Styles,117/198,Trainer,,,,,Pokemon Tool,,,,,,,,,,,,,,Attack for 1 Colorless: Search deck for up to 2 Evolution cards and evolve 2 benched Pokemon.,Trainer card: Pokemon Tool (evolution_tool)
TRNR-10736,Technical Machine: Evolution,Paldea Evolved,011/198,Trainer,,,,,Pokemon Tool,,,,,,,,,,,,,,Attack for 1 Colorless: Search deck for up to 2 Evolution cards and evolve 2 benched Pokemon.,Trainer card: Pokemon Tool (evolution_tool)
TRNR-10737,Technical Machine: Devolution,Surging Sparks,027/198,Trainer,,,,,Pokemon Tool,,,,,,,,,,,,,,Attack for 1 Colorless: Devolve all opponent evolved Pokemon.,Trainer card: Pokemon Tool (disruption_tool)
TRNR-10738,Technical Machine: Devolution,Silver Tempest,134/198,Trainer,,,,,Pokemon Tool,,,,,,,,,,,,,,Attack for 1 Colorless: Devolve all opponent evolved Pokemon.,Trainer card: Pokemon Tool (disruption_tool)
TRNR-10739,Technical Machine: Devolution,Astral Radiance,071/198,Trainer,,,,,Pokemon Tool,,,,,,,,,,,,,,Attack for 1 Colorless: Devolve all opponent evolved Pokemon.,Trainer card: Pokemon Tool (disruption_tool)
TRNR-10740,Technical Machine: Devolution,Crown Zenith,068/198,Trainer,,,,,Pokemon Tool,,,,,,,,,,,,,,Attack for 1 Colorless: Devolve all opponent evolved Pokemon.,Trainer card: Pokemon Tool (disruption_tool)
TRNR-10741,Technical Machine: Devolution,Fusion Strike,140/198,Trainer,,,,,Pokemon Tool,,,,,,,,,,,,,,Attack for 1 Colorless: Devolve all opponent evolved Pokemon.,Trainer card: Pokemon Tool (disruption_tool)
TRNR-10742,Technical Machine: Devolution,Fusion Strike,045/198,Trainer,,,,,Pokemon Tool,,,,,,,,,,,,,,Attack for 1 Colorless: Devolve all opponent evolved Pokemon.,Trainer card: Pokemon Tool (disruption_tool)
TRNR-10743,Technical Machine: Devolution,Rebel Clash,168/198,Trainer,,,,,Pokemon Tool,,,,,,,,,,,,,,Attack for 1 Colorless: Devolve all opponent evolved Pokemon.,Trainer card: Pokemon Tool (disruption_tool)
TRNR-10744,Technical Machine: Devolution,Rebel Clash,094/198,Trainer,,,,,Pokemon Tool,,,,,,,,,,,,,,Attack for 1 Colorless: Devolve all opponent evolved Pokemon.,Trainer card: Pokemon Tool (disruption_tool)
TRNR-10745,Technical Machine: Devolution,Fusion Strike,168/198,Trainer,,,,,Pokemon Tool,,,,,,,,,,,,,,Attack for 1 Colorless: Devolve all opponent evolved Pokemon.,Trainer card: Pokemon Tool (disruption_tool)
TRNR-10746,Technical Machine: Devolution,Obsidian Flames,133/198,Trainer,,,,,Pokemon Tool,,,,,,,,,,,,,,Attack for 1 Colorless: Devolve all opponent evolved Pokemon.,Trainer card: Pokemon Tool (disruption_tool)
TRNR-10747,Technical Machine: Devolution,Shrouded Fable,097/198,Trainer,,,,,Pokemon Tool,,,,,,,,,,,,,,Attack for 1 Colorless: Devolve all opponent evolved Pokemon.,Trainer card: Pokemon Tool (disruption_tool)
TRNR-10748,Technical Machine: Crisis Punch,Chilling Reign,104/198,Trainer,,,,,Pokemon Tool,,,,,,,,,,,,,,Attack for 3 Colorless: 280 damage. Can only be used if opponent has 1 prize remaining.,Trainer card: Pokemon Tool (finisher_tool)
TRNR-10749,Technical Machine: Crisis Punch,Sword & Shield Base,089/198,Trainer,,,,,Pokemon Tool,,,,,,,,,,,,,,Attack for 3 Colorless: 280 damage. Can only be used if opponent has 1 prize remaining.,Trainer card: Pokemon Tool (finisher_tool)
TRNR-10750,Technical Machine: Crisis Punch,Battle Styles,124/198,Trainer,,,,,Pokemon Tool,,,,,,,,,,,,,,Attack for 3 Colorless: 280 damage. Can only be used if opponent has 1 prize remaining.,Trainer card: Pokemon Tool (finisher_tool)
TRNR-10751,Technical Machine: Crisis Punch,Brilliant Stars,002/198,Trainer,,,,,Pokemon Tool,,,,,,,,,,,,,,Attack for 3 Colorless: 280 damage. Can only be used if opponent has 1 prize remaining.,Trainer card: Pokemon Tool (finisher_tool)
TRNR-10752,Technical Machine: Crisis Punch,Chilling Reign,036/198,Trainer,,,,,Pokemon Tool,,,,,,,,,,,,,,Attack for 3 Colorless: 280 damage. Can only be used if opponent has 1 prize remaining.,Trainer card: Pokemon Tool (finisher_tool)
TRNR-10753,Technical Machine: Crisis Punch,Vivid Voltage,043/198,Trainer,,,,,Pokemon Tool,,,,,,,,,,,,,,Attack for 3 Colorless: 280 damage. Can only be used if opponent has 1 prize remaining.,Trainer card: Pokemon Tool (finisher_tool)
TRNR-10754,Technical Machine: Crisis Punch,Twilight Masquerade,020/198,Trainer,,,,,Pokemon Tool,,,,,,,,,,,,,,Attack for 3 Colorless: 280 damage. Can only be used if opponent has 1 prize remaining.,Trainer card: Pokemon Tool (finisher_tool)
TRNR-10755,Forest Seal Stone,Astral Radiance,072/198,Trainer,,,,,Pokemon Tool,,,,,,,,,,,,,,Star Order Ability: Search your deck for any 1 card and put it into hand.,Trainer card: Pokemon Tool (vstar_power_tool)
TRNR-10756,Forest Seal Stone,Temporal Forces,039/198,Trainer,,,,,Pokemon Tool,,,,,,,,,,,,,,Star Order Ability: Search your deck for any 1 card and put it into hand.,Trainer card: Pokemon Tool (vstar_power_tool)
TRNR-10757,Forest Seal Stone,Paldean Fates,041/198,Trainer,,,,,Pokemon Tool,,,,,,,,,,,,,,Star Order Ability: Search your deck for any 1 card and put it into hand.,Trainer card: Pokemon Tool (vstar_power_tool)
TRNR-10758,Forest Seal Stone,Sword & Shield Base,155/198,Trainer,,,,,Pokemon Tool,,,,,,,,,,,,,,Star Order Ability: Search your deck for any 1 card and put it into hand.,Trainer card: Pokemon Tool (vstar_power_tool)
TRNR-10759,Forest Seal Stone,Silver Tempest,031/198,Trainer,,,,,Pokemon Tool,,,,,,,,,,,,,,Star Order Ability: Search your deck for any 1 card and put it into hand.,Trainer card: Pokemon Tool (vstar_power_tool)
TRNR-10760,Forest Seal Stone,Lost Origin,059/198,Trainer,,,,,Pokemon Tool,,,,,,,,,,,,,,Star Order Ability: Search your deck for any 1 card and put it into hand.,Trainer card: Pokemon Tool (vstar_power_tool)
TRNR-10761,Forest Seal Stone,Darkness Ablaze,085/198,Trainer,,,,,Pokemon Tool,,,,,,,,,,,,,,Star Order Ability: Search your deck for any 1 card and put it into hand.,Trainer card: Pokemon Tool (vstar_power_tool)
TRNR-10762,Forest Seal Stone,Crown Zenith,030/198,Trainer,,,,,Pokemon Tool,,,,,,,,,,,,,,Star Order Ability: Search your deck for any 1 card and put it into hand.,Trainer card: Pokemon Tool (vstar_power_tool)
TRNR-10763,Forest Seal Stone,Battle Styles,173/198,Trainer,,,,,Pokemon Tool,,,,,,,,,,,,,,Star Order Ability: Search your deck for any 1 card and put it into hand.,Trainer card: Pokemon Tool (vstar_power_tool)
TRNR-10764,Forest Seal Stone,Battle Styles,123/198,Trainer,,,,,Pokemon Tool,,,,,,,,,,,,,,Star Order Ability: Search your deck for any 1 card and put it into hand.,Trainer card: Pokemon Tool (vstar_power_tool)
TRNR-10765,Air Balloon,Fusion Strike,042/198,Trainer,,,,,Pokemon Tool,,,,,,,,,,,,,,The retreat cost of the Pokemon this card is attached to is 2 less.,Trainer card: Pokemon Tool (mobility_tool)
TRNR-10766,Air Balloon,Astral Radiance,106/198,Trainer,,,,,Pokemon Tool,,,,,,,,,,,,,,The retreat cost of the Pokemon this card is attached to is 2 less.,Trainer card: Pokemon Tool (mobility_tool)
TRNR-10767,Air Balloon,Scarlet & Violet Base,063/198,Trainer,,,,,Pokemon Tool,,,,,,,,,,,,,,The retreat cost of the Pokemon this card is attached to is 2 less.,Trainer card: Pokemon Tool (mobility_tool)
TRNR-10768,Air Balloon,Paldea Evolved,033/198,Trainer,,,,,Pokemon Tool,,,,,,,,,,,,,,The retreat cost of the Pokemon this card is attached to is 2 less.,Trainer card: Pokemon Tool (mobility_tool)
TRNR-10769,Air Balloon,Fusion Strike,152/198,Trainer,,,,,Pokemon Tool,,,,,,,,,,,,,,The retreat cost of the Pokemon this card is attached to is 2 less.,Trainer card: Pokemon Tool (mobility_tool)
TRNR-10770,Air Balloon,Paldean Fates,035/198,Trainer,,,,,Pokemon Tool,,,,,,,,,,,,,,The retreat cost of the Pokemon this card is attached to is 2 less.,Trainer card: Pokemon Tool (mobility_tool)
TRNR-10771,Air Balloon,Astral Radiance,132/198,Trainer,,,,,Pokemon Tool,,,,,,,,,,,,,,The retreat cost of the Pokemon this card is attached to is 2 less.,Trainer card: Pokemon Tool (mobility_tool)
TRNR-10772,Heavy Baton,Fusion Strike,038/198,Trainer,,,,,Pokemon Tool,,,,,,,,,,,,,,"When active Pokemon with 3+ retreat is KO'd, move up to 3 basic Energy to bench.",Trainer card: Pokemon Tool (energy_retention_tool)
TRNR-10773,Heavy Baton,Paldea Evolved,043/198,Trainer,,,,,Pokemon Tool,,,,,,,,,,,,,,"When active Pokemon with 3+ retreat is KO'd, move up to 3 basic Energy to bench.",Trainer card: Pokemon Tool (energy_retention_tool)
TRNR-10774,Heavy Baton,Shrouded Fable,047/198,Trainer,,,,,Pokemon Tool,,,,,,,,,,,,,,"When active Pokemon with 3+ retreat is KO'd, move up to 3 basic Energy to bench.",Trainer card: Pokemon Tool (energy_retention_tool)
TRNR-10775,Heavy Baton,Chilling Reign,104/198,Trainer,,,,,Pokemon Tool,,,,,,,,,,,,,,"When active Pokemon with 3+ retreat is KO'd, move up to 3 basic Energy to bench.",Trainer card: Pokemon Tool (energy_retention_tool)
TRNR-10776,Heavy Baton,Brilliant Stars,145/198,Trainer,,,,,Pokemon Tool,,,,,,,,,,,,,,"When active Pokemon with 3+ retreat is KO'd, move up to 3 basic Energy to bench.",Trainer card: Pokemon Tool (energy_retention_tool)
TRNR-10777,Heavy Baton,Astral Radiance,005/198,Trainer,,,,,Pokemon Tool,,,,,,,,,,,,,,"When active Pokemon with 3+ retreat is KO'd, move up to 3 basic Energy to bench.",Trainer card: Pokemon Tool (energy_retention_tool)
TRNR-10778,Path to the Peak,Crown Zenith,170/198,Trainer,,,,,Stadium,,,,,,,,,,,,,,Pokemon with a Rule Box have no Abilities.,Trainer card: Stadium (rulebox_lock)
TRNR-10779,Path to the Peak,Stellar Crown,022/198,Trainer,,,,,Stadium,,,,,,,,,,,,,,Pokemon with a Rule Box have no Abilities.,Trainer card: Stadium (rulebox_lock)
TRNR-10780,Path to the Peak,Temporal Forces,115/198,Trainer,,,,,Stadium,,,,,,,,,,,,,,Pokemon with a Rule Box have no Abilities.,Trainer card: Stadium (rulebox_lock)
TRNR-10781,Path to the Peak,Brilliant Stars,121/198,Trainer,,,,,Stadium,,,,,,,,,,,,,,Pokemon with a Rule Box have no Abilities.,Trainer card: Stadium (rulebox_lock)
TRNR-10782,Path to the Peak,Battle Styles,044/198,Trainer,,,,,Stadium,,,,,,,,,,,,,,Pokemon with a Rule Box have no Abilities.,Trainer card: Stadium (rulebox_lock)
TRNR-10783,Path to the Peak,Twilight Masquerade,106/198,Trainer,,,,,Stadium,,,,,,,,,,,,,,Pokemon with a Rule Box have no Abilities.,Trainer card: Stadium (rulebox_lock)
TRNR-10784,Path to the Peak,Brilliant Stars,037/198,Trainer,,,,,Stadium,,,,,,,,,,,,,,Pokemon with a Rule Box have no Abilities.,Trainer card: Stadium (rulebox_lock)
TRNR-10785,Path to the Peak,Fusion Strike,197/198,Trainer,,,,,Stadium,,,,,,,,,,,,,,Pokemon with a Rule Box have no Abilities.,Trainer card: Stadium (rulebox_lock)
TRNR-10786,Path to the Peak,Paldean Fates,160/198,Trainer,,,,,Stadium,,,,,,,,,,,,,,Pokemon with a Rule Box have no Abilities.,Trainer card: Stadium (rulebox_lock)
TRNR-10787,Path to the Peak,Lost Origin,131/198,Trainer,,,,,Stadium,,,,,,,,,,,,,,Pokemon with a Rule Box have no Abilities.,Trainer card: Stadium (rulebox_lock)
TRNR-10788,Path to the Peak,Shrouded Fable,043/198,Trainer,,,,,Stadium,,,,,,,,,,,,,,Pokemon with a Rule Box have no Abilities.,Trainer card: Stadium (rulebox_lock)
TRNR-10789,Artazon,Lost Origin,088/198,Trainer,,,,,Stadium,,,,,,,,,,,,,,"Once per turn, each player may search deck for 1 Basic Pokemon without a Rule Box and bench it.",Trainer card: Stadium (engine_stadium)
TRNR-10790,Artazon,Vivid Voltage,153/198,Trainer,,,,,Stadium,,,,,,,,,,,,,,"Once per turn, each player may search deck for 1 Basic Pokemon without a Rule Box and bench it.",Trainer card: Stadium (engine_stadium)
TRNR-10791,Artazon,Fusion Strike,018/198,Trainer,,,,,Stadium,,,,,,,,,,,,,,"Once per turn, each player may search deck for 1 Basic Pokemon without a Rule Box and bench it.",Trainer card: Stadium (engine_stadium)
TRNR-10792,Artazon,Twilight Masquerade,097/198,Trainer,,,,,Stadium,,,,,,,,,,,,,,"Once per turn, each player may search deck for 1 Basic Pokemon without a Rule Box and bench it.",Trainer card: Stadium (engine_stadium)
TRNR-10793,Artazon,Rebel Clash,034/198,Trainer,,,,,Stadium,,,,,,,,,,,,,,"Once per turn, each player may search deck for 1 Basic Pokemon without a Rule Box and bench it.",Trainer card: Stadium (engine_stadium)
TRNR-10794,Artazon,Pokemon 151,005/198,Trainer,,,,,Stadium,,,,,,,,,,,,,,"Once per turn, each player may search deck for 1 Basic Pokemon without a Rule Box and bench it.",Trainer card: Stadium (engine_stadium)
TRNR-10795,Artazon,Temporal Forces,134/198,Trainer,,,,,Stadium,,,,,,,,,,,,,,"Once per turn, each player may search deck for 1 Basic Pokemon without a Rule Box and bench it.",Trainer card: Stadium (engine_stadium)
TRNR-10796,Artazon,Chilling Reign,176/198,Trainer,,,,,Stadium,,,,,,,,,,,,,,"Once per turn, each player may search deck for 1 Basic Pokemon without a Rule Box and bench it.",Trainer card: Stadium (engine_stadium)
TRNR-10797,Artazon,Darkness Ablaze,039/198,Trainer,,,,,Stadium,,,,,,,,,,,,,,"Once per turn, each player may search deck for 1 Basic Pokemon without a Rule Box and bench it.",Trainer card: Stadium (engine_stadium)
TRNR-10798,Artazon,Brilliant Stars,025/198,Trainer,,,,,Stadium,,,,,,,,,,,,,,"Once per turn, each player may search deck for 1 Basic Pokemon without a Rule Box and bench it.",Trainer card: Stadium (engine_stadium)
TRNR-10799,Artazon,Paldean Fates,122/198,Trainer,,,,,Stadium,,,,,,,,,,,,,,"Once per turn, each player may search deck for 1 Basic Pokemon without a Rule Box and bench it.",Trainer card: Stadium (engine_stadium)
TRNR-10800,Mesagoza,Brilliant Stars,010/198,Trainer,,,,,Stadium,,,,,,,,,,,,,,"Once per turn, flip a coin. If heads, search deck for a Pokemon and put into hand.",Trainer card: Stadium (search_stadium)
TRNR-10801,Mesagoza,Evolving Skies,129/198,Trainer,,,,,Stadium,,,,,,,,,,,,,,"Once per turn, flip a coin. If heads, search deck for a Pokemon and put into hand.",Trainer card: Stadium (search_stadium)
TRNR-10802,Mesagoza,Pokemon 151,024/198,Trainer,,,,,Stadium,,,,,,,,,,,,,,"Once per turn, flip a coin. If heads, search deck for a Pokemon and put into hand.",Trainer card: Stadium (search_stadium)
TRNR-10803,Mesagoza,Battle Styles,169/198,Trainer,,,,,Stadium,,,,,,,,,,,,,,"Once per turn, flip a coin. If heads, search deck for a Pokemon and put into hand.",Trainer card: Stadium (search_stadium)
TRNR-10804,Mesagoza,Paradox Rift,155/198,Trainer,,,,,Stadium,,,,,,,,,,,,,,"Once per turn, flip a coin. If heads, search deck for a Pokemon and put into hand.",Trainer card: Stadium (search_stadium)
TRNR-10805,Mesagoza,Evolving Skies,001/198,Trainer,,,,,Stadium,,,,,,,,,,,,,,"Once per turn, flip a coin. If heads, search deck for a Pokemon and put into hand.",Trainer card: Stadium (search_stadium)
TRNR-10806,Mesagoza,Lost Origin,167/198,Trainer,,,,,Stadium,,,,,,,,,,,,,,"Once per turn, flip a coin. If heads, search deck for a Pokemon and put into hand.",Trainer card: Stadium (search_stadium)
TRNR-10807,Mesagoza,Darkness Ablaze,134/198,Trainer,,,,,Stadium,,,,,,,,,,,,,,"Once per turn, flip a coin. If heads, search deck for a Pokemon and put into hand.",Trainer card: Stadium (search_stadium)
TRNR-10808,Mesagoza,Darkness Ablaze,095/198,Trainer,,,,,Stadium,,,,,,,,,,,,,,"Once per turn, flip a coin. If heads, search deck for a Pokemon and put into hand.",Trainer card: Stadium (search_stadium)
TRNR-10809,Mesagoza,Paldea Evolved,179/198,Trainer,,,,,Stadium,,,,,,,,,,,,,,"Once per turn, flip a coin. If heads, search deck for a Pokemon and put into hand.",Trainer card: Stadium (search_stadium)
TRNR-10810,Pokestop,Darkness Ablaze,059/198,Trainer,,,,,Stadium,,,,,,,,,,,,,,"Once per turn, discard top 3 cards of deck. Put all Items discarded this way into hand.",Trainer card: Stadium (item_mill_stadium)
TRNR-10811,Pokestop,Battle Styles,197/198,Trainer,,,,,Stadium,,,,,,,,,,,,,,"Once per turn, discard top 3 cards of deck. Put all Items discarded this way into hand.",Trainer card: Stadium (item_mill_stadium)
TRNR-10812,Pokestop,Rebel Clash,090/198,Trainer,,,,,Stadium,,,,,,,,,,,,,,"Once per turn, discard top 3 cards of deck. Put all Items discarded this way into hand.",Trainer card: Stadium (item_mill_stadium)
TRNR-10813,Pokestop,Fusion Strike,190/198,Trainer,,,,,Stadium,,,,,,,,,,,,,,"Once per turn, discard top 3 cards of deck. Put all Items discarded this way into hand.",Trainer card: Stadium (item_mill_stadium)
TRNR-10814,Pokestop,Silver Tempest,148/198,Trainer,,,,,Stadium,,,,,,,,,,,,,,"Once per turn, discard top 3 cards of deck. Put all Items discarded this way into hand.",Trainer card: Stadium (item_mill_stadium)
TRNR-10815,Pokestop,Pokemon 151,109/198,Trainer,,,,,Stadium,,,,,,,,,,,,,,"Once per turn, discard top 3 cards of deck. Put all Items discarded this way into hand.",Trainer card: Stadium (item_mill_stadium)
TRNR-10816,Pokestop,Paradox Rift,066/198,Trainer,,,,,Stadium,,,,,,,,,,,,,,"Once per turn, discard top 3 cards of deck. Put all Items discarded this way into hand.",Trainer card: Stadium (item_mill_stadium)
TRNR-10817,Pokestop,Battle Styles,197/198,Trainer,,,,,Stadium,,,,,,,,,,,,,,"Once per turn, discard top 3 cards of deck. Put all Items discarded this way into hand.",Trainer card: Stadium (item_mill_stadium)
TRNR-10818,Pokestop,Twilight Masquerade,022/198,Trainer,,,,,Stadium,,,,,,,,,,,,,,"Once per turn, discard top 3 cards of deck. Put all Items discarded this way into hand.",Trainer card: Stadium (item_mill_stadium)
TRNR-10819,Pokestop,Stellar Crown,154/198,Trainer,,,,,Stadium,,,,,,,,,,,,,,"Once per turn, discard top 3 cards of deck. Put all Items discarded this way into hand.",Trainer card: Stadium (item_mill_stadium)
TRNR-10820,Lost City,Darkness Ablaze,066/198,Trainer,,,,,Stadium,,,,,,,,,,,,,,"Whenever a Pokemon is Knocked Out, put it into the Lost Zone instead of discard.",Trainer card: Stadium (anti_recovery_stadium)
TRNR-10821,Lost City,Temporal Forces,002/198,Trainer,,,,,Stadium,,,,,,,,,,,,,,"Whenever a Pokemon is Knocked Out, put it into the Lost Zone instead of discard.",Trainer card: Stadium (anti_recovery_stadium)
TRNR-10822,Lost City,Silver Tempest,191/198,Trainer,,,,,Stadium,,,,,,,,,,,,,,"Whenever a Pokemon is Knocked Out, put it into the Lost Zone instead of discard.",Trainer card: Stadium (anti_recovery_stadium)
TRNR-10823,Lost City,Scarlet & Violet Base,148/198,Trainer,,,,,Stadium,,,,,,,,,,,,,,"Whenever a Pokemon is Knocked Out, put it into the Lost Zone instead of discard.",Trainer card: Stadium (anti_recovery_stadium)
TRNR-10824,Lost City,Chilling Reign,031/198,Trainer,,,,,Stadium,,,,,,,,,,,,,,"Whenever a Pokemon is Knocked Out, put it into the Lost Zone instead of discard.",Trainer card: Stadium (anti_recovery_stadium)
TRNR-10825,Lost City,Chilling Reign,002/198,Trainer,,,,,Stadium,,,,,,,,,,,,,,"Whenever a Pokemon is Knocked Out, put it into the Lost Zone instead of discard.",Trainer card: Stadium (anti_recovery_stadium)
TRNR-10826,Lost City,Rebel Clash,168/198,Trainer,,,,,Stadium,,,,,,,,,,,,,,"Whenever a Pokemon is Knocked Out, put it into the Lost Zone instead of discard.",Trainer card: Stadium (anti_recovery_stadium)
TRNR-10827,Lost City,Temporal Forces,177/198,Trainer,,,,,Stadium,,,,,,,,,,,,,,"Whenever a Pokemon is Knocked Out, put it into the Lost Zone instead of discard.",Trainer card: Stadium (anti_recovery_stadium)
TRNR-10828,Lost City,Surging Sparks,105/198,Trainer,,,,,Stadium,,,,,,,,,,,,,,"Whenever a Pokemon is Knocked Out, put it into the Lost Zone instead of discard.",Trainer card: Stadium (anti_recovery_stadium)
TRNR-10829,Lost City,Sword & Shield Base,028/198,Trainer,,,,,Stadium,,,,,,,,,,,,,,"Whenever a Pokemon is Knocked Out, put it into the Lost Zone instead of discard.",Trainer card: Stadium (anti_recovery_stadium)
TRNR-10830,Collapsed Stadium,Darkness Ablaze,167/198,Trainer,,,,,Stadium,,,,,,,,,,,,,,Each player cannot have more than 4 Benched Pokemon.,Trainer card: Stadium (bench_restriction)
TRNR-10831,Collapsed Stadium,Fusion Strike,065/198,Trainer,,,,,Stadium,,,,,,,,,,,,,,Each player cannot have more than 4 Benched Pokemon.,Trainer card: Stadium (bench_restriction)
TRNR-10832,Collapsed Stadium,Shrouded Fable,138/198,Trainer,,,,,Stadium,,,,,,,,,,,,,,Each player cannot have more than 4 Benched Pokemon.,Trainer card: Stadium (bench_restriction)
TRNR-10833,Collapsed Stadium,Darkness Ablaze,145/198,Trainer,,,,,Stadium,,,,,,,,,,,,,,Each player cannot have more than 4 Benched Pokemon.,Trainer card: Stadium (bench_restriction)
TRNR-10834,Collapsed Stadium,Sword & Shield Base,157/198,Trainer,,,,,Stadium,,,,,,,,,,,,,,Each player cannot have more than 4 Benched Pokemon.,Trainer card: Stadium (bench_restriction)
TRNR-10835,Collapsed Stadium,Shrouded Fable,175/198,Trainer,,,,,Stadium,,,,,,,,,,,,,,Each player cannot have more than 4 Benched Pokemon.,Trainer card: Stadium (bench_restriction)
TRNR-10836,Collapsed Stadium,Rebel Clash,194/198,Trainer,,,,,Stadium,,,,,,,,,,,,,,Each player cannot have more than 4 Benched Pokemon.,Trainer card: Stadium (bench_restriction)
TRNR-10837,Temple of Sinnoh,Darkness Ablaze,142/198,Trainer,,,,,Stadium,,,,,,,,,,,,,,All Special Energy cards attached to Pokemon provide 1 Colorless and lose effects.,Trainer card: Stadium (special_energy_lock)
TRNR-10838,Temple of Sinnoh,Evolving Skies,124/198,Trainer,,,,,Stadium,,,,,,,,,,,,,,All Special Energy cards attached to Pokemon provide 1 Colorless and lose effects.,Trainer card: Stadium (special_energy_lock)
TRNR-10839,Temple of Sinnoh,Paldean Fates,095/198,Trainer,,,,,Stadium,,,,,,,,,,,,,,All Special Energy cards attached to Pokemon provide 1 Colorless and lose effects.,Trainer card: Stadium (special_energy_lock)
TRNR-10840,Temple of Sinnoh,Evolving Skies,143/198,Trainer,,,,,Stadium,,,,,,,,,,,,,,All Special Energy cards attached to Pokemon provide 1 Colorless and lose effects.,Trainer card: Stadium (special_energy_lock)
TRNR-10841,Temple of Sinnoh,Battle Styles,065/198,Trainer,,,,,Stadium,,,,,,,,,,,,,,All Special Energy cards attached to Pokemon provide 1 Colorless and lose effects.,Trainer card: Stadium (special_energy_lock)
TRNR-10842,Temple of Sinnoh,Stellar Crown,148/198,Trainer,,,,,Stadium,,,,,,,,,,,,,,All Special Energy cards attached to Pokemon provide 1 Colorless and lose effects.,Trainer card: Stadium (special_energy_lock)
TRNR-10843,Temple of Sinnoh,Sword & Shield Base,181/198,Trainer,,,,,Stadium,,,,,,,,,,,,,,All Special Energy cards attached to Pokemon provide 1 Colorless and lose effects.,Trainer card: Stadium (special_energy_lock)
TRNR-10844,Town Store,Crown Zenith,036/198,Trainer,,,,,Stadium,,,,,,,,,,,,,,"Once per turn, each player may search deck for a Pokemon Tool card into hand.",Trainer card: Stadium (tool_search_stadium)
TRNR-10845,Town Store,Lost Origin,031/198,Trainer,,,,,Stadium,,,,,,,,,,,,,,"Once per turn, each player may search deck for a Pokemon Tool card into hand.",Trainer card: Stadium (tool_search_stadium)
TRNR-10846,Town Store,Crown Zenith,059/198,Trainer,,,,,Stadium,,,,,,,,,,,,,,"Once per turn, each player may search deck for a Pokemon Tool card into hand.",Trainer card: Stadium (tool_search_stadium)
TRNR-10847,Town Store,Vivid Voltage,180/198,Trainer,,,,,Stadium,,,,,,,,,,,,,,"Once per turn, each player may search deck for a Pokemon Tool card into hand.",Trainer card: Stadium (tool_search_stadium)
TRNR-10848,Town Store,Paldean Fates,026/198,Trainer,,,,,Stadium,,,,,,,,,,,,,,"Once per turn, each player may search deck for a Pokemon Tool card into hand.",Trainer card: Stadium (tool_search_stadium)
TRNR-10849,Town Store,Temporal Forces,131/198,Trainer,,,,,Stadium,,,,,,,,,,,,,,"Once per turn, each player may search deck for a Pokemon Tool card into hand.",Trainer card: Stadium (tool_search_stadium)
TRNR-10850,Town Store,Rebel Clash,087/198,Trainer,,,,,Stadium,,,,,,,,,,,,,,"Once per turn, each player may search deck for a Pokemon Tool card into hand.",Trainer card: Stadium (tool_search_stadium)
TRNR-10851,Town Store,Evolving Skies,158/198,Trainer,,,,,Stadium,,,,,,,,,,,,,,"Once per turn, each player may search deck for a Pokemon Tool card into hand.",Trainer card: Stadium (tool_search_stadium)
TRNR-10852,Town Store,Silver Tempest,176/198,Trainer,,,,,Stadium,,,,,,,,,,,,,,"Once per turn, each player may search deck for a Pokemon Tool card into hand.",Trainer card: Stadium (tool_search_stadium)
TRNR-10853,Beach Court,Paldea Evolved,042/198,Trainer,,,,,Stadium,,,,,,,,,,,,,,The retreat cost of each Basic Pokemon is 1 less.,Trainer card: Stadium (basic_mobility_stadium)
TRNR-10854,Beach Court,Rebel Clash,163/198,Trainer,,,,,Stadium,,,,,,,,,,,,,,The retreat cost of each Basic Pokemon is 1 less.,Trainer card: Stadium (basic_mobility_stadium)
TRNR-10855,Beach Court,Scarlet & Violet Base,024/198,Trainer,,,,,Stadium,,,,,,,,,,,,,,The retreat cost of each Basic Pokemon is 1 less.,Trainer card: Stadium (basic_mobility_stadium)
TRNR-10856,Beach Court,Paradox Rift,121/198,Trainer,,,,,Stadium,,,,,,,,,,,,,,The retreat cost of each Basic Pokemon is 1 less.,Trainer card: Stadium (basic_mobility_stadium)
TRNR-10857,Beach Court,Brilliant Stars,112/198,Trainer,,,,,Stadium,,,,,,,,,,,,,,The retreat cost of each Basic Pokemon is 1 less.,Trainer card: Stadium (basic_mobility_stadium)
TRNR-10858,Beach Court,Obsidian Flames,017/198,Trainer,,,,,Stadium,,,,,,,,,,,,,,The retreat cost of each Basic Pokemon is 1 less.,Trainer card: Stadium (basic_mobility_stadium)
TRNR-10859,Beach Court,Shrouded Fable,057/198,Trainer,,,,,Stadium,,,,,,,,,,,,,,The retreat cost of each Basic Pokemon is 1 less.,Trainer card: Stadium (basic_mobility_stadium)
TRNR-10860,Beach Court,Sword & Shield Base,021/198,Trainer,,,,,Stadium,,,,,,,,,,,,,,The retreat cost of each Basic Pokemon is 1 less.,Trainer card: Stadium (basic_mobility_stadium)
TRNR-10861,Beach Court,Brilliant Stars,010/198,Trainer,,,,,Stadium,,,,,,,,,,,,,,The retreat cost of each Basic Pokemon is 1 less.,Trainer card: Stadium (basic_mobility_stadium)
TRNR-10862,Beach Court,Crown Zenith,099/198,Trainer,,,,,Stadium,,,,,,,,,,,,,,The retreat cost of each Basic Pokemon is 1 less.,Trainer card: Stadium (basic_mobility_stadium)
TRNR-10863,Beach Court,Rebel Clash,158/198,Trainer,,,,,Stadium,,,,,,,,,,,,,,The retreat cost of each Basic Pokemon is 1 less.,Trainer card: Stadium (basic_mobility_stadium)
TRNR-10864,Magma Basin,Chilling Reign,074/198,Trainer,,,,,Stadium,,,,,,,,,,,,,,"Attach 1 Fire Energy from discard to 1 Benched Fire Pokemon, put 2 damage counters on it.",Trainer card: Stadium (fire_accel_stadium)
TRNR-10865,Magma Basin,Silver Tempest,153/198,Trainer,,,,,Stadium,,,,,,,,,,,,,,"Attach 1 Fire Energy from discard to 1 Benched Fire Pokemon, put 2 damage counters on it.",Trainer card: Stadium (fire_accel_stadium)
TRNR-10866,Magma Basin,Paldea Evolved,045/198,Trainer,,,,,Stadium,,,,,,,,,,,,,,"Attach 1 Fire Energy from discard to 1 Benched Fire Pokemon, put 2 damage counters on it.",Trainer card: Stadium (fire_accel_stadium)
TRNR-10867,Magma Basin,Astral Radiance,127/198,Trainer,,,,,Stadium,,,,,,,,,,,,,,"Attach 1 Fire Energy from discard to 1 Benched Fire Pokemon, put 2 damage counters on it.",Trainer card: Stadium (fire_accel_stadium)
TRNR-10868,Magma Basin,Vivid Voltage,003/198,Trainer,,,,,Stadium,,,,,,,,,,,,,,"Attach 1 Fire Energy from discard to 1 Benched Fire Pokemon, put 2 damage counters on it.",Trainer card: Stadium (fire_accel_stadium)
TRNR-10869,Magma Basin,Temporal Forces,169/198,Trainer,,,,,Stadium,,,,,,,,,,,,,,"Attach 1 Fire Energy from discard to 1 Benched Fire Pokemon, put 2 damage counters on it.",Trainer card: Stadium (fire_accel_stadium)
TRNR-10870,Magma Basin,Chilling Reign,074/198,Trainer,,,,,Stadium,,,,,,,,,,,,,,"Attach 1 Fire Energy from discard to 1 Benched Fire Pokemon, put 2 damage counters on it.",Trainer card: Stadium (fire_accel_stadium)
TRNR-10871,Magma Basin,Temporal Forces,009/198,Trainer,,,,,Stadium,,,,,,,,,,,,,,"Attach 1 Fire Energy from discard to 1 Benched Fire Pokemon, put 2 damage counters on it.",Trainer card: Stadium (fire_accel_stadium)
TRNR-10872,Magma Basin,Brilliant Stars,131/198,Trainer,,,,,Stadium,,,,,,,,,,,,,,"Attach 1 Fire Energy from discard to 1 Benched Fire Pokemon, put 2 damage counters on it.",Trainer card: Stadium (fire_accel_stadium)
TRNR-10873,Magma Basin,Chilling Reign,179/198,Trainer,,,,,Stadium,,,,,,,,,,,,,,"Attach 1 Fire Energy from discard to 1 Benched Fire Pokemon, put 2 damage counters on it.",Trainer card: Stadium (fire_accel_stadium)
TRNR-10874,Magma Basin,Twilight Masquerade,158/198,Trainer,,,,,Stadium,,,,,,,,,,,,,,"Attach 1 Fire Energy from discard to 1 Benched Fire Pokemon, put 2 damage counters on it.",Trainer card: Stadium (fire_accel_stadium)
TRNR-10875,Lake Acuity,Lost Origin,010/198,Trainer,,,,,Stadium,,,,,,,,,,,,,,Water and Fighting Pokemon with Water or Fighting Energy take 20 less damage from attacks.,Trainer card: Stadium (defense_stadium)
TRNR-10876,Lake Acuity,Sword & Shield Base,062/198,Trainer,,,,,Stadium,,,,,,,,,,,,,,Water and Fighting Pokemon with Water or Fighting Energy take 20 less damage from attacks.,Trainer card: Stadium (defense_stadium)
TRNR-10877,Lake Acuity,Astral Radiance,001/198,Trainer,,,,,Stadium,,,,,,,,,,,,,,Water and Fighting Pokemon with Water or Fighting Energy take 20 less damage from attacks.,Trainer card: Stadium (defense_stadium)
TRNR-10878,Lake Acuity,Paldean Fates,023/198,Trainer,,,,,Stadium,,,,,,,,,,,,,,Water and Fighting Pokemon with Water or Fighting Energy take 20 less damage from attacks.,Trainer card: Stadium (defense_stadium)
TRNR-10879,Lake Acuity,Shrouded Fable,103/198,Trainer,,,,,Stadium,,,,,,,,,,,,,,Water and Fighting Pokemon with Water or Fighting Energy take 20 less damage from attacks.,Trainer card: Stadium (defense_stadium)
TRNR-10880,Lake Acuity,Sword & Shield Base,172/198,Trainer,,,,,Stadium,,,,,,,,,,,,,,Water and Fighting Pokemon with Water or Fighting Energy take 20 less damage from attacks.,Trainer card: Stadium (defense_stadium)
TRNR-10881,Lake Acuity,Rebel Clash,104/198,Trainer,,,,,Stadium,,,,,,,,,,,,,,Water and Fighting Pokemon with Water or Fighting Energy take 20 less damage from attacks.,Trainer card: Stadium (defense_stadium)
TRNR-10882,Calamitous Snowy Mountain,Temporal Forces,133/198,Trainer,,,,,Stadium,,,,,,,,,,,,,,"Whenever a player attaches Energy to a non-Water Pokemon from hand, put 2 damage counters on it.",Trainer card: Stadium (tax_stadium)
TRNR-10883,Calamitous Snowy Mountain,Scarlet & Violet Base,189/198,Trainer,,,,,Stadium,,,,,,,,,,,,,,"Whenever a player attaches Energy to a non-Water Pokemon from hand, put 2 damage counters on it.",Trainer card: Stadium (tax_stadium)
TRNR-10884,Calamitous Snowy Mountain,Silver Tempest,018/198,Trainer,,,,,Stadium,,,,,,,,,,,,,,"Whenever a player attaches Energy to a non-Water Pokemon from hand, put 2 damage counters on it.",Trainer card: Stadium (tax_stadium)
TRNR-10885,Calamitous Snowy Mountain,Obsidian Flames,141/198,Trainer,,,,,Stadium,,,,,,,,,,,,,,"Whenever a player attaches Energy to a non-Water Pokemon from hand, put 2 damage counters on it.",Trainer card: Stadium (tax_stadium)
TRNR-10886,Calamitous Snowy Mountain,Stellar Crown,186/198,Trainer,,,,,Stadium,,,,,,,,,,,,,,"Whenever a player attaches Energy to a non-Water Pokemon from hand, put 2 damage counters on it.",Trainer card: Stadium (tax_stadium)
TRNR-10887,Calamitous Snowy Mountain,Evolving Skies,150/198,Trainer,,,,,Stadium,,,,,,,,,,,,,,"Whenever a player attaches Energy to a non-Water Pokemon from hand, put 2 damage counters on it.",Trainer card: Stadium (tax_stadium)
TRNR-10888,Calamitous Snowy Mountain,Sword & Shield Base,089/198,Trainer,,,,,Stadium,,,,,,,,,,,,,,"Whenever a player attaches Energy to a non-Water Pokemon from hand, put 2 damage counters on it.",Trainer card: Stadium (tax_stadium)
TRNR-10889,Calamitous Snowy Mountain,Shrouded Fable,058/198,Trainer,,,,,Stadium,,,,,,,,,,,,,,"Whenever a player attaches Energy to a non-Water Pokemon from hand, put 2 damage counters on it.",Trainer card: Stadium (tax_stadium)
TRNR-10890,Calamitous Snowy Mountain,Brilliant Stars,050/198,Trainer,,,,,Stadium,,,,,,,,,,,,,,"Whenever a player attaches Energy to a non-Water Pokemon from hand, put 2 damage counters on it.",Trainer card: Stadium (tax_stadium)
TRNR-10891,Calamitous Snowy Mountain,Vivid Voltage,104/198,Trainer,,,,,Stadium,,,,,,,,,,,,,,"Whenever a player attaches Energy to a non-Water Pokemon from hand, put 2 damage counters on it.",Trainer card: Stadium (tax_stadium)
TRNR-10892,Neutral Center,Scarlet & Violet Base,067/198,Trainer,,,,,Stadium,ACE SPEC Rule: You can't have more than 1 ACE SPEC card in your deck.,,,,,,,,,,,,,ACE SPEC: Prevent all damage done to non-Rule-Box Pokemon by attacks from opponent's Pokemon ex/V.,Trainer card: Stadium (ace_defense_stadium)
TRNR-10893,Neutral Center,Paldean Fates,105/198,Trainer,,,,,Stadium,ACE SPEC Rule: You can't have more than 1 ACE SPEC card in your deck.,,,,,,,,,,,,,ACE SPEC: Prevent all damage done to non-Rule-Box Pokemon by attacks from opponent's Pokemon ex/V.,Trainer card: Stadium (ace_defense_stadium)
TRNR-10894,Neutral Center,Chilling Reign,028/198,Trainer,,,,,Stadium,ACE SPEC Rule: You can't have more than 1 ACE SPEC card in your deck.,,,,,,,,,,,,,ACE SPEC: Prevent all damage done to non-Rule-Box Pokemon by attacks from opponent's Pokemon ex/V.,Trainer card: Stadium (ace_defense_stadium)
TRNR-10895,Neutral Center,Evolving Skies,019/198,Trainer,,,,,Stadium,ACE SPEC Rule: You can't have more than 1 ACE SPEC card in your deck.,,,,,,,,,,,,,ACE SPEC: Prevent all damage done to non-Rule-Box Pokemon by attacks from opponent's Pokemon ex/V.,Trainer card: Stadium (ace_defense_stadium)
TRNR-10896,Neutral Center,Chilling Reign,076/198,Trainer,,,,,Stadium,ACE SPEC Rule: You can't have more than 1 ACE SPEC card in your deck.,,,,,,,,,,,,,ACE SPEC: Prevent all damage done to non-Rule-Box Pokemon by attacks from opponent's Pokemon ex/V.,Trainer card: Stadium (ace_defense_stadium)
TRNR-10897,Neutral Center,Surging Sparks,030/198,Trainer,,,,,Stadium,ACE SPEC Rule: You can't have more than 1 ACE SPEC card in your deck.,,,,,,,,,,,,,ACE SPEC: Prevent all damage done to non-Rule-Box Pokemon by attacks from opponent's Pokemon ex/V.,Trainer card: Stadium (ace_defense_stadium)
TRNR-10898,Neutral Center,Chilling Reign,066/198,Trainer,,,,,Stadium,ACE SPEC Rule: You can't have more than 1 ACE SPEC card in your deck.,,,,,,,,,,,,,ACE SPEC: Prevent all damage done to non-Rule-Box Pokemon by attacks from opponent's Pokemon ex/V.,Trainer card: Stadium (ace_defense_stadium)
TRNR-10899,Neutral Center,Evolving Skies,148/198,Trainer,,,,,Stadium,ACE SPEC Rule: You can't have more than 1 ACE SPEC card in your deck.,,,,,,,,,,,,,ACE SPEC: Prevent all damage done to non-Rule-Box Pokemon by attacks from opponent's Pokemon ex/V.,Trainer card: Stadium (ace_defense_stadium)
TRNR-10900,Neutral Center,Shrouded Fable,178/198,Trainer,,,,,Stadium,ACE SPEC Rule: You can't have more than 1 ACE SPEC card in your deck.,,,,,,,,,,,,,ACE SPEC: Prevent all damage done to non-Rule-Box Pokemon by attacks from opponent's Pokemon ex/V.,Trainer card: Stadium (ace_defense_stadium)
TRNR-10901,Neutral Center,Vivid Voltage,097/198,Trainer,,,,,Stadium,ACE SPEC Rule: You can't have more than 1 ACE SPEC card in your deck.,,,,,,,,,,,,,ACE SPEC: Prevent all damage done to non-Rule-Box Pokemon by attacks from opponent's Pokemon ex/V.,Trainer card: Stadium (ace_defense_stadium)
ENRG-10902,Basic Grass Energy,Twilight Masquerade,194/198,Energy,,,,Grass,Basic,,,,,,,,,,,,,,Provides 1 Grass Energy.,Energy card: Basic (Grass)
ENRG-10903,Basic Grass Energy,Surging Sparks,118/198,Energy,,,,Grass,Basic,,,,,,,,,,,,,,Provides 1 Grass Energy.,Energy card: Basic (Grass)
ENRG-10904,Basic Grass Energy,Lost Origin,118/198,Energy,,,,Grass,Basic,,,,,,,,,,,,,,Provides 1 Grass Energy.,Energy card: Basic (Grass)
ENRG-10905,Basic Grass Energy,Fusion Strike,008/198,Energy,,,,Grass,Basic,,,,,,,,,,,,,,Provides 1 Grass Energy.,Energy card: Basic (Grass)
ENRG-10906,Basic Grass Energy,Battle Styles,030/198,Energy,,,,Grass,Basic,,,,,,,,,,,,,,Provides 1 Grass Energy.,Energy card: Basic (Grass)
ENRG-10907,Basic Grass Energy,Shrouded Fable,018/198,Energy,,,,Grass,Basic,,,,,,,,,,,,,,Provides 1 Grass Energy.,Energy card: Basic (Grass)
ENRG-10908,Basic Grass Energy,Rebel Clash,163/198,Energy,,,,Grass,Basic,,,,,,,,,,,,,,Provides 1 Grass Energy.,Energy card: Basic (Grass)
ENRG-10909,Basic Grass Energy,Twilight Masquerade,174/198,Energy,,,,Grass,Basic,,,,,,,,,,,,,,Provides 1 Grass Energy.,Energy card: Basic (Grass)
ENRG-10910,Basic Grass Energy,Silver Tempest,059/198,Energy,,,,Grass,Basic,,,,,,,,,,,,,,Provides 1 Grass Energy.,Energy card: Basic (Grass)
ENRG-10911,Basic Grass Energy,Surging Sparks,106/198,Energy,,,,Grass,Basic,,,,,,,,,,,,,,Provides 1 Grass Energy.,Energy card: Basic (Grass)
ENRG-10912,Basic Grass Energy,Sword & Shield Base,133/198,Energy,,,,Grass,Basic,,,,,,,,,,,,,,Provides 1 Grass Energy.,Energy card: Basic (Grass)
ENRG-10913,Basic Grass Energy,Evolving Skies,003/198,Energy,,,,Grass,Basic,,,,,,,,,,,,,,Provides 1 Grass Energy.,Energy card: Basic (Grass)
ENRG-10914,Basic Grass Energy,Silver Tempest,068/198,Energy,,,,Grass,Basic,,,,,,,,,,,,,,Provides 1 Grass Energy.,Energy card: Basic (Grass)
ENRG-10915,Basic Grass Energy,Twilight Masquerade,074/198,Energy,,,,Grass,Basic,,,,,,,,,,,,,,Provides 1 Grass Energy.,Energy card: Basic (Grass)
ENRG-10916,Basic Grass Energy,Obsidian Flames,103/198,Energy,,,,Grass,Basic,,,,,,,,,,,,,,Provides 1 Grass Energy.,Energy card: Basic (Grass)
ENRG-10917,Basic Grass Energy,Lost Origin,192/198,Energy,,,,Grass,Basic,,,,,,,,,,,,,,Provides 1 Grass Energy.,Energy card: Basic (Grass)
ENRG-10918,Basic Grass Energy,Surging Sparks,020/198,Energy,,,,Grass,Basic,,,,,,,,,,,,,,Provides 1 Grass Energy.,Energy card: Basic (Grass)
ENRG-10919,Basic Grass Energy,Evolving Skies,046/198,Energy,,,,Grass,Basic,,,,,,,,,,,,,,Provides 1 Grass Energy.,Energy card: Basic (Grass)
ENRG-10920,Basic Grass Energy,Battle Styles,081/198,Energy,,,,Grass,Basic,,,,,,,,,,,,,,Provides 1 Grass Energy.,Energy card: Basic (Grass)
ENRG-10921,Basic Grass Energy,Sword & Shield Base,056/198,Energy,,,,Grass,Basic,,,,,,,,,,,,,,Provides 1 Grass Energy.,Energy card: Basic (Grass)
ENRG-10922,Basic Grass Energy,Fusion Strike,069/198,Energy,,,,Grass,Basic,,,,,,,,,,,,,,Provides 1 Grass Energy.,Energy card: Basic (Grass)
ENRG-10923,Basic Grass Energy,Paldean Fates,192/198,Energy,,,,Grass,Basic,,,,,,,,,,,,,,Provides 1 Grass Energy.,Energy card: Basic (Grass)
ENRG-10924,Basic Grass Energy,Lost Origin,049/198,Energy,,,,Grass,Basic,,,,,,,,,,,,,,Provides 1 Grass Energy.,Energy card: Basic (Grass)
ENRG-10925,Basic Grass Energy,Battle Styles,189/198,Energy,,,,Grass,Basic,,,,,,,,,,,,,,Provides 1 Grass Energy.,Energy card: Basic (Grass)
ENRG-10926,Basic Grass Energy,Temporal Forces,061/198,Energy,,,,Grass,Basic,,,,,,,,,,,,,,Provides 1 Grass Energy.,Energy card: Basic (Grass)
ENRG-10927,Basic Grass Energy,Crown Zenith,062/198,Energy,,,,Grass,Basic,,,,,,,,,,,,,,Provides 1 Grass Energy.,Energy card: Basic (Grass)
ENRG-10928,Basic Grass Energy,Shrouded Fable,053/198,Energy,,,,Grass,Basic,,,,,,,,,,,,,,Provides 1 Grass Energy.,Energy card: Basic (Grass)
ENRG-10929,Basic Grass Energy,Twilight Masquerade,052/198,Energy,,,,Grass,Basic,,,,,,,,,,,,,,Provides 1 Grass Energy.,Energy card: Basic (Grass)
ENRG-10930,Basic Grass Energy,Twilight Masquerade,159/198,Energy,,,,Grass,Basic,,,,,,,,,,,,,,Provides 1 Grass Energy.,Energy card: Basic (Grass)
ENRG-10931,Basic Grass Energy,Sword & Shield Base,040/198,Energy,,,,Grass,Basic,,,,,,,,,,,,,,Provides 1 Grass Energy.,Energy card: Basic (Grass)
ENRG-10932,Basic Fire Energy,Pokemon 151,021/198,Energy,,,,Fire,Basic,,,,,,,,,,,,,,Provides 1 Fire Energy.,Energy card: Basic (Fire)
ENRG-10933,Basic Fire Energy,Lost Origin,170/198,Energy,,,,Fire,Basic,,,,,,,,,,,,,,Provides 1 Fire Energy.,Energy card: Basic (Fire)
ENRG-10934,Basic Fire Energy,Battle Styles,158/198,Energy,,,,Fire,Basic,,,,,,,,,,,,,,Provides 1 Fire Energy.,Energy card: Basic (Fire)
ENRG-10935,Basic Fire Energy,Scarlet & Violet Base,196/198,Energy,,,,Fire,Basic,,,,,,,,,,,,,,Provides 1 Fire Energy.,Energy card: Basic (Fire)
ENRG-10936,Basic Fire Energy,Evolving Skies,011/198,Energy,,,,Fire,Basic,,,,,,,,,,,,,,Provides 1 Fire Energy.,Energy card: Basic (Fire)
ENRG-10937,Basic Fire Energy,Battle Styles,096/198,Energy,,,,Fire,Basic,,,,,,,,,,,,,,Provides 1 Fire Energy.,Energy card: Basic (Fire)
ENRG-10938,Basic Fire Energy,Brilliant Stars,081/198,Energy,,,,Fire,Basic,,,,,,,,,,,,,,Provides 1 Fire Energy.,Energy card: Basic (Fire)
ENRG-10939,Basic Fire Energy,Battle Styles,148/198,Energy,,,,Fire,Basic,,,,,,,,,,,,,,Provides 1 Fire Energy.,Energy card: Basic (Fire)
ENRG-10940,Basic Fire Energy,Shrouded Fable,126/198,Energy,,,,Fire,Basic,,,,,,,,,,,,,,Provides 1 Fire Energy.,Energy card: Basic (Fire)
ENRG-10941,Basic Fire Energy,Paldean Fates,196/198,Energy,,,,Fire,Basic,,,,,,,,,,,,,,Provides 1 Fire Energy.,Energy card: Basic (Fire)
ENRG-10942,Basic Fire Energy,Chilling Reign,072/198,Energy,,,,Fire,Basic,,,,,,,,,,,,,,Provides 1 Fire Energy.,Energy card: Basic (Fire)
ENRG-10943,Basic Fire Energy,Rebel Clash,057/198,Energy,,,,Fire,Basic,,,,,,,,,,,,,,Provides 1 Fire Energy.,Energy card: Basic (Fire)
ENRG-10944,Basic Fire Energy,Fusion Strike,033/198,Energy,,,,Fire,Basic,,,,,,,,,,,,,,Provides 1 Fire Energy.,Energy card: Basic (Fire)
ENRG-10945,Basic Fire Energy,Paldea Evolved,135/198,Energy,,,,Fire,Basic,,,,,,,,,,,,,,Provides 1 Fire Energy.,Energy card: Basic (Fire)
ENRG-10946,Basic Fire Energy,Darkness Ablaze,123/198,Energy,,,,Fire,Basic,,,,,,,,,,,,,,Provides 1 Fire Energy.,Energy card: Basic (Fire)
ENRG-10947,Basic Fire Energy,Evolving Skies,009/198,Energy,,,,Fire,Basic,,,,,,,,,,,,,,Provides 1 Fire Energy.,Energy card: Basic (Fire)
ENRG-10948,Basic Fire Energy,Chilling Reign,089/198,Energy,,,,Fire,Basic,,,,,,,,,,,,,,Provides 1 Fire Energy.,Energy card: Basic (Fire)
ENRG-10949,Basic Fire Energy,Rebel Clash,176/198,Energy,,,,Fire,Basic,,,,,,,,,,,,,,Provides 1 Fire Energy.,Energy card: Basic (Fire)
ENRG-10950,Basic Water Energy,Vivid Voltage,031/198,Energy,,,,Water,Basic,,,,,,,,,,,,,,Provides 1 Water Energy.,Energy card: Basic (Water)
ENRG-10951,Basic Water Energy,Silver Tempest,133/198,Energy,,,,Water,Basic,,,,,,,,,,,,,,Provides 1 Water Energy.,Energy card: Basic (Water)
ENRG-10952,Basic Water Energy,Vivid Voltage,081/198,Energy,,,,Water,Basic,,,,,,,,,,,,,,Provides 1 Water Energy.,Energy card: Basic (Water)
ENRG-10953,Basic Water Energy,Silver Tempest,003/198,Energy,,,,Water,Basic,,,,,,,,,,,,,,Provides 1 Water Energy.,Energy card: Basic (Water)
ENRG-10954,Basic Water Energy,Scarlet & Violet Base,173/198,Energy,,,,Water,Basic,,,,,,,,,,,,,,Provides 1 Water Energy.,Energy card: Basic (Water)
ENRG-10955,Basic Water Energy,Temporal Forces,098/198,Energy,,,,Water,Basic,,,,,,,,,,,,,,Provides 1 Water Energy.,Energy card: Basic (Water)
ENRG-10956,Basic Water Energy,Fusion Strike,026/198,Energy,,,,Water,Basic,,,,,,,,,,,,,,Provides 1 Water Energy.,Energy card: Basic (Water)
ENRG-10957,Basic Water Energy,Surging Sparks,093/198,Energy,,,,Water,Basic,,,,,,,,,,,,,,Provides 1 Water Energy.,Energy card: Basic (Water)
ENRG-10958,Basic Water Energy,Brilliant Stars,067/198,Energy,,,,Water,Basic,,,,,,,,,,,,,,Provides 1 Water Energy.,Energy card: Basic (Water)
ENRG-10959,Basic Water Energy,Paldean Fates,141/198,Energy,,,,Water,Basic,,,,,,,,,,,,,,Provides 1 Water Energy.,Energy card: Basic (Water)
ENRG-10960,Basic Water Energy,Shrouded Fable,061/198,Energy,,,,Water,Basic,,,,,,,,,,,,,,Provides 1 Water Energy.,Energy card: Basic (Water)
ENRG-10961,Basic Water Energy,Shrouded Fable,121/198,Energy,,,,Water,Basic,,,,,,,,,,,,,,Provides 1 Water Energy.,Energy card: Basic (Water)
ENRG-10962,Basic Water Energy,Brilliant Stars,088/198,Energy,,,,Water,Basic,,,,,,,,,,,,,,Provides 1 Water Energy.,Energy card: Basic (Water)
ENRG-10963,Basic Water Energy,Sword & Shield Base,048/198,Energy,,,,Water,Basic,,,,,,,,,,,,,,Provides 1 Water Energy.,Energy card: Basic (Water)
ENRG-10964,Basic Water Energy,Battle Styles,109/198,Energy,,,,Water,Basic,,,,,,,,,,,,,,Provides 1 Water Energy.,Energy card: Basic (Water)
ENRG-10965,Basic Water Energy,Temporal Forces,108/198,Energy,,,,Water,Basic,,,,,,,,,,,,,,Provides 1 Water Energy.,Energy card: Basic (Water)
ENRG-10966,Basic Water Energy,Silver Tempest,193/198,Energy,,,,Water,Basic,,,,,,,,,,,,,,Provides 1 Water Energy.,Energy card: Basic (Water)
ENRG-10967,Basic Water Energy,Sword & Shield Base,094/198,Energy,,,,Water,Basic,,,,,,,,,,,,,,Provides 1 Water Energy.,Energy card: Basic (Water)
ENRG-10968,Basic Water Energy,Rebel Clash,072/198,Energy,,,,Water,Basic,,,,,,,,,,,,,,Provides 1 Water Energy.,Energy card: Basic (Water)
ENRG-10969,Basic Water Energy,Vivid Voltage,047/198,Energy,,,,Water,Basic,,,,,,,,,,,,,,Provides 1 Water Energy.,Energy card: Basic (Water)
ENRG-10970,Basic Lightning Energy,Fusion Strike,176/198,Energy,,,,Lightning,Basic,,,,,,,,,,,,,,Provides 1 Lightning Energy.,Energy card: Basic (Lightning)
ENRG-10971,Basic Lightning Energy,Twilight Masquerade,026/198,Energy,,,,Lightning,Basic,,,,,,,,,,,,,,Provides 1 Lightning Energy.,Energy card: Basic (Lightning)
ENRG-10972,Basic Lightning Energy,Crown Zenith,070/198,Energy,,,,Lightning,Basic,,,,,,,,,,,,,,Provides 1 Lightning Energy.,Energy card: Basic (Lightning)
ENRG-10973,Basic Lightning Energy,Twilight Masquerade,143/198,Energy,,,,Lightning,Basic,,,,,,,,,,,,,,Provides 1 Lightning Energy.,Energy card: Basic (Lightning)
ENRG-10974,Basic Lightning Energy,Darkness Ablaze,098/198,Energy,,,,Lightning,Basic,,,,,,,,,,,,,,Provides 1 Lightning Energy.,Energy card: Basic (Lightning)
ENRG-10975,Basic Lightning Energy,Temporal Forces,038/198,Energy,,,,Lightning,Basic,,,,,,,,,,,,,,Provides 1 Lightning Energy.,Energy card: Basic (Lightning)
ENRG-10976,Basic Lightning Energy,Crown Zenith,039/198,Energy,,,,Lightning,Basic,,,,,,,,,,,,,,Provides 1 Lightning Energy.,Energy card: Basic (Lightning)
ENRG-10977,Basic Lightning Energy,Battle Styles,003/198,Energy,,,,Lightning,Basic,,,,,,,,,,,,,,Provides 1 Lightning Energy.,Energy card: Basic (Lightning)
ENRG-10978,Basic Lightning Energy,Paldean Fates,108/198,Energy,,,,Lightning,Basic,,,,,,,,,,,,,,Provides 1 Lightning Energy.,Energy card: Basic (Lightning)
ENRG-10979,Basic Lightning Energy,Battle Styles,035/198,Energy,,,,Lightning,Basic,,,,,,,,,,,,,,Provides 1 Lightning Energy.,Energy card: Basic (Lightning)
ENRG-10980,Basic Lightning Energy,Astral Radiance,133/198,Energy,,,,Lightning,Basic,,,,,,,,,,,,,,Provides 1 Lightning Energy.,Energy card: Basic (Lightning)
ENRG-10981,Basic Lightning Energy,Evolving Skies,185/198,Energy,,,,Lightning,Basic,,,,,,,,,,,,,,Provides 1 Lightning Energy.,Energy card: Basic (Lightning)
ENRG-10982,Basic Lightning Energy,Surging Sparks,125/198,Energy,,,,Lightning,Basic,,,,,,,,,,,,,,Provides 1 Lightning Energy.,Energy card: Basic (Lightning)
ENRG-10983,Basic Lightning Energy,Stellar Crown,065/198,Energy,,,,Lightning,Basic,,,,,,,,,,,,,,Provides 1 Lightning Energy.,Energy card: Basic (Lightning)
ENRG-10984,Basic Lightning Energy,Evolving Skies,146/198,Energy,,,,Lightning,Basic,,,,,,,,,,,,,,Provides 1 Lightning Energy.,Energy card: Basic (Lightning)
ENRG-10985,Basic Lightning Energy,Paldea Evolved,102/198,Energy,,,,Lightning,Basic,,,,,,,,,,,,,,Provides 1 Lightning Energy.,Energy card: Basic (Lightning)
ENRG-10986,Basic Lightning Energy,Pokemon 151,177/198,Energy,,,,Lightning,Basic,,,,,,,,,,,,,,Provides 1 Lightning Energy.,Energy card: Basic (Lightning)
ENRG-10987,Basic Lightning Energy,Paldean Fates,016/198,Energy,,,,Lightning,Basic,,,,,,,,,,,,,,Provides 1 Lightning Energy.,Energy card: Basic (Lightning)
ENRG-10988,Basic Lightning Energy,Temporal Forces,066/198,Energy,,,,Lightning,Basic,,,,,,,,,,,,,,Provides 1 Lightning Energy.,Energy card: Basic (Lightning)
ENRG-10989,Basic Psychic Energy,Astral Radiance,025/198,Energy,,,,Psychic,Basic,,,,,,,,,,,,,,Provides 1 Psychic Energy.,Energy card: Basic (Psychic)
ENRG-10990,Basic Psychic Energy,Vivid Voltage,191/198,Energy,,,,Psychic,Basic,,,,,,,,,,,,,,Provides 1 Psychic Energy.,Energy card: Basic (Psychic)
ENRG-10991,Basic Psychic Energy,Surging Sparks,067/198,Energy,,,,Psychic,Basic,,,,,,,,,,,,,,Provides 1 Psychic Energy.,Energy card: Basic (Psychic)
ENRG-10992,Basic Psychic Energy,Sword & Shield Base,093/198,Energy,,,,Psychic,Basic,,,,,,,,,,,,,,Provides 1 Psychic Energy.,Energy card: Basic (Psychic)
ENRG-10993,Basic Psychic Energy,Evolving Skies,143/198,Energy,,,,Psychic,Basic,,,,,,,,,,,,,,Provides 1 Psychic Energy.,Energy card: Basic (Psychic)
ENRG-10994,Basic Psychic Energy,Shrouded Fable,089/198,Energy,,,,Psychic,Basic,,,,,,,,,,,,,,Provides 1 Psychic Energy.,Energy card: Basic (Psychic)
ENRG-10995,Basic Psychic Energy,Scarlet & Violet Base,106/198,Energy,,,,Psychic,Basic,,,,,,,,,,,,,,Provides 1 Psychic Energy.,Energy card: Basic (Psychic)
ENRG-10996,Basic Psychic Energy,Pokemon 151,090/198,Energy,,,,Psychic,Basic,,,,,,,,,,,,,,Provides 1 Psychic Energy.,Energy card: Basic (Psychic)
ENRG-10997,Basic Psychic Energy,Lost Origin,156/198,Energy,,,,Psychic,Basic,,,,,,,,,,,,,,Provides 1 Psychic Energy.,Energy card: Basic (Psychic)
ENRG-10998,Basic Psychic Energy,Temporal Forces,148/198,Energy,,,,Psychic,Basic,,,,,,,,,,,,,,Provides 1 Psychic Energy.,Energy card: Basic (Psychic)
ENRG-10999,Basic Psychic Energy,Fusion Strike,167/198,Energy,,,,Psychic,Basic,,,,,,,,,,,,,,Provides 1 Psychic Energy.,Energy card: Basic (Psychic)
ENRG-11000,Basic Psychic Energy,Astral Radiance,138/198,Energy,,,,Psychic,Basic,,,,,,,,,,,,,,Provides 1 Psychic Energy.,Energy card: Basic (Psychic)
ENRG-11001,Basic Psychic Energy,Paldean Fates,073/198,Energy,,,,Psychic,Basic,,,,,,,,,,,,,,Provides 1 Psychic Energy.,Energy card: Basic (Psychic)
ENRG-11002,Basic Psychic Energy,Sword & Shield Base,084/198,Energy,,,,Psychic,Basic,,,,,,,,,,,,,,Provides 1 Psychic Energy.,Energy card: Basic (Psychic)
ENRG-11003,Basic Psychic Energy,Lost Origin,131/198,Energy,,,,Psychic,Basic,,,,,,,,,,,,,,Provides 1 Psychic Energy.,Energy card: Basic (Psychic)
ENRG-11004,Basic Psychic Energy,Battle Styles,189/198,Energy,,,,Psychic,Basic,,,,,,,,,,,,,,Provides 1 Psychic Energy.,Energy card: Basic (Psychic)
ENRG-11005,Basic Psychic Energy,Vivid Voltage,021/198,Energy,,,,Psychic,Basic,,,,,,,,,,,,,,Provides 1 Psychic Energy.,Energy card: Basic (Psychic)
ENRG-11006,Basic Psychic Energy,Rebel Clash,158/198,Energy,,,,Psychic,Basic,,,,,,,,,,,,,,Provides 1 Psychic Energy.,Energy card: Basic (Psychic)
ENRG-11007,Basic Psychic Energy,Stellar Crown,119/198,Energy,,,,Psychic,Basic,,,,,,,,,,,,,,Provides 1 Psychic Energy.,Energy card: Basic (Psychic)
ENRG-11008,Basic Psychic Energy,Astral Radiance,038/198,Energy,,,,Psychic,Basic,,,,,,,,,,,,,,Provides 1 Psychic Energy.,Energy card: Basic (Psychic)
ENRG-11009,Basic Psychic Energy,Paldean Fates,164/198,Energy,,,,Psychic,Basic,,,,,,,,,,,,,,Provides 1 Psychic Energy.,Energy card: Basic (Psychic)
ENRG-11010,Basic Psychic Energy,Surging Sparks,108/198,Energy,,,,Psychic,Basic,,,,,,,,,,,,,,Provides 1 Psychic Energy.,Energy card: Basic (Psychic)
ENRG-11011,Basic Psychic Energy,Astral Radiance,157/198,Energy,,,,Psychic,Basic,,,,,,,,,,,,,,Provides 1 Psychic Energy.,Energy card: Basic (Psychic)
ENRG-11012,Basic Psychic Energy,Fusion Strike,104/198,Energy,,,,Psychic,Basic,,,,,,,,,,,,,,Provides 1 Psychic Energy.,Energy card: Basic (Psychic)
ENRG-11013,Basic Psychic Energy,Obsidian Flames,021/198,Energy,,,,Psychic,Basic,,,,,,,,,,,,,,Provides 1 Psychic Energy.,Energy card: Basic (Psychic)
ENRG-11014,Basic Psychic Energy,Paldean Fates,088/198,Energy,,,,Psychic,Basic,,,,,,,,,,,,,,Provides 1 Psychic Energy.,Energy card: Basic (Psychic)
ENRG-11015,Basic Psychic Energy,Twilight Masquerade,081/198,Energy,,,,Psychic,Basic,,,,,,,,,,,,,,Provides 1 Psychic Energy.,Energy card: Basic (Psychic)
ENRG-11016,Basic Psychic Energy,Surging Sparks,168/198,Energy,,,,Psychic,Basic,,,,,,,,,,,,,,Provides 1 Psychic Energy.,Energy card: Basic (Psychic)
ENRG-11017,Basic Psychic Energy,Stellar Crown,182/198,Energy,,,,Psychic,Basic,,,,,,,,,,,,,,Provides 1 Psychic Energy.,Energy card: Basic (Psychic)
ENRG-11018,Basic Psychic Energy,Shrouded Fable,155/198,Energy,,,,Psychic,Basic,,,,,,,,,,,,,,Provides 1 Psychic Energy.,Energy card: Basic (Psychic)
ENRG-11019,Basic Fighting Energy,Shrouded Fable,114/198,Energy,,,,Fighting,Basic,,,,,,,,,,,,,,Provides 1 Fighting Energy.,Energy card: Basic (Fighting)
ENRG-11020,Basic Fighting Energy,Sword & Shield Base,192/198,Energy,,,,Fighting,Basic,,,,,,,,,,,,,,Provides 1 Fighting Energy.,Energy card: Basic (Fighting)
ENRG-11021,Basic Fighting Energy,Fusion Strike,134/198,Energy,,,,Fighting,Basic,,,,,,,,,,,,,,Provides 1 Fighting Energy.,Energy card: Basic (Fighting)
ENRG-11022,Basic Fighting Energy,Vivid Voltage,106/198,Energy,,,,Fighting,Basic,,,,,,,,,,,,,,Provides 1 Fighting Energy.,Energy card: Basic (Fighting)
ENRG-11023,Basic Fighting Energy,Paldean Fates,048/198,Energy,,,,Fighting,Basic,,,,,,,,,,,,,,Provides 1 Fighting Energy.,Energy card: Basic (Fighting)
ENRG-11024,Basic Fighting Energy,Scarlet & Violet Base,033/198,Energy,,,,Fighting,Basic,,,,,,,,,,,,,,Provides 1 Fighting Energy.,Energy card: Basic (Fighting)
ENRG-11025,Basic Fighting Energy,Crown Zenith,061/198,Energy,,,,Fighting,Basic,,,,,,,,,,,,,,Provides 1 Fighting Energy.,Energy card: Basic (Fighting)
ENRG-11026,Basic Fighting Energy,Lost Origin,065/198,Energy,,,,Fighting,Basic,,,,,,,,,,,,,,Provides 1 Fighting Energy.,Energy card: Basic (Fighting)
ENRG-11027,Basic Fighting Energy,Crown Zenith,180/198,Energy,,,,Fighting,Basic,,,,,,,,,,,,,,Provides 1 Fighting Energy.,Energy card: Basic (Fighting)
ENRG-11028,Basic Fighting Energy,Crown Zenith,021/198,Energy,,,,Fighting,Basic,,,,,,,,,,,,,,Provides 1 Fighting Energy.,Energy card: Basic (Fighting)
ENRG-11029,Basic Fighting Energy,Temporal Forces,043/198,Energy,,,,Fighting,Basic,,,,,,,,,,,,,,Provides 1 Fighting Energy.,Energy card: Basic (Fighting)
ENRG-11030,Basic Fighting Energy,Rebel Clash,027/198,Energy,,,,Fighting,Basic,,,,,,,,,,,,,,Provides 1 Fighting Energy.,Energy card: Basic (Fighting)
ENRG-11031,Basic Fighting Energy,Pokemon 151,017/198,Energy,,,,Fighting,Basic,,,,,,,,,,,,,,Provides 1 Fighting Energy.,Energy card: Basic (Fighting)
ENRG-11032,Basic Fighting Energy,Battle Styles,141/198,Energy,,,,Fighting,Basic,,,,,,,,,,,,,,Provides 1 Fighting Energy.,Energy card: Basic (Fighting)
ENRG-11033,Basic Fighting Energy,Paldea Evolved,007/198,Energy,,,,Fighting,Basic,,,,,,,,,,,,,,Provides 1 Fighting Energy.,Energy card: Basic (Fighting)
ENRG-11034,Basic Fighting Energy,Rebel Clash,135/198,Energy,,,,Fighting,Basic,,,,,,,,,,,,,,Provides 1 Fighting Energy.,Energy card: Basic (Fighting)
ENRG-11035,Basic Fighting Energy,Obsidian Flames,027/198,Energy,,,,Fighting,Basic,,,,,,,,,,,,,,Provides 1 Fighting Energy.,Energy card: Basic (Fighting)
ENRG-11036,Basic Fighting Energy,Shrouded Fable,159/198,Energy,,,,Fighting,Basic,,,,,,,,,,,,,,Provides 1 Fighting Energy.,Energy card: Basic (Fighting)
ENRG-11037,Basic Fighting Energy,Paradox Rift,022/198,Energy,,,,Fighting,Basic,,,,,,,,,,,,,,Provides 1 Fighting Energy.,Energy card: Basic (Fighting)
ENRG-11038,Basic Fighting Energy,Astral Radiance,100/198,Energy,,,,Fighting,Basic,,,,,,,,,,,,,,Provides 1 Fighting Energy.,Energy card: Basic (Fighting)
ENRG-11039,Basic Fighting Energy,Stellar Crown,059/198,Energy,,,,Fighting,Basic,,,,,,,,,,,,,,Provides 1 Fighting Energy.,Energy card: Basic (Fighting)
ENRG-11040,Basic Fighting Energy,Twilight Masquerade,189/198,Energy,,,,Fighting,Basic,,,,,,,,,,,,,,Provides 1 Fighting Energy.,Energy card: Basic (Fighting)
ENRG-11041,Basic Fighting Energy,Stellar Crown,114/198,Energy,,,,Fighting,Basic,,,,,,,,,,,,,,Provides 1 Fighting Energy.,Energy card: Basic (Fighting)
ENRG-11042,Basic Fighting Energy,Astral Radiance,033/198,Energy,,,,Fighting,Basic,,,,,,,,,,,,,,Provides 1 Fighting Energy.,Energy card: Basic (Fighting)
ENRG-11043,Basic Fighting Energy,Paradox Rift,135/198,Energy,,,,Fighting,Basic,,,,,,,,,,,,,,Provides 1 Fighting Energy.,Energy card: Basic (Fighting)
ENRG-11044,Basic Fighting Energy,Paldean Fates,008/198,Energy,,,,Fighting,Basic,,,,,,,,,,,,,,Provides 1 Fighting Energy.,Energy card: Basic (Fighting)
ENRG-11045,Basic Fighting Energy,Paldea Evolved,170/198,Energy,,,,Fighting,Basic,,,,,,,,,,,,,,Provides 1 Fighting Energy.,Energy card: Basic (Fighting)
ENRG-11046,Basic Darkness Energy,Surging Sparks,122/198,Energy,,,,Darkness,Basic,,,,,,,,,,,,,,Provides 1 Darkness Energy.,Energy card: Basic (Darkness)
ENRG-11047,Basic Darkness Energy,Vivid Voltage,139/198,Energy,,,,Darkness,Basic,,,,,,,,,,,,,,Provides 1 Darkness Energy.,Energy card: Basic (Darkness)
ENRG-11048,Basic Darkness Energy,Shrouded Fable,141/198,Energy,,,,Darkness,Basic,,,,,,,,,,,,,,Provides 1 Darkness Energy.,Energy card: Basic (Darkness)
ENRG-11049,Basic Darkness Energy,Vivid Voltage,035/198,Energy,,,,Darkness,Basic,,,,,,,,,,,,,,Provides 1 Darkness Energy.,Energy card: Basic (Darkness)
ENRG-11050,Basic Darkness Energy,Silver Tempest,139/198,Energy,,,,Darkness,Basic,,,,,,,,,,,,,,Provides 1 Darkness Energy.,Energy card: Basic (Darkness)
ENRG-11051,Basic Darkness Energy,Paldean Fates,152/198,Energy,,,,Darkness,Basic,,,,,,,,,,,,,,Provides 1 Darkness Energy.,Energy card: Basic (Darkness)
ENRG-11052,Basic Darkness Energy,Brilliant Stars,117/198,Energy,,,,Darkness,Basic,,,,,,,,,,,,,,Provides 1 Darkness Energy.,Energy card: Basic (Darkness)
ENRG-11053,Basic Darkness Energy,Astral Radiance,192/198,Energy,,,,Darkness,Basic,,,,,,,,,,,,,,Provides 1 Darkness Energy.,Energy card: Basic (Darkness)
ENRG-11054,Basic Darkness Energy,Astral Radiance,145/198,Energy,,,,Darkness,Basic,,,,,,,,,,,,,,Provides 1 Darkness Energy.,Energy card: Basic (Darkness)
ENRG-11055,Basic Darkness Energy,Darkness Ablaze,135/198,Energy,,,,Darkness,Basic,,,,,,,,,,,,,,Provides 1 Darkness Energy.,Energy card: Basic (Darkness)
ENRG-11056,Basic Darkness Energy,Astral Radiance,164/198,Energy,,,,Darkness,Basic,,,,,,,,,,,,,,Provides 1 Darkness Energy.,Energy card: Basic (Darkness)
ENRG-11057,Basic Darkness Energy,Evolving Skies,080/198,Energy,,,,Darkness,Basic,,,,,,,,,,,,,,Provides 1 Darkness Energy.,Energy card: Basic (Darkness)
ENRG-11058,Basic Darkness Energy,Sword & Shield Base,124/198,Energy,,,,Darkness,Basic,,,,,,,,,,,,,,Provides 1 Darkness Energy.,Energy card: Basic (Darkness)
ENRG-11059,Basic Darkness Energy,Evolving Skies,059/198,Energy,,,,Darkness,Basic,,,,,,,,,,,,,,Provides 1 Darkness Energy.,Energy card: Basic (Darkness)
ENRG-11060,Basic Darkness Energy,Obsidian Flames,114/198,Energy,,,,Darkness,Basic,,,,,,,,,,,,,,Provides 1 Darkness Energy.,Energy card: Basic (Darkness)
ENRG-11061,Basic Darkness Energy,Stellar Crown,094/198,Energy,,,,Darkness,Basic,,,,,,,,,,,,,,Provides 1 Darkness Energy.,Energy card: Basic (Darkness)
ENRG-11062,Basic Darkness Energy,Darkness Ablaze,067/198,Energy,,,,Darkness,Basic,,,,,,,,,,,,,,Provides 1 Darkness Energy.,Energy card: Basic (Darkness)
ENRG-11063,Basic Darkness Energy,Paradox Rift,078/198,Energy,,,,Darkness,Basic,,,,,,,,,,,,,,Provides 1 Darkness Energy.,Energy card: Basic (Darkness)
ENRG-11064,Basic Darkness Energy,Scarlet & Violet Base,001/198,Energy,,,,Darkness,Basic,,,,,,,,,,,,,,Provides 1 Darkness Energy.,Energy card: Basic (Darkness)
ENRG-11065,Basic Darkness Energy,Chilling Reign,195/198,Energy,,,,Darkness,Basic,,,,,,,,,,,,,,Provides 1 Darkness Energy.,Energy card: Basic (Darkness)
ENRG-11066,Basic Darkness Energy,Paradox Rift,089/198,Energy,,,,Darkness,Basic,,,,,,,,,,,,,,Provides 1 Darkness Energy.,Energy card: Basic (Darkness)
ENRG-11067,Basic Darkness Energy,Stellar Crown,121/198,Energy,,,,Darkness,Basic,,,,,,,,,,,,,,Provides 1 Darkness Energy.,Energy card: Basic (Darkness)
ENRG-11068,Basic Darkness Energy,Evolving Skies,003/198,Energy,,,,Darkness,Basic,,,,,,,,,,,,,,Provides 1 Darkness Energy.,Energy card: Basic (Darkness)
ENRG-11069,Basic Darkness Energy,Silver Tempest,126/198,Energy,,,,Darkness,Basic,,,,,,,,,,,,,,Provides 1 Darkness Energy.,Energy card: Basic (Darkness)
ENRG-11070,Basic Darkness Energy,Battle Styles,077/198,Energy,,,,Darkness,Basic,,,,,,,,,,,,,,Provides 1 Darkness Energy.,Energy card: Basic (Darkness)
ENRG-11071,Basic Darkness Energy,Scarlet & Violet Base,197/198,Energy,,,,Darkness,Basic,,,,,,,,,,,,,,Provides 1 Darkness Energy.,Energy card: Basic (Darkness)
ENRG-11072,Basic Metal Energy,Stellar Crown,153/198,Energy,,,,Metal,Basic,,,,,,,,,,,,,,Provides 1 Metal Energy.,Energy card: Basic (Metal)
ENRG-11073,Basic Metal Energy,Twilight Masquerade,002/198,Energy,,,,Metal,Basic,,,,,,,,,,,,,,Provides 1 Metal Energy.,Energy card: Basic (Metal)
ENRG-11074,Basic Metal Energy,Evolving Skies,096/198,Energy,,,,Metal,Basic,,,,,,,,,,,,,,Provides 1 Metal Energy.,Energy card: Basic (Metal)
ENRG-11075,Basic Metal Energy,Temporal Forces,106/198,Energy,,,,Metal,Basic,,,,,,,,,,,,,,Provides 1 Metal Energy.,Energy card: Basic (Metal)
ENRG-11076,Basic Metal Energy,Evolving Skies,112/198,Energy,,,,Metal,Basic,,,,,,,,,,,,,,Provides 1 Metal Energy.,Energy card: Basic (Metal)
ENRG-11077,Basic Metal Energy,Rebel Clash,064/198,Energy,,,,Metal,Basic,,,,,,,,,,,,,,Provides 1 Metal Energy.,Energy card: Basic (Metal)
ENRG-11078,Basic Metal Energy,Paldean Fates,184/198,Energy,,,,Metal,Basic,,,,,,,,,,,,,,Provides 1 Metal Energy.,Energy card: Basic (Metal)
ENRG-11079,Basic Metal Energy,Crown Zenith,166/198,Energy,,,,Metal,Basic,,,,,,,,,,,,,,Provides 1 Metal Energy.,Energy card: Basic (Metal)
ENRG-11080,Basic Metal Energy,Rebel Clash,097/198,Energy,,,,Metal,Basic,,,,,,,,,,,,,,Provides 1 Metal Energy.,Energy card: Basic (Metal)
ENRG-11081,Basic Metal Energy,Twilight Masquerade,068/198,Energy,,,,Metal,Basic,,,,,,,,,,,,,,Provides 1 Metal Energy.,Energy card: Basic (Metal)
ENRG-11082,Basic Metal Energy,Obsidian Flames,109/198,Energy,,,,Metal,Basic,,,,,,,,,,,,,,Provides 1 Metal Energy.,Energy card: Basic (Metal)
ENRG-11083,Basic Metal Energy,Astral Radiance,062/198,Energy,,,,Metal,Basic,,,,,,,,,,,,,,Provides 1 Metal Energy.,Energy card: Basic (Metal)
ENRG-11084,Basic Metal Energy,Chilling Reign,196/198,Energy,,,,Metal,Basic,,,,,,,,,,,,,,Provides 1 Metal Energy.,Energy card: Basic (Metal)
ENRG-11085,Basic Metal Energy,Brilliant Stars,178/198,Energy,,,,Metal,Basic,,,,,,,,,,,,,,Provides 1 Metal Energy.,Energy card: Basic (Metal)
ENRG-11086,Basic Metal Energy,Lost Origin,070/198,Energy,,,,Metal,Basic,,,,,,,,,,,,,,Provides 1 Metal Energy.,Energy card: Basic (Metal)
ENRG-11087,Basic Metal Energy,Stellar Crown,167/198,Energy,,,,Metal,Basic,,,,,,,,,,,,,,Provides 1 Metal Energy.,Energy card: Basic (Metal)
ENRG-11088,Basic Metal Energy,Crown Zenith,137/198,Energy,,,,Metal,Basic,,,,,,,,,,,,,,Provides 1 Metal Energy.,Energy card: Basic (Metal)
ENRG-11089,Basic Metal Energy,Shrouded Fable,106/198,Energy,,,,Metal,Basic,,,,,,,,,,,,,,Provides 1 Metal Energy.,Energy card: Basic (Metal)
ENRG-11090,Basic Metal Energy,Temporal Forces,018/198,Energy,,,,Metal,Basic,,,,,,,,,,,,,,Provides 1 Metal Energy.,Energy card: Basic (Metal)
ENRG-11091,Basic Metal Energy,Paldean Fates,035/198,Energy,,,,Metal,Basic,,,,,,,,,,,,,,Provides 1 Metal Energy.,Energy card: Basic (Metal)
ENRG-11092,Basic Metal Energy,Stellar Crown,029/198,Energy,,,,Metal,Basic,,,,,,,,,,,,,,Provides 1 Metal Energy.,Energy card: Basic (Metal)
ENRG-11093,Basic Metal Energy,Astral Radiance,117/198,Energy,,,,Metal,Basic,,,,,,,,,,,,,,Provides 1 Metal Energy.,Energy card: Basic (Metal)
ENRG-11094,Basic Metal Energy,Brilliant Stars,116/198,Energy,,,,Metal,Basic,,,,,,,,,,,,,,Provides 1 Metal Energy.,Energy card: Basic (Metal)
ENRG-11095,Basic Metal Energy,Shrouded Fable,180/198,Energy,,,,Metal,Basic,,,,,,,,,,,,,,Provides 1 Metal Energy.,Energy card: Basic (Metal)
ENRG-11096,Basic Metal Energy,Brilliant Stars,126/198,Energy,,,,Metal,Basic,,,,,,,,,,,,,,Provides 1 Metal Energy.,Energy card: Basic (Metal)
ENRG-11097,Basic Metal Energy,Temporal Forces,083/198,Energy,,,,Metal,Basic,,,,,,,,,,,,,,Provides 1 Metal Energy.,Energy card: Basic (Metal)
ENRG-11098,Basic Metal Energy,Scarlet & Violet Base,039/198,Energy,,,,Metal,Basic,,,,,,,,,,,,,,Provides 1 Metal Energy.,Energy card: Basic (Metal)
ENRG-11099,Basic Metal Energy,Paldea Evolved,137/198,Energy,,,,Metal,Basic,,,,,,,,,,,,,,Provides 1 Metal Energy.,Energy card: Basic (Metal)
ENRG-11100,Double Turbo Energy,Paldean Fates,027/198,Energy,,,,Colorless,Special,,,,,,,,,,,,,,Provides 2 Colorless Energy. Attacks do 20 less damage.,Energy card: Special (Colorless)
ENRG-11101,Double Turbo Energy,Stellar Crown,069/198,Energy,,,,Colorless,Special,,,,,,,,,,,,,,Provides 2 Colorless Energy. Attacks do 20 less damage.,Energy card: Special (Colorless)
ENRG-11102,Double Turbo Energy,Paradox Rift,184/198,Energy,,,,Colorless,Special,,,,,,,,,,,,,,Provides 2 Colorless Energy. Attacks do 20 less damage.,Energy card: Special (Colorless)
ENRG-11103,Double Turbo Energy,Vivid Voltage,187/198,Energy,,,,Colorless,Special,,,,,,,,,,,,,,Provides 2 Colorless Energy. Attacks do 20 less damage.,Energy card: Special (Colorless)
ENRG-11104,Double Turbo Energy,Scarlet & Violet Base,060/198,Energy,,,,Colorless,Special,,,,,,,,,,,,,,Provides 2 Colorless Energy. Attacks do 20 less damage.,Energy card: Special (Colorless)
ENRG-11105,Double Turbo Energy,Obsidian Flames,039/198,Energy,,,,Colorless,Special,,,,,,,,,,,,,,Provides 2 Colorless Energy. Attacks do 20 less damage.,Energy card: Special (Colorless)
ENRG-11106,Double Turbo Energy,Scarlet & Violet Base,127/198,Energy,,,,Colorless,Special,,,,,,,,,,,,,,Provides 2 Colorless Energy. Attacks do 20 less damage.,Energy card: Special (Colorless)
ENRG-11107,Double Turbo Energy,Temporal Forces,088/198,Energy,,,,Colorless,Special,,,,,,,,,,,,,,Provides 2 Colorless Energy. Attacks do 20 less damage.,Energy card: Special (Colorless)
ENRG-11108,Double Turbo Energy,Darkness Ablaze,080/198,Energy,,,,Colorless,Special,,,,,,,,,,,,,,Provides 2 Colorless Energy. Attacks do 20 less damage.,Energy card: Special (Colorless)
ENRG-11109,Double Turbo Energy,Battle Styles,096/198,Energy,,,,Colorless,Special,,,,,,,,,,,,,,Provides 2 Colorless Energy. Attacks do 20 less damage.,Energy card: Special (Colorless)
ENRG-11110,Double Turbo Energy,Vivid Voltage,179/198,Energy,,,,Colorless,Special,,,,,,,,,,,,,,Provides 2 Colorless Energy. Attacks do 20 less damage.,Energy card: Special (Colorless)
ENRG-11111,Double Turbo Energy,Paldea Evolved,085/198,Energy,,,,Colorless,Special,,,,,,,,,,,,,,Provides 2 Colorless Energy. Attacks do 20 less damage.,Energy card: Special (Colorless)
ENRG-11112,Double Turbo Energy,Obsidian Flames,193/198,Energy,,,,Colorless,Special,,,,,,,,,,,,,,Provides 2 Colorless Energy. Attacks do 20 less damage.,Energy card: Special (Colorless)
ENRG-11113,Double Turbo Energy,Paradox Rift,015/198,Energy,,,,Colorless,Special,,,,,,,,,,,,,,Provides 2 Colorless Energy. Attacks do 20 less damage.,Energy card: Special (Colorless)
ENRG-11114,Double Turbo Energy,Shrouded Fable,101/198,Energy,,,,Colorless,Special,,,,,,,,,,,,,,Provides 2 Colorless Energy. Attacks do 20 less damage.,Energy card: Special (Colorless)
ENRG-11115,Jet Energy,Evolving Skies,121/198,Energy,,,,Colorless,Special,,,,,,,,,,,,,,"Provides 1 Colorless Energy. When attached to Benched Pokemon, switch to Active.",Energy card: Special (Colorless)
ENRG-11116,Jet Energy,Paldean Fates,050/198,Energy,,,,Colorless,Special,,,,,,,,,,,,,,"Provides 1 Colorless Energy. When attached to Benched Pokemon, switch to Active.",Energy card: Special (Colorless)
ENRG-11117,Jet Energy,Shrouded Fable,098/198,Energy,,,,Colorless,Special,,,,,,,,,,,,,,"Provides 1 Colorless Energy. When attached to Benched Pokemon, switch to Active.",Energy card: Special (Colorless)
ENRG-11118,Jet Energy,Scarlet & Violet Base,032/198,Energy,,,,Colorless,Special,,,,,,,,,,,,,,"Provides 1 Colorless Energy. When attached to Benched Pokemon, switch to Active.",Energy card: Special (Colorless)
ENRG-11119,Jet Energy,Silver Tempest,064/198,Energy,,,,Colorless,Special,,,,,,,,,,,,,,"Provides 1 Colorless Energy. When attached to Benched Pokemon, switch to Active.",Energy card: Special (Colorless)
ENRG-11120,Jet Energy,Rebel Clash,198/198,Energy,,,,Colorless,Special,,,,,,,,,,,,,,"Provides 1 Colorless Energy. When attached to Benched Pokemon, switch to Active.",Energy card: Special (Colorless)
ENRG-11121,Jet Energy,Vivid Voltage,064/198,Energy,,,,Colorless,Special,,,,,,,,,,,,,,"Provides 1 Colorless Energy. When attached to Benched Pokemon, switch to Active.",Energy card: Special (Colorless)
ENRG-11122,Jet Energy,Crown Zenith,009/198,Energy,,,,Colorless,Special,,,,,,,,,,,,,,"Provides 1 Colorless Energy. When attached to Benched Pokemon, switch to Active.",Energy card: Special (Colorless)
ENRG-11123,Jet Energy,Temporal Forces,118/198,Energy,,,,Colorless,Special,,,,,,,,,,,,,,"Provides 1 Colorless Energy. When attached to Benched Pokemon, switch to Active.",Energy card: Special (Colorless)
ENRG-11124,Jet Energy,Crown Zenith,198/198,Energy,,,,Colorless,Special,,,,,,,,,,,,,,"Provides 1 Colorless Energy. When attached to Benched Pokemon, switch to Active.",Energy card: Special (Colorless)
ENRG-11125,Jet Energy,Pokemon 151,134/198,Energy,,,,Colorless,Special,,,,,,,,,,,,,,"Provides 1 Colorless Energy. When attached to Benched Pokemon, switch to Active.",Energy card: Special (Colorless)
ENRG-11126,Jet Energy,Lost Origin,054/198,Energy,,,,Colorless,Special,,,,,,,,,,,,,,"Provides 1 Colorless Energy. When attached to Benched Pokemon, switch to Active.",Energy card: Special (Colorless)
ENRG-11127,Jet Energy,Battle Styles,100/198,Energy,,,,Colorless,Special,,,,,,,,,,,,,,"Provides 1 Colorless Energy. When attached to Benched Pokemon, switch to Active.",Energy card: Special (Colorless)
ENRG-11128,Jet Energy,Lost Origin,080/198,Energy,,,,Colorless,Special,,,,,,,,,,,,,,"Provides 1 Colorless Energy. When attached to Benched Pokemon, switch to Active.",Energy card: Special (Colorless)
ENRG-11129,Jet Energy,Surging Sparks,041/198,Energy,,,,Colorless,Special,,,,,,,,,,,,,,"Provides 1 Colorless Energy. When attached to Benched Pokemon, switch to Active.",Energy card: Special (Colorless)
ENRG-11130,Jet Energy,Astral Radiance,187/198,Energy,,,,Colorless,Special,,,,,,,,,,,,,,"Provides 1 Colorless Energy. When attached to Benched Pokemon, switch to Active.",Energy card: Special (Colorless)
ENRG-11131,Jet Energy,Paldea Evolved,191/198,Energy,,,,Colorless,Special,,,,,,,,,,,,,,"Provides 1 Colorless Energy. When attached to Benched Pokemon, switch to Active.",Energy card: Special (Colorless)
ENRG-11132,Mist Energy,Shrouded Fable,124/198,Energy,,,,Colorless,Special,,,,,,,,,,,,,,Provides 1 Colorless Energy. Prevent all effects of attacks done to this Pokemon.,Energy card: Special (Colorless)
ENRG-11133,Mist Energy,Astral Radiance,077/198,Energy,,,,Colorless,Special,,,,,,,,,,,,,,Provides 1 Colorless Energy. Prevent all effects of attacks done to this Pokemon.,Energy card: Special (Colorless)
ENRG-11134,Mist Energy,Temporal Forces,093/198,Energy,,,,Colorless,Special,,,,,,,,,,,,,,Provides 1 Colorless Energy. Prevent all effects of attacks done to this Pokemon.,Energy card: Special (Colorless)
ENRG-11135,Mist Energy,Paldea Evolved,171/198,Energy,,,,Colorless,Special,,,,,,,,,,,,,,Provides 1 Colorless Energy. Prevent all effects of attacks done to this Pokemon.,Energy card: Special (Colorless)
ENRG-11136,Mist Energy,Temporal Forces,029/198,Energy,,,,Colorless,Special,,,,,,,,,,,,,,Provides 1 Colorless Energy. Prevent all effects of attacks done to this Pokemon.,Energy card: Special (Colorless)
ENRG-11137,Mist Energy,Twilight Masquerade,163/198,Energy,,,,Colorless,Special,,,,,,,,,,,,,,Provides 1 Colorless Energy. Prevent all effects of attacks done to this Pokemon.,Energy card: Special (Colorless)
ENRG-11138,Mist Energy,Darkness Ablaze,084/198,Energy,,,,Colorless,Special,,,,,,,,,,,,,,Provides 1 Colorless Energy. Prevent all effects of attacks done to this Pokemon.,Energy card: Special (Colorless)
ENRG-11139,Mist Energy,Scarlet & Violet Base,043/198,Energy,,,,Colorless,Special,,,,,,,,,,,,,,Provides 1 Colorless Energy. Prevent all effects of attacks done to this Pokemon.,Energy card: Special (Colorless)
ENRG-11140,Mist Energy,Shrouded Fable,150/198,Energy,,,,Colorless,Special,,,,,,,,,,,,,,Provides 1 Colorless Energy. Prevent all effects of attacks done to this Pokemon.,Energy card: Special (Colorless)
ENRG-11141,Mist Energy,Pokemon 151,102/198,Energy,,,,Colorless,Special,,,,,,,,,,,,,,Provides 1 Colorless Energy. Prevent all effects of attacks done to this Pokemon.,Energy card: Special (Colorless)
ENRG-11142,Mist Energy,Twilight Masquerade,003/198,Energy,,,,Colorless,Special,,,,,,,,,,,,,,Provides 1 Colorless Energy. Prevent all effects of attacks done to this Pokemon.,Energy card: Special (Colorless)
ENRG-11143,Mist Energy,Paldea Evolved,149/198,Energy,,,,Colorless,Special,,,,,,,,,,,,,,Provides 1 Colorless Energy. Prevent all effects of attacks done to this Pokemon.,Energy card: Special (Colorless)
ENRG-11144,Mist Energy,Silver Tempest,122/198,Energy,,,,Colorless,Special,,,,,,,,,,,,,,Provides 1 Colorless Energy. Prevent all effects of attacks done to this Pokemon.,Energy card: Special (Colorless)
ENRG-11145,Mist Energy,Silver Tempest,153/198,Energy,,,,Colorless,Special,,,,,,,,,,,,,,Provides 1 Colorless Energy. Prevent all effects of attacks done to this Pokemon.,Energy card: Special (Colorless)
ENRG-11146,Mist Energy,Paradox Rift,096/198,Energy,,,,Colorless,Special,,,,,,,,,,,,,,Provides 1 Colorless Energy. Prevent all effects of attacks done to this Pokemon.,Energy card: Special (Colorless)
ENRG-11147,Mist Energy,Obsidian Flames,064/198,Energy,,,,Colorless,Special,,,,,,,,,,,,,,Provides 1 Colorless Energy. Prevent all effects of attacks done to this Pokemon.,Energy card: Special (Colorless)
ENRG-11148,Mist Energy,Paldean Fates,128/198,Energy,,,,Colorless,Special,,,,,,,,,,,,,,Provides 1 Colorless Energy. Prevent all effects of attacks done to this Pokemon.,Energy card: Special (Colorless)
ENRG-11149,Mist Energy,Obsidian Flames,176/198,Energy,,,,Colorless,Special,,,,,,,,,,,,,,Provides 1 Colorless Energy. Prevent all effects of attacks done to this Pokemon.,Energy card: Special (Colorless)
ENRG-11150,Reversal Energy,Astral Radiance,016/198,Energy,,,,Colorless,Special,,,,,,,,,,,,,,"If behind in prizes and on Evolution without Rule Box, provides 3 Energy of any type.",Energy card: Special (Colorless)
ENRG-11151,Reversal Energy,Paldea Evolved,092/198,Energy,,,,Colorless,Special,,,,,,,,,,,,,,"If behind in prizes and on Evolution without Rule Box, provides 3 Energy of any type.",Energy card: Special (Colorless)
ENRG-11152,Reversal Energy,Astral Radiance,040/198,Energy,,,,Colorless,Special,,,,,,,,,,,,,,"If behind in prizes and on Evolution without Rule Box, provides 3 Energy of any type.",Energy card: Special (Colorless)
ENRG-11153,Reversal Energy,Silver Tempest,138/198,Energy,,,,Colorless,Special,,,,,,,,,,,,,,"If behind in prizes and on Evolution without Rule Box, provides 3 Energy of any type.",Energy card: Special (Colorless)
ENRG-11154,Reversal Energy,Pokemon 151,033/198,Energy,,,,Colorless,Special,,,,,,,,,,,,,,"If behind in prizes and on Evolution without Rule Box, provides 3 Energy of any type.",Energy card: Special (Colorless)
ENRG-11155,Reversal Energy,Battle Styles,060/198,Energy,,,,Colorless,Special,,,,,,,,,,,,,,"If behind in prizes and on Evolution without Rule Box, provides 3 Energy of any type.",Energy card: Special (Colorless)
ENRG-11156,Reversal Energy,Surging Sparks,143/198,Energy,,,,Colorless,Special,,,,,,,,,,,,,,"If behind in prizes and on Evolution without Rule Box, provides 3 Energy of any type.",Energy card: Special (Colorless)
ENRG-11157,Reversal Energy,Astral Radiance,194/198,Energy,,,,Colorless,Special,,,,,,,,,,,,,,"If behind in prizes and on Evolution without Rule Box, provides 3 Energy of any type.",Energy card: Special (Colorless)
ENRG-11158,Reversal Energy,Sword & Shield Base,113/198,Energy,,,,Colorless,Special,,,,,,,,,,,,,,"If behind in prizes and on Evolution without Rule Box, provides 3 Energy of any type.",Energy card: Special (Colorless)
ENRG-11159,Reversal Energy,Crown Zenith,050/198,Energy,,,,Colorless,Special,,,,,,,,,,,,,,"If behind in prizes and on Evolution without Rule Box, provides 3 Energy of any type.",Energy card: Special (Colorless)
ENRG-11160,Reversal Energy,Scarlet & Violet Base,177/198,Energy,,,,Colorless,Special,,,,,,,,,,,,,,"If behind in prizes and on Evolution without Rule Box, provides 3 Energy of any type.",Energy card: Special (Colorless)
ENRG-11161,Reversal Energy,Rebel Clash,092/198,Energy,,,,Colorless,Special,,,,,,,,,,,,,,"If behind in prizes and on Evolution without Rule Box, provides 3 Energy of any type.",Energy card: Special (Colorless)
ENRG-11162,Reversal Energy,Crown Zenith,035/198,Energy,,,,Colorless,Special,,,,,,,,,,,,,,"If behind in prizes and on Evolution without Rule Box, provides 3 Energy of any type.",Energy card: Special (Colorless)
ENRG-11163,Reversal Energy,Shrouded Fable,011/198,Energy,,,,Colorless,Special,,,,,,,,,,,,,,"If behind in prizes and on Evolution without Rule Box, provides 3 Energy of any type.",Energy card: Special (Colorless)
ENRG-11164,Reversal Energy,Battle Styles,181/198,Energy,,,,Colorless,Special,,,,,,,,,,,,,,"If behind in prizes and on Evolution without Rule Box, provides 3 Energy of any type.",Energy card: Special (Colorless)
ENRG-11165,Reversal Energy,Vivid Voltage,144/198,Energy,,,,Colorless,Special,,,,,,,,,,,,,,"If behind in prizes and on Evolution without Rule Box, provides 3 Energy of any type.",Energy card: Special (Colorless)
ENRG-11166,Reversal Energy,Stellar Crown,139/198,Energy,,,,Colorless,Special,,,,,,,,,,,,,,"If behind in prizes and on Evolution without Rule Box, provides 3 Energy of any type.",Energy card: Special (Colorless)
ENRG-11167,Reversal Energy,Silver Tempest,126/198,Energy,,,,Colorless,Special,,,,,,,,,,,,,,"If behind in prizes and on Evolution without Rule Box, provides 3 Energy of any type.",Energy card: Special (Colorless)
ENRG-11168,Reversal Energy,Temporal Forces,146/198,Energy,,,,Colorless,Special,,,,,,,,,,,,,,"If behind in prizes and on Evolution without Rule Box, provides 3 Energy of any type.",Energy card: Special (Colorless)
ENRG-11169,Reversal Energy,Paldean Fates,140/198,Energy,,,,Colorless,Special,,,,,,,,,,,,,,"If behind in prizes and on Evolution without Rule Box, provides 3 Energy of any type.",Energy card: Special (Colorless)
ENRG-11170,Reversal Energy,Sword & Shield Base,083/198,Energy,,,,Colorless,Special,,,,,,,,,,,,,,"If behind in prizes and on Evolution without Rule Box, provides 3 Energy of any type.",Energy card: Special (Colorless)
ENRG-11171,Reversal Energy,Crown Zenith,120/198,Energy,,,,Colorless,Special,,,,,,,,,,,,,,"If behind in prizes and on Evolution without Rule Box, provides 3 Energy of any type.",Energy card: Special (Colorless)
ENRG-11172,Reversal Energy,Shrouded Fable,154/198,Energy,,,,Colorless,Special,,,,,,,,,,,,,,"If behind in prizes and on Evolution without Rule Box, provides 3 Energy of any type.",Energy card: Special (Colorless)
ENRG-11173,Reversal Energy,Evolving Skies,042/198,Energy,,,,Colorless,Special,,,,,,,,,,,,,,"If behind in prizes and on Evolution without Rule Box, provides 3 Energy of any type.",Energy card: Special (Colorless)
ENRG-11174,Reversal Energy,Obsidian Flames,136/198,Energy,,,,Colorless,Special,,,,,,,,,,,,,,"If behind in prizes and on Evolution without Rule Box, provides 3 Energy of any type.",Energy card: Special (Colorless)
ENRG-11175,Gift Energy,Vivid Voltage,076/198,Energy,,,,Colorless,Special,,,,,,,,,,,,,,"Provides 1 Colorless Energy. When attached Pokemon is KO'd, draw until you have 7 in hand.",Energy card: Special (Colorless)
ENRG-11176,Gift Energy,Shrouded Fable,139/198,Energy,,,,Colorless,Special,,,,,,,,,,,,,,"Provides 1 Colorless Energy. When attached Pokemon is KO'd, draw until you have 7 in hand.",Energy card: Special (Colorless)
ENRG-11177,Gift Energy,Sword & Shield Base,117/198,Energy,,,,Colorless,Special,,,,,,,,,,,,,,"Provides 1 Colorless Energy. When attached Pokemon is KO'd, draw until you have 7 in hand.",Energy card: Special (Colorless)
ENRG-11178,Gift Energy,Scarlet & Violet Base,164/198,Energy,,,,Colorless,Special,,,,,,,,,,,,,,"Provides 1 Colorless Energy. When attached Pokemon is KO'd, draw until you have 7 in hand.",Energy card: Special (Colorless)
ENRG-11179,Gift Energy,Chilling Reign,098/198,Energy,,,,Colorless,Special,,,,,,,,,,,,,,"Provides 1 Colorless Energy. When attached Pokemon is KO'd, draw until you have 7 in hand.",Energy card: Special (Colorless)
ENRG-11180,Gift Energy,Crown Zenith,048/198,Energy,,,,Colorless,Special,,,,,,,,,,,,,,"Provides 1 Colorless Energy. When attached Pokemon is KO'd, draw until you have 7 in hand.",Energy card: Special (Colorless)
ENRG-11181,Gift Energy,Scarlet & Violet Base,159/198,Energy,,,,Colorless,Special,,,,,,,,,,,,,,"Provides 1 Colorless Energy. When attached Pokemon is KO'd, draw until you have 7 in hand.",Energy card: Special (Colorless)
ENRG-11182,Gift Energy,Sword & Shield Base,159/198,Energy,,,,Colorless,Special,,,,,,,,,,,,,,"Provides 1 Colorless Energy. When attached Pokemon is KO'd, draw until you have 7 in hand.",Energy card: Special (Colorless)
ENRG-11183,Gift Energy,Twilight Masquerade,083/198,Energy,,,,Colorless,Special,,,,,,,,,,,,,,"Provides 1 Colorless Energy. When attached Pokemon is KO'd, draw until you have 7 in hand.",Energy card: Special (Colorless)
ENRG-11184,Gift Energy,Crown Zenith,017/198,Energy,,,,Colorless,Special,,,,,,,,,,,,,,"Provides 1 Colorless Energy. When attached Pokemon is KO'd, draw until you have 7 in hand.",Energy card: Special (Colorless)
ENRG-11185,Gift Energy,Lost Origin,138/198,Energy,,,,Colorless,Special,,,,,,,,,,,,,,"Provides 1 Colorless Energy. When attached Pokemon is KO'd, draw until you have 7 in hand.",Energy card: Special (Colorless)
ENRG-11186,Gift Energy,Rebel Clash,049/198,Energy,,,,Colorless,Special,,,,,,,,,,,,,,"Provides 1 Colorless Energy. When attached Pokemon is KO'd, draw until you have 7 in hand.",Energy card: Special (Colorless)
ENRG-11187,Gift Energy,Chilling Reign,175/198,Energy,,,,Colorless,Special,,,,,,,,,,,,,,"Provides 1 Colorless Energy. When attached Pokemon is KO'd, draw until you have 7 in hand.",Energy card: Special (Colorless)
ENRG-11188,Gift Energy,Battle Styles,197/198,Energy,,,,Colorless,Special,,,,,,,,,,,,,,"Provides 1 Colorless Energy. When attached Pokemon is KO'd, draw until you have 7 in hand.",Energy card: Special (Colorless)
ENRG-11189,Gift Energy,Evolving Skies,040/198,Energy,,,,Colorless,Special,,,,,,,,,,,,,,"Provides 1 Colorless Energy. When attached Pokemon is KO'd, draw until you have 7 in hand.",Energy card: Special (Colorless)
ENRG-11190,Gift Energy,Brilliant Stars,073/198,Energy,,,,Colorless,Special,,,,,,,,,,,,,,"Provides 1 Colorless Energy. When attached Pokemon is KO'd, draw until you have 7 in hand.",Energy card: Special (Colorless)
ENRG-11191,Gift Energy,Surging Sparks,105/198,Energy,,,,Colorless,Special,,,,,,,,,,,,,,"Provides 1 Colorless Energy. When attached Pokemon is KO'd, draw until you have 7 in hand.",Energy card: Special (Colorless)
ENRG-11192,Gift Energy,Astral Radiance,083/198,Energy,,,,Colorless,Special,,,,,,,,,,,,,,"Provides 1 Colorless Energy. When attached Pokemon is KO'd, draw until you have 7 in hand.",Energy card: Special (Colorless)
ENRG-11193,Gift Energy,Pokemon 151,025/198,Energy,,,,Colorless,Special,,,,,,,,,,,,,,"Provides 1 Colorless Energy. When attached Pokemon is KO'd, draw until you have 7 in hand.",Energy card: Special (Colorless)
ENRG-11194,Therapeutic Energy,Paldea Evolved,034/198,Energy,,,,Colorless,Special,,,,,,,,,,,,,,"Provides 1 Colorless Energy. Attached Pokemon recovers from Asleep, Confused, Paralyzed and can't be affected.",Energy card: Special (Colorless)
ENRG-11195,Therapeutic Energy,Paldean Fates,009/198,Energy,,,,Colorless,Special,,,,,,,,,,,,,,"Provides 1 Colorless Energy. Attached Pokemon recovers from Asleep, Confused, Paralyzed and can't be affected.",Energy card: Special (Colorless)
ENRG-11196,Therapeutic Energy,Temporal Forces,028/198,Energy,,,,Colorless,Special,,,,,,,,,,,,,,"Provides 1 Colorless Energy. Attached Pokemon recovers from Asleep, Confused, Paralyzed and can't be affected.",Energy card: Special (Colorless)
ENRG-11197,Therapeutic Energy,Battle Styles,050/198,Energy,,,,Colorless,Special,,,,,,,,,,,,,,"Provides 1 Colorless Energy. Attached Pokemon recovers from Asleep, Confused, Paralyzed and can't be affected.",Energy card: Special (Colorless)
ENRG-11198,Therapeutic Energy,Pokemon 151,009/198,Energy,,,,Colorless,Special,,,,,,,,,,,,,,"Provides 1 Colorless Energy. Attached Pokemon recovers from Asleep, Confused, Paralyzed and can't be affected.",Energy card: Special (Colorless)
ENRG-11199,Therapeutic Energy,Fusion Strike,165/198,Energy,,,,Colorless,Special,,,,,,,,,,,,,,"Provides 1 Colorless Energy. Attached Pokemon recovers from Asleep, Confused, Paralyzed and can't be affected.",Energy card: Special (Colorless)
ENRG-11200,Therapeutic Energy,Rebel Clash,169/198,Energy,,,,Colorless,Special,,,,,,,,,,,,,,"Provides 1 Colorless Energy. Attached Pokemon recovers from Asleep, Confused, Paralyzed and can't be affected.",Energy card: Special (Colorless)
ENRG-11201,Therapeutic Energy,Battle Styles,135/198,Energy,,,,Colorless,Special,,,,,,,,,,,,,,"Provides 1 Colorless Energy. Attached Pokemon recovers from Asleep, Confused, Paralyzed and can't be affected.",Energy card: Special (Colorless)
ENRG-11202,Therapeutic Energy,Brilliant Stars,180/198,Energy,,,,Colorless,Special,,,,,,,,,,,,,,"Provides 1 Colorless Energy. Attached Pokemon recovers from Asleep, Confused, Paralyzed and can't be affected.",Energy card: Special (Colorless)
ENRG-11203,Therapeutic Energy,Fusion Strike,066/198,Energy,,,,Colorless,Special,,,,,,,,,,,,,,"Provides 1 Colorless Energy. Attached Pokemon recovers from Asleep, Confused, Paralyzed and can't be affected.",Energy card: Special (Colorless)
ENRG-11204,Therapeutic Energy,Paldea Evolved,094/198,Energy,,,,Colorless,Special,,,,,,,,,,,,,,"Provides 1 Colorless Energy. Attached Pokemon recovers from Asleep, Confused, Paralyzed and can't be affected.",Energy card: Special (Colorless)
ENRG-11205,Therapeutic Energy,Twilight Masquerade,156/198,Energy,,,,Colorless,Special,,,,,,,,,,,,,,"Provides 1 Colorless Energy. Attached Pokemon recovers from Asleep, Confused, Paralyzed and can't be affected.",Energy card: Special (Colorless)
ENRG-11206,Therapeutic Energy,Silver Tempest,019/198,Energy,,,,Colorless,Special,,,,,,,,,,,,,,"Provides 1 Colorless Energy. Attached Pokemon recovers from Asleep, Confused, Paralyzed and can't be affected.",Energy card: Special (Colorless)
ENRG-11207,Therapeutic Energy,Scarlet & Violet Base,054/198,Energy,,,,Colorless,Special,,,,,,,,,,,,,,"Provides 1 Colorless Energy. Attached Pokemon recovers from Asleep, Confused, Paralyzed and can't be affected.",Energy card: Special (Colorless)
ENRG-11208,Therapeutic Energy,Astral Radiance,126/198,Energy,,,,Colorless,Special,,,,,,,,,,,,,,"Provides 1 Colorless Energy. Attached Pokemon recovers from Asleep, Confused, Paralyzed and can't be affected.",Energy card: Special (Colorless)
ENRG-11209,Therapeutic Energy,Obsidian Flames,120/198,Energy,,,,Colorless,Special,,,,,,,,,,,,,,"Provides 1 Colorless Energy. Attached Pokemon recovers from Asleep, Confused, Paralyzed and can't be affected.",Energy card: Special (Colorless)
ENRG-11210,Therapeutic Energy,Astral Radiance,016/198,Energy,,,,Colorless,Special,,,,,,,,,,,,,,"Provides 1 Colorless Energy. Attached Pokemon recovers from Asleep, Confused, Paralyzed and can't be affected.",Energy card: Special (Colorless)
ENRG-11211,Luminous Energy,Evolving Skies,191/198,Energy,,,,Rainbow,Special,,,,,,,,,,,,,,"Provides 1 Energy of any type. If other Special Energy attached, provides 1 Colorless.",Energy card: Special (Rainbow)
ENRG-11212,Luminous Energy,Darkness Ablaze,095/198,Energy,,,,Rainbow,Special,,,,,,,,,,,,,,"Provides 1 Energy of any type. If other Special Energy attached, provides 1 Colorless.",Energy card: Special (Rainbow)
ENRG-11213,Luminous Energy,Silver Tempest,015/198,Energy,,,,Rainbow,Special,,,,,,,,,,,,,,"Provides 1 Energy of any type. If other Special Energy attached, provides 1 Colorless.",Energy card: Special (Rainbow)
ENRG-11214,Luminous Energy,Brilliant Stars,069/198,Energy,,,,Rainbow,Special,,,,,,,,,,,,,,"Provides 1 Energy of any type. If other Special Energy attached, provides 1 Colorless.",Energy card: Special (Rainbow)
ENRG-11215,Luminous Energy,Chilling Reign,011/198,Energy,,,,Rainbow,Special,,,,,,,,,,,,,,"Provides 1 Energy of any type. If other Special Energy attached, provides 1 Colorless.",Energy card: Special (Rainbow)
ENRG-11216,Luminous Energy,Crown Zenith,019/198,Energy,,,,Rainbow,Special,,,,,,,,,,,,,,"Provides 1 Energy of any type. If other Special Energy attached, provides 1 Colorless.",Energy card: Special (Rainbow)
ENRG-11217,Luminous Energy,Stellar Crown,020/198,Energy,,,,Rainbow,Special,,,,,,,,,,,,,,"Provides 1 Energy of any type. If other Special Energy attached, provides 1 Colorless.",Energy card: Special (Rainbow)
ENRG-11218,Luminous Energy,Temporal Forces,133/198,Energy,,,,Rainbow,Special,,,,,,,,,,,,,,"Provides 1 Energy of any type. If other Special Energy attached, provides 1 Colorless.",Energy card: Special (Rainbow)
ENRG-11219,Luminous Energy,Pokemon 151,026/198,Energy,,,,Rainbow,Special,,,,,,,,,,,,,,"Provides 1 Energy of any type. If other Special Energy attached, provides 1 Colorless.",Energy card: Special (Rainbow)
ENRG-11220,Luminous Energy,Crown Zenith,060/198,Energy,,,,Rainbow,Special,,,,,,,,,,,,,,"Provides 1 Energy of any type. If other Special Energy attached, provides 1 Colorless.",Energy card: Special (Rainbow)
ENRG-11221,Luminous Energy,Evolving Skies,099/198,Energy,,,,Rainbow,Special,,,,,,,,,,,,,,"Provides 1 Energy of any type. If other Special Energy attached, provides 1 Colorless.",Energy card: Special (Rainbow)
ENRG-11222,Luminous Energy,Temporal Forces,050/198,Energy,,,,Rainbow,Special,,,,,,,,,,,,,,"Provides 1 Energy of any type. If other Special Energy attached, provides 1 Colorless.",Energy card: Special (Rainbow)
ENRG-11223,Luminous Energy,Chilling Reign,169/198,Energy,,,,Rainbow,Special,,,,,,,,,,,,,,"Provides 1 Energy of any type. If other Special Energy attached, provides 1 Colorless.",Energy card: Special (Rainbow)
ENRG-11224,Luminous Energy,Twilight Masquerade,146/198,Energy,,,,Rainbow,Special,,,,,,,,,,,,,,"Provides 1 Energy of any type. If other Special Energy attached, provides 1 Colorless.",Energy card: Special (Rainbow)
ENRG-11225,Luminous Energy,Astral Radiance,046/198,Energy,,,,Rainbow,Special,,,,,,,,,,,,,,"Provides 1 Energy of any type. If other Special Energy attached, provides 1 Colorless.",Energy card: Special (Rainbow)
ENRG-11226,Luminous Energy,Evolving Skies,192/198,Energy,,,,Rainbow,Special,,,,,,,,,,,,,,"Provides 1 Energy of any type. If other Special Energy attached, provides 1 Colorless.",Energy card: Special (Rainbow)
ENRG-11227,Luminous Energy,Evolving Skies,107/198,Energy,,,,Rainbow,Special,,,,,,,,,,,,,,"Provides 1 Energy of any type. If other Special Energy attached, provides 1 Colorless.",Energy card: Special (Rainbow)
ENRG-11228,Luminous Energy,Crown Zenith,028/198,Energy,,,,Rainbow,Special,,,,,,,,,,,,,,"Provides 1 Energy of any type. If other Special Energy attached, provides 1 Colorless.",Energy card: Special (Rainbow)
ENRG-11229,Luminous Energy,Astral Radiance,148/198,Energy,,,,Rainbow,Special,,,,,,,,,,,,,,"Provides 1 Energy of any type. If other Special Energy attached, provides 1 Colorless.",Energy card: Special (Rainbow)
ENRG-11230,Luminous Energy,Sword & Shield Base,173/198,Energy,,,,Rainbow,Special,,,,,,,,,,,,,,"Provides 1 Energy of any type. If other Special Energy attached, provides 1 Colorless.",Energy card: Special (Rainbow)
ENRG-11231,Luminous Energy,Vivid Voltage,180/198,Energy,,,,Rainbow,Special,,,,,,,,,,,,,,"Provides 1 Energy of any type. If other Special Energy attached, provides 1 Colorless.",Energy card: Special (Rainbow)
ENRG-11232,Luminous Energy,Lost Origin,110/198,Energy,,,,Rainbow,Special,,,,,,,,,,,,,,"Provides 1 Energy of any type. If other Special Energy attached, provides 1 Colorless.",Energy card: Special (Rainbow)
ENRG-11233,Luminous Energy,Pokemon 151,043/198,Energy,,,,Rainbow,Special,,,,,,,,,,,,,,"Provides 1 Energy of any type. If other Special Energy attached, provides 1 Colorless.",Energy card: Special (Rainbow)
ENRG-11234,Luminous Energy,Paldean Fates,141/198,Energy,,,,Rainbow,Special,,,,,,,,,,,,,,"Provides 1 Energy of any type. If other Special Energy attached, provides 1 Colorless.",Energy card: Special (Rainbow)
ENRG-11235,Luminous Energy,Rebel Clash,130/198,Energy,,,,Rainbow,Special,,,,,,,,,,,,,,"Provides 1 Energy of any type. If other Special Energy attached, provides 1 Colorless.",Energy card: Special (Rainbow)
ENRG-11236,Luminous Energy,Surging Sparks,169/198,Energy,,,,Rainbow,Special,,,,,,,,,,,,,,"Provides 1 Energy of any type. If other Special Energy attached, provides 1 Colorless.",Energy card: Special (Rainbow)
ENRG-11237,Legacy Energy,Evolving Skies,154/198,Energy,,,,Rainbow,Special,ACE SPEC Rule: You can't have more than 1 ACE SPEC card in your deck.,,,,,,,,,,,,,"ACE SPEC: Provides all Energy types. When attached Pokemon is KO'd by damage, opponent takes 1 less prize.",Energy card: Special (Rainbow)
ENRG-11238,Legacy Energy,Vivid Voltage,091/198,Energy,,,,Rainbow,Special,ACE SPEC Rule: You can't have more than 1 ACE SPEC card in your deck.,,,,,,,,,,,,,"ACE SPEC: Provides all Energy types. When attached Pokemon is KO'd by damage, opponent takes 1 less prize.",Energy card: Special (Rainbow)
ENRG-11239,Legacy Energy,Surging Sparks,141/198,Energy,,,,Rainbow,Special,ACE SPEC Rule: You can't have more than 1 ACE SPEC card in your deck.,,,,,,,,,,,,,"ACE SPEC: Provides all Energy types. When attached Pokemon is KO'd by damage, opponent takes 1 less prize.",Energy card: Special (Rainbow)
ENRG-11240,Legacy Energy,Surging Sparks,096/198,Energy,,,,Rainbow,Special,ACE SPEC Rule: You can't have more than 1 ACE SPEC card in your deck.,,,,,,,,,,,,,"ACE SPEC: Provides all Energy types. When attached Pokemon is KO'd by damage, opponent takes 1 less prize.",Energy card: Special (Rainbow)
ENRG-11241,Legacy Energy,Darkness Ablaze,196/198,Energy,,,,Rainbow,Special,ACE SPEC Rule: You can't have more than 1 ACE SPEC card in your deck.,,,,,,,,,,,,,"ACE SPEC: Provides all Energy types. When attached Pokemon is KO'd by damage, opponent takes 1 less prize.",Energy card: Special (Rainbow)
ENRG-11242,Legacy Energy,Astral Radiance,111/198,Energy,,,,Rainbow,Special,ACE SPEC Rule: You can't have more than 1 ACE SPEC card in your deck.,,,,,,,,,,,,,"ACE SPEC: Provides all Energy types. When attached Pokemon is KO'd by damage, opponent takes 1 less prize.",Energy card: Special (Rainbow)
ENRG-11243,Legacy Energy,Crown Zenith,083/198,Energy,,,,Rainbow,Special,ACE SPEC Rule: You can't have more than 1 ACE SPEC card in your deck.,,,,,,,,,,,,,"ACE SPEC: Provides all Energy types. When attached Pokemon is KO'd by damage, opponent takes 1 less prize.",Energy card: Special (Rainbow)
ENRG-11244,Legacy Energy,Brilliant Stars,062/198,Energy,,,,Rainbow,Special,ACE SPEC Rule: You can't have more than 1 ACE SPEC card in your deck.,,,,,,,,,,,,,"ACE SPEC: Provides all Energy types. When attached Pokemon is KO'd by damage, opponent takes 1 less prize.",Energy card: Special (Rainbow)
ENRG-11245,Legacy Energy,Fusion Strike,140/198,Energy,,,,Rainbow,Special,ACE SPEC Rule: You can't have more than 1 ACE SPEC card in your deck.,,,,,,,,,,,,,"ACE SPEC: Provides all Energy types. When attached Pokemon is KO'd by damage, opponent takes 1 less prize.",Energy card: Special (Rainbow)
ENRG-11246,Legacy Energy,Temporal Forces,097/198,Energy,,,,Rainbow,Special,ACE SPEC Rule: You can't have more than 1 ACE SPEC card in your deck.,,,,,,,,,,,,,"ACE SPEC: Provides all Energy types. When attached Pokemon is KO'd by damage, opponent takes 1 less prize.",Energy card: Special (Rainbow)
ENRG-11247,Legacy Energy,Evolving Skies,191/198,Energy,,,,Rainbow,Special,ACE SPEC Rule: You can't have more than 1 ACE SPEC card in your deck.,,,,,,,,,,,,,"ACE SPEC: Provides all Energy types. When attached Pokemon is KO'd by damage, opponent takes 1 less prize.",Energy card: Special (Rainbow)
ENRG-11248,Legacy Energy,Shrouded Fable,093/198,Energy,,,,Rainbow,Special,ACE SPEC Rule: You can't have more than 1 ACE SPEC card in your deck.,,,,,,,,,,,,,"ACE SPEC: Provides all Energy types. When attached Pokemon is KO'd by damage, opponent takes 1 less prize.",Energy card: Special (Rainbow)
ENRG-11249,Legacy Energy,Vivid Voltage,115/198,Energy,,,,Rainbow,Special,ACE SPEC Rule: You can't have more than 1 ACE SPEC card in your deck.,,,,,,,,,,,,,"ACE SPEC: Provides all Energy types. When attached Pokemon is KO'd by damage, opponent takes 1 less prize.",Energy card: Special (Rainbow)
ENRG-11250,Legacy Energy,Rebel Clash,001/198,Energy,,,,Rainbow,Special,ACE SPEC Rule: You can't have more than 1 ACE SPEC card in your deck.,,,,,,,,,,,,,"ACE SPEC: Provides all Energy types. When attached Pokemon is KO'd by damage, opponent takes 1 less prize.",Energy card: Special (Rainbow)
ENRG-11251,Legacy Energy,Crown Zenith,009/198,Energy,,,,Rainbow,Special,ACE SPEC Rule: You can't have more than 1 ACE SPEC card in your deck.,,,,,,,,,,,,,"ACE SPEC: Provides all Energy types. When attached Pokemon is KO'd by damage, opponent takes 1 less prize.",Energy card: Special (Rainbow)
ENRG-11252,Legacy Energy,Stellar Crown,153/198,Energy,,,,Rainbow,Special,ACE SPEC Rule: You can't have more than 1 ACE SPEC card in your deck.,,,,,,,,,,,,,"ACE SPEC: Provides all Energy types. When attached Pokemon is KO'd by damage, opponent takes 1 less prize.",Energy card: Special (Rainbow)
ENRG-11253,Legacy Energy,Scarlet & Violet Base,133/198,Energy,,,,Rainbow,Special,ACE SPEC Rule: You can't have more than 1 ACE SPEC card in your deck.,,,,,,,,,,,,,"ACE SPEC: Provides all Energy types. When attached Pokemon is KO'd by damage, opponent takes 1 less prize.",Energy card: Special (Rainbow)
ENRG-11254,Legacy Energy,Paradox Rift,078/198,Energy,,,,Rainbow,Special,ACE SPEC Rule: You can't have more than 1 ACE SPEC card in your deck.,,,,,,,,,,,,,"ACE SPEC: Provides all Energy types. When attached Pokemon is KO'd by damage, opponent takes 1 less prize.",Energy card: Special (Rainbow)
ENRG-11255,Legacy Energy,Scarlet & Violet Base,077/198,Energy,,,,Rainbow,Special,ACE SPEC Rule: You can't have more than 1 ACE SPEC card in your deck.,,,,,,,,,,,,,"ACE SPEC: Provides all Energy types. When attached Pokemon is KO'd by damage, opponent takes 1 less prize.",Energy card: Special (Rainbow)
ENRG-11256,Legacy Energy,Twilight Masquerade,055/198,Energy,,,,Rainbow,Special,ACE SPEC Rule: You can't have more than 1 ACE SPEC card in your deck.,,,,,,,,,,,,,"ACE SPEC: Provides all Energy types. When attached Pokemon is KO'd by damage, opponent takes 1 less prize.",Energy card: Special (Rainbow)
GEN-11257,Unfair Stamp,Stellar Crown,006/220,Trainer,,,,,Item,ACE SPEC Rule: You can't have more than 1 ACE SPEC card in your deck.,,,,,,,,,,,,,ACE SPEC: Can be played only after KO. Opponent shuffles hand and draws 2; you draw 5.,Trainer card: Item (ace_spec_disruption)
GEN-11258,Switch,Silver Tempest,142/220,Trainer,,,,,Item,,,,,,,,,,,,,,Switch your Active Pokemon with 1 of your Benched Pokemon.,Trainer card: Item (switch_active)
GEN-11259,Basic Darkness Energy,Shrouded Fable,143/220,Energy,,,,Darkness,Basic,,,,,,,,,,,,,,Provides 1 Darkness Energy.,Energy card: Basic (Darkness)
GEN-11260,Reversal Energy,Paldean Fates,147/220,Energy,,,,Colorless,Special,,,,,,,,,,,,,,"If behind in prizes and on Evolution without Rule Box, provides 3 Energy of any type.",Energy card: Special (Colorless)
GEN-11261,Scyther,Stellar Crown,025/220,Pokemon,Stage 1,Scizor,110,Metal,,,Fire x2,Grass -30,1,Iron Head,2 M,80,Discard an Energy from this Pokemon to deal 30 more damage.,,3 M,90,,,,Stage 1 pivot & engine bridge for Scyther lineup.
GEN-11262,Talonflame,Fusion Strike,118/220,Pokemon,Stage 2,Fletchinder,180,Fire,,,Lightning x2,Fighting -30,1,Burning Roar,2 F 1 C,180,This attack does 30 damage to each of your opponent's Benched Pokemon.,,,,,,"Once during your turn, you may attach 1 Basic Energy from your hand to this Pokemon.",Stage 2 heavy attacker / archetype anchor Talonflame.
GEN-11263,Technical Machine: Evolution,Battle Styles,040/220,Trainer,,,,,Pokemon Tool,,,,,,,,,,,,,,Attack for 1 Colorless: Search deck for up to 2 Evolution cards and evolve 2 benched Pokemon.,Trainer card: Pokemon Tool (evolution_tool)
GEN-11264,Fezandipiti ex,Paldea Evolved,068/220,Pokemon,Basic,,320,Colorless,,"Pokemon ex Rule: When your Pokemon ex is Knocked Out, your opponent takes 2 Prize cards.",Fighting x2,None,1,Frenzy Gouging,2 D,160,,,,,,,,Meta tier-1 rule-box flagship Fezandipiti ex.
GEN-11265,Technical Machine: Crisis Punch,Chilling Reign,150/220,Trainer,,,,,Pokemon Tool,,,,,,,,,,,,,,Attack for 3 Colorless: 280 damage. Can only be used if opponent has 1 prize remaining.,Trainer card: Pokemon Tool (finisher_tool)
GEN-11266,Nest Ball,Paldean Fates,060/220,Trainer,,,,,Item,,,,,,,,,,,,,,Search your deck for a Basic Pokemon and put it onto your Bench.,Trainer card: Item (search_basic_bench)
GEN-11267,Battle VIP Pass,Paldea Evolved,208/220,Trainer,,,,,Item,,,,,,,,,,,,,,Can only be played on your first turn. Search deck for up to 2 Basic Pokemon to bench.,Trainer card: Item (setup_basics)
GEN-11268,Mirage Gate,Scarlet & Violet Base,024/220,Trainer,,,,,Item,,,,,,,,,,,,,,Can only be played if you have 7+ cards in Lost Zone. Search deck for 2 different basic Energy and attach.,Trainer card: Item (lost_zone_accel)
GEN-11269,Reversal Energy,Paldean Fates,103/220,Energy,,,,Colorless,Special,,,,,,,,,,,,,,"If behind in prizes and on Evolution without Rule Box, provides 3 Energy of any type.",Energy card: Special (Colorless)
GEN-11270,Reversal Energy,Stellar Crown,056/220,Energy,,,,Colorless,Special,,,,,,,,,,,,,,"If behind in prizes and on Evolution without Rule Box, provides 3 Energy of any type.",Energy card: Special (Colorless)
GEN-11271,Electrode ex,Paradox Rift,186/220,Pokemon,Stage 1,Voltorb,230,Lightning,,"Pokemon ex Rule: When your Pokemon ex is Knocked Out, your opponent takes 2 Prize cards.",Fighting x2,None,1,Thunder,2 L,180,,,3 L,,,,,Meta tier-1 rule-box flagship Electrode ex.
GEN-11272,Trekking Shoes,Paldea Evolved,203/220,Trainer,,,,,Item,,,,,,,,,,,,,,Look at top card of deck. Put into hand or discard and draw 1.,Trainer card: Item (cantrip_draw)
GEN-11273,Basic Psychic Energy,Astral Radiance,045/220,Energy,,,,Psychic,Basic,,,,,,,,,,,,,,Provides 1 Psychic Energy.,Energy card: Basic (Psychic)
GEN-11274,Basic Psychic Energy,Astral Radiance,212/220,Energy,,,,Psychic,Basic,,,,,,,,,,,,,,Provides 1 Psychic Energy.,Energy card: Basic (Psychic)
GEN-11275,Gift Energy,Scarlet & Violet Base,210/220,Energy,,,,Colorless,Special,,,,,,,,,,,,,,"Provides 1 Colorless Energy. When attached Pokemon is KO'd, draw until you have 7 in hand.",Energy card: Special (Colorless)
GEN-11276,Gengar,Lost Origin,153/220,Pokemon,Stage 2,Haunter,180,Psychic,,,Darkness x2,Fighting -30,2,Mind Bend,2 P 1 C,120,,,3 P,180,,,,Stage 2 heavy attacker / archetype anchor Gengar.
GEN-11277,Mirage Gate,Scarlet & Violet Base,010/220,Trainer,,,,,Item,,,,,,,,,,,,,,Can only be played if you have 7+ cards in Lost Zone. Search deck for 2 different basic Energy and attach.,Trainer card: Item (lost_zone_accel)
GEN-11278,Gift Energy,Scarlet & Violet Base,098/220,Energy,,,,Colorless,Special,,,,,,,,,,,,,,"Provides 1 Colorless Energy. When attached Pokemon is KO'd, draw until you have 7 in hand.",Energy card: Special (Colorless)
GEN-11279,Electivire,Obsidian Flames,200/220,Pokemon,Stage 1,Electabuzz,130,Lightning,,,Fighting x2,None,3,Spark,2 L,50,,,3 L,90,,,,Stage 1 pivot & engine bridge for Electivire lineup.
GEN-11280,Croconaw,Evolving Skies,198/220,Pokemon,Stage 1,Totodile,110,Water,,,Lightning x2,None,2,Ice Beam,2 W,50,,Blizzard,3 W,100,,,,Stage 1 pivot & engine bridge for Croconaw lineup.
GEN-11281,Choice Belt,Scarlet & Violet Base,090/220,Trainer,,,,,Pokemon Tool,,,,,,,,,,,,,,Attacks of the Pokemon this card is attached to do 30 more damage to Active Pokemon V.,Trainer card: Pokemon Tool (damage_tool)
GEN-11282,Calamitous Snowy Mountain,Brilliant Stars,107/220,Trainer,,,,,Stadium,,,,,,,,,,,,,,"Whenever a player attaches Energy to a non-Water Pokemon from hand, put 2 damage counters on it.",Trainer card: Stadium (tax_stadium)
GEN-11283,Garchomp ex,Paradox Rift,198/220,Pokemon,Stage 2,Gabite,330,Fighting,,"Pokemon ex Rule: When your Pokemon ex is Knocked Out, your opponent takes 2 Prize cards.",Grass x2,None,0,Aura Sphere,2 F,220,,Stone Edge,,260,,,,Meta tier-1 rule-box flagship Garchomp ex.
GEN-11284,Professor Sada's Vitality,Chilling Reign,192/220,Trainer,,,,,Supporter,,,,,,,,,,,,,,"Choose up to 2 Ancient Pokemon, attach Basic Energy from discard to each, and draw 3 cards.",Trainer card: Supporter (ancient_accel)
GEN-11285,Luminous Energy,Paldean Fates,003/220,Energy,,,,Rainbow,Special,,,,,,,,,,,,,,"Provides 1 Energy of any type. If other Special Energy attached, provides 1 Colorless.",Energy card: Special (Rainbow)
GEN-11286,Path to the Peak,Brilliant Stars,014/220,Trainer,,,,,Stadium,,,,,,,,,,,,,,Pokemon with a Rule Box have no Abilities.,Trainer card: Stadium (rulebox_lock)
GEN-11287,Counter Catcher,Rebel Clash,135/220,Trainer,,,,,Item,,,,,,,,,,,,,,Can be played only when behind in prizes. Switch 1 opponent Benched Pokemon to Active.,Trainer card: Item (comeback_gust)
GEN-11288,Armarouge ex,Scarlet & Violet Base,082/220,Pokemon,Stage 1,Armarouge,330,Fire,,"Pokemon ex Rule: When your Pokemon ex is Knocked Out, your opponent takes 2 Prize cards.",Water x2,None,2,Flame Charge,2 F,220,,,3 F,,,,,Meta tier-1 rule-box flagship Armarouge ex.
GEN-11289,Double Turbo Energy,Scarlet & Violet Base,145/220,Energy,,,,Colorless,Special,,,,,,,,,,,,,,Provides 2 Colorless Energy. Attacks do 20 less damage.,Energy card: Special (Colorless)
GEN-11290,Gholdengo ex,Paradox Rift,084/220,Pokemon,Stage 1,Gholdengo,230,Grass,,"Pokemon ex Rule: When your Pokemon ex is Knocked Out, your opponent takes 2 Prize cards.",Fire x2,Grass -30,1,Heavy Slam,2 M,280,,,3 M,,,,,Meta tier-1 rule-box flagship Gholdengo ex.
GEN-11291,Basic Fighting Energy,Temporal Forces,179/220,Energy,,,,Fighting,Basic,,,,,,,,,,,,,,Provides 1 Fighting Energy.,Energy card: Basic (Fighting)
GEN-11292,Roseanne's Backup,Paldea Evolved,040/220,Trainer,,,,,Supporter,,,,,,,,,,,,,,"Shuffle 1 Pokemon, 1 Tool, 1 Stadium, 1 Energy from discard into deck.",Trainer card: Supporter (recovery)
GEN-11293,Poliwhirl,Brilliant Stars,173/220,Pokemon,Stage 1,Poliwag,110,Water,,,Lightning x2,None,2,Hydro Pump,2 W,80,Discard an Energy from this Pokemon to deal 30 more damage.,,,,,Inconspicuous,,Stage 1 pivot & engine bridge for Poliwhirl lineup.
GEN-11294,Mesagoza,Evolving Skies,115/220,Trainer,,,,,Stadium,,,,,,,,,,,,,,"Once per turn, flip a coin. If heads, search deck for a Pokemon and put into hand.",Trainer card: Stadium (search_stadium)
GEN-11295,Luminous Energy,Pokemon 151,148/220,Energy,,,,Rainbow,Special,,,,,,,,,,,,,,"Provides 1 Energy of any type. If other Special Energy attached, provides 1 Colorless.",Energy card: Special (Rainbow)
GEN-11296,Basic Fighting Energy,Rebel Clash,024/220,Energy,,,,Fighting,Basic,,,,,,,,,,,,,,Provides 1 Fighting Energy.,Energy card: Basic (Fighting)
GEN-11297,Roseanne's Backup,Evolving Skies,111/220,Trainer,,,,,Supporter,,,,,,,,,,,,,,"Shuffle 1 Pokemon, 1 Tool, 1 Stadium, 1 Energy from discard into deck.",Trainer card: Supporter (recovery)
GEN-11298,Superior Energy Retrieval,Pokemon 151,202/220,Trainer,,,,,Item,,,,,,,,,,,,,,Discard 2 cards from hand. Put up to 4 Basic Energy cards from discard into hand.,Trainer card: Item (mass_energy_recovery)
GEN-11299,Mesagoza,Darkness Ablaze,038/220,Trainer,,,,,Stadium,,,,,,,,,,,,,,"Once per turn, flip a coin. If heads, search deck for a Pokemon and put into hand.",Trainer card: Stadium (search_stadium)
GEN-11300,Darkrai,Twilight Masquerade,087/220,Pokemon,Basic,,90,Darkness,,,Grass x2,None,2,Darkness Fang,1 D,20,,,,,,,,Standard basic Darkness starter for Darkrai evolution tree.
GEN-11301,Luxio,Brilliant Stars,122/220,Pokemon,Stage 1,Shinx,120,Lightning,,,Fighting x2,None,1,Thunder,2 L,70,,Thunderbolt,3 L,100,,,,Stage 1 pivot & engine bridge for Luxio lineup.
GEN-11302,Reversal Energy,Crown Zenith,191/220,Energy,,,,Colorless,Special,,,,,,,,,,,,,,"If behind in prizes and on Evolution without Rule Box, provides 3 Energy of any type.",Energy card: Special (Colorless)
GEN-11303,Psyduck,Astral Radiance,141/220,Pokemon,Basic,,80,Water,,,Lightning x2,None,1,Blizzard,1 W,10,"Flip a coin. If heads, your opponent's Active Pokemon is now Paralyzed.",,2 W,30,,Psyduck's Intuition,,Standard basic Water starter for Psyduck evolution tree.
GEN-11304,Pokestop,Twilight Masquerade,068/220,Trainer,,,,,Stadium,,,,,,,,,,,,,,"Once per turn, discard top 3 cards of deck. Put all Items discarded this way into hand.",Trainer card: Stadium (item_mill_stadium)
GEN-11305,Pawmot,Lost Origin,103/220,Pokemon,Stage 2,Pawmo,180,Lightning,,,Fighting x2,None,2,Thunder,2 L 1 C,140,,Plasma Fists,,180,,Supercharged Breaker,,Stage 2 heavy attacker / archetype anchor Pawmot.
GEN-11306,Basic Fighting Energy,Crown Zenith,112/220,Energy,,,,Fighting,Basic,,,,,,,,,,,,,,Provides 1 Fighting Energy.,Energy card: Basic (Fighting)
GEN-11307,Houndour,Obsidian Flames,196/220,Pokemon,Basic,,70,Darkness,,,Grass x2,None,2,Night Slash,1 D,20,"Flip a coin. If heads, your opponent's Active Pokemon is now Paralyzed.",,,50,,Houndour's Intuition,,Standard basic Darkness starter for Houndour evolution tree.
GEN-11308,Malamar,Silver Tempest,124/220,Pokemon,Stage 1,Inkay,120,Darkness,,,Grass x2,None,1,Torment,2 D,50,,Foul Play,3 D,90,,Inconspicuous,,Stage 1 pivot & engine bridge for Malamar lineup.
GEN-11309,Mist Energy,Paradox Rift,051/220,Energy,,,,Colorless,Special,,,,,,,,,,,,,,Provides 1 Colorless Energy. Prevent all effects of attacks done to this Pokemon.,Energy card: Special (Colorless)
GEN-11310,Basic Psychic Energy,Astral Radiance,102/220,Energy,,,,Psychic,Basic,,,,,,,,,,,,,,Provides 1 Psychic Energy.,Energy card: Basic (Psychic)
GEN-11311,Reversal Energy,Crown Zenith,051/220,Energy,,,,Colorless,Special,,,,,,,,,,,,,,"If behind in prizes and on Evolution without Rule Box, provides 3 Energy of any type.",Energy card: Special (Colorless)
GEN-11312,Reversal Energy,Astral Radiance,158/220,Energy,,,,Colorless,Special,,,,,,,,,,,,,,"If behind in prizes and on Evolution without Rule Box, provides 3 Energy of any type.",Energy card: Special (Colorless)
GEN-11313,Basic Metal Energy,Evolving Skies,064/220,Energy,,,,Metal,Basic,,,,,,,,,,,,,,Provides 1 Metal Energy.,Energy card: Basic (Metal)
GEN-11314,Crispin,Rebel Clash,019/220,Trainer,,,,,Supporter,,,,,,,,,,,,,,"Search deck for 2 different basic Energy cards, attach 1 to Pokemon, put 1 in hand.",Trainer card: Supporter (energy_search_accel)
GEN-11315,Rare Candy,Paldea Evolved,199/220,Trainer,,,,,Item,,,,,,,,,,,,,,Evolve 1 of your Basic Pokemon in play into a Stage 2 Pokemon from your hand.,Trainer card: Item (fast_evolution)
GEN-11316,Lake Acuity,Rebel Clash,083/220,Trainer,,,,,Stadium,,,,,,,,,,,,,,Water and Fighting Pokemon with Water or Fighting Energy take 20 less damage from attacks.,Trainer card: Stadium (defense_stadium)
GEN-11317,Gift Energy,Crown Zenith,023/220,Energy,,,,Colorless,Special,,,,,,,,,,,,,,"Provides 1 Colorless Energy. When attached Pokemon is KO'd, draw until you have 7 in hand.",Energy card: Special (Colorless)
GEN-11318,Machoke,Rebel Clash,172/220,Pokemon,Stage 1,Machop,90,Fighting,,,Psychic x2,None,2,Earthquake,2 F,50,,Mach Punch,3 F,90,,,,Stage 1 pivot & engine bridge for Machoke lineup.
GEN-11319,Town Store,Paldean Fates,109/220,Trainer,,,,,Stadium,,,,,,,,,,,,,,"Once per turn, each player may search deck for a Pokemon Tool card into hand.",Trainer card: Stadium (tool_search_stadium)
GEN-11320,Technical Machine: Crisis Punch,Sword & Shield Base,090/220,Trainer,,,,,Pokemon Tool,,,,,,,,,,,,,,Attack for 3 Colorless: 280 damage. Can only be used if opponent has 1 prize remaining.,Trainer card: Pokemon Tool (finisher_tool)
GEN-11321,Irida,Paldean Fates,083/220,Trainer,,,,,Supporter,,,,,,,,,,,,,,Search deck for a Water Pokemon and an Item card.,Trainer card: Supporter (search_water_item)
GEN-11322,Bravery Charm,Fusion Strike,153/220,Trainer,,,,,Pokemon Tool,,,,,,,,,,,,,,The Basic Pokemon this card is attached to gets +50 HP.,Trainer card: Pokemon Tool (hp_buff_tool)
GEN-11323,Charmeleon,Rebel Clash,198/220,Pokemon,Stage 1,Charmander,120,Fire,,,Water x2,None,2,Heat Wave,2 F,70,,Ember,,,,,,Stage 1 pivot & engine bridge for Charmeleon lineup.
GEN-11324,Counter Catcher,Rebel Clash,044/220,Trainer,,,,,Item,,,,,,,,,,,,,,Can be played only when behind in prizes. Switch 1 opponent Benched Pokemon to Active.,Trainer card: Item (comeback_gust)
GEN-11325,Defiance Band,Chilling Reign,158/220,Trainer,,,,,Pokemon Tool,,,,,,,,,,,,,,"If behind in prizes, attacks do 30 more damage to Active Pokemon.",Trainer card: Pokemon Tool (comeback_tool)
GEN-11326,Basic Grass Energy,Battle Styles,160/220,Energy,,,,Grass,Basic,,,,,,,,,,,,,,Provides 1 Grass Energy.,Energy card: Basic (Grass)
GEN-11327,Beldum,Astral Radiance,113/220,Pokemon,Basic,,70,Metal,,,Fire x2,Grass -30,2,Armored Press,1 M,20,,Flash Cannon,,40,,,"Once during your turn, you may draw 1 card.",Standard basic Metal starter for Beldum evolution tree.
GEN-11328,Volcarona,Stellar Crown,210/220,Pokemon,Basic,,80,Fire,,,Water x2,None,2,Combustion,1 F,20,,Flame Charge,,,,,,Standard basic Fire starter for Volcarona evolution tree.
GEN-11329,Briar,Fusion Strike,052/220,Trainer,,,,,Supporter,,,,,,,,,,,,,,"If opponent has 2 prize cards left, taking KO with Tera Pokemon takes 1 more prize.",Trainer card: Supporter (prize_modifier)
GEN-11330,Air Balloon,Astral Radiance,040/220,Trainer,,,,,Pokemon Tool,,,,,,,,,,,,,,The retreat cost of the Pokemon this card is attached to is 2 less.,Trainer card: Pokemon Tool (mobility_tool)
GEN-11331,Pawmot ex,Lost Origin,029/220,Pokemon,Stage 2,Pawmo,220,Lightning,,"Pokemon ex Rule: When your Pokemon ex is Knocked Out, your opponent takes 2 Prize cards.",Fighting x2,None,1,Volt Tackle,2 L,280,,Wild Charge,,300,Discard all Energy attached to this Pokemon.,,,Meta tier-1 rule-box flagship Pawmot ex.
GEN-11332,Vaporeon,Darkness Ablaze,063/220,Pokemon,Basic,,80,Water,,,Lightning x2,None,2,Ice Beam,1 W,30,"Flip a coin. If heads, your opponent's Active Pokemon is now Paralyzed.",Blizzard,,30,,,,Standard basic Water starter for Vaporeon evolution tree.
GEN-11333,Trekking Shoes,Paldea Evolved,038/220,Trainer,,,,,Item,,,,,,,,,,,,,,Look at top card of deck. Put into hand or discard and draw 1.,Trainer card: Item (cantrip_draw)
GEN-11334,Superior Energy Retrieval,Astral Radiance,004/220,Trainer,,,,,Item,,,,,,,,,,,,,,Discard 2 cards from hand. Put up to 4 Basic Energy cards from discard into hand.,Trainer card: Item (mass_energy_recovery)
GEN-11335,Bravery Charm,Fusion Strike,178/220,Trainer,,,,,Pokemon Tool,,,,,,,,,,,,,,The Basic Pokemon this card is attached to gets +50 HP.,Trainer card: Pokemon Tool (hp_buff_tool)
GEN-11336,Togekiss,Battle Styles,079/220,Pokemon,Stage 2,Togetic,150,Psychic,,,Metal x2,None,2,Shadow Ball,2 P 1 C,160,This attack does 30 damage to each of your opponent's Benched Pokemon.,,,220,,,,Stage 2 heavy attacker / archetype anchor Togekiss.
GEN-11337,Basic Grass Energy,Fusion Strike,121/220,Energy,,,,Grass,Basic,,,,,,,,,,,,,,Provides 1 Grass Energy.,Energy card: Basic (Grass)
GEN-11338,Foongus,Surging Sparks,085/220,Pokemon,Basic,,60,Grass,,,Fire x2,None,2,Seed Bomb,1 G,10,"Flip a coin. If heads, your opponent's Active Pokemon is now Paralyzed.",,,40,,,,Standard basic Grass starter for Foongus evolution tree.
GEN-11339,Penny,Battle Styles,190/220,Trainer,,,,,Supporter,,,,,,,,,,,,,,Put 1 of your Basic Pokemon and all cards attached to it into your hand.,Trainer card: Supporter (scoop_up)
GEN-11340,Double Turbo Energy,Paradox Rift,055/220,Energy,,,,Colorless,Special,,,,,,,,,,,,,,Provides 2 Colorless Energy. Attacks do 20 less damage.,Energy card: Special (Colorless)
GEN-11341,Kieran,Silver Tempest,140/220,Trainer,,,,,Supporter,,,,,,,,,,,,,,Choose 1: Switch Active with Bench; or this turn attacks do 30 more damage to Active ex/V.,Trainer card: Supporter (damage_buff_switch)
GEN-11342,Basic Metal Energy,Stellar Crown,193/220,Energy,,,,Metal,Basic,,,,,,,,,,,,,,Provides 1 Metal Energy.,Energy card: Basic (Metal)
GEN-11343,Buddy-Buddy Poffin,Paradox Rift,141/220,Trainer,,,,,Item,,,,,,,,,,,,,,Search your deck for up to 2 Basic Pokemon with 70 HP or less and bench them.,Trainer card: Item (setup_small_basics)
GEN-11344,Basic Psychic Energy,Vivid Voltage,160/220,Energy,,,,Psychic,Basic,,,,,,,,,,,,,,Provides 1 Psychic Energy.,Energy card: Basic (Psychic)
GEN-11345,Umbreon VMAX,Chilling Reign,178/220,Pokemon,Basic,,280,Darkness,,VSTAR Rule: Opponent takes 2 Prizes.,Grass x2,None,2,Bite,2 D,220,,Night Slash,,300,Discard all Energy attached to this Pokemon.,,,Meta tier-1 rule-box flagship Umbreon VMAX.
GEN-11346,Roselia,Evolving Skies,097/220,Pokemon,Basic,,50,Grass,,,Fire x2,None,1,Energy Ball,1 G,30,,,,40,,,,Standard basic Grass starter for Roselia evolution tree.
GEN-11347,Therapeutic Energy,Paldea Evolved,170/220,Energy,,,,Colorless,Special,,,,,,,,,,,,,,"Provides 1 Colorless Energy. Attached Pokemon recovers from Asleep, Confused, Paralyzed and can't be affected.",Energy card: Special (Colorless)
GEN-11348,Basic Metal Energy,Crown Zenith,012/220,Energy,,,,Metal,Basic,,,,,,,,,,,,,,Provides 1 Metal Energy.,Energy card: Basic (Metal)
GEN-11349,Battle VIP Pass,Rebel Clash,044/220,Trainer,,,,,Item,,,,,,,,,,,,,,Can only be played on your first turn. Search deck for up to 2 Basic Pokemon to bench.,Trainer card: Item (setup_basics)
GEN-11350,Greninja ex,Lost Origin,073/220,Pokemon,Stage 2,Frogadier,310,Water,,"Pokemon ex Rule: When your Pokemon ex is Knocked Out, your opponent takes 2 Prize cards.",Lightning x2,None,1,Hydro Pump,2 W,200,,Rain Splash,3 W,,,,,Meta tier-1 rule-box flagship Greninja ex.
GEN-11351,Raihan,Silver Tempest,203/220,Trainer,,,,,Supporter,,,,,,,,,,,,,,"Can be played only if your Pokemon was Knocked Out last turn. Attach 1 basic Energy from discard to 1 Pokemon, then search deck for any 1 card.",Trainer card: Supporter (comeback_search)
GEN-11352,Nest Ball,Paldean Fates,070/220,Trainer,,,,,Item,,,,,,,,,,,,,,Search your deck for a Basic Pokemon and put it onto your Bench.,Trainer card: Item (search_basic_bench)
GEN-11353,Gyarados ex,Pokemon 151,120/220,Pokemon,Stage 1,Magikarp,330,Water,,"Pokemon ex Rule: When your Pokemon ex is Knocked Out, your opponent takes 2 Prize cards.",Lightning x2,None,3,Hydro Pump,2 W,160,,,,220,,,,Meta tier-1 rule-box flagship Gyarados ex.
GEN-11354,Kieran,Silver Tempest,003/220,Trainer,,,,,Supporter,,,,,,,,,,,,,,Choose 1: Switch Active with Bench; or this turn attacks do 30 more damage to Active ex/V.,Trainer card: Supporter (damage_buff_switch)
GEN-11355,Walking Wake ex,Temporal Forces,100/220,Pokemon,Basic,,320,Dragon,,"Pokemon ex Rule: When your Pokemon ex is Knocked Out, your opponent takes 2 Prize cards.",Lightning x2,None,1,Rain Splash,2 W,220,,Water Gun,,,,,,Meta tier-1 rule-box flagship Walking Wake ex.
GEN-11356,Gyarados ex,Pokemon 151,070/220,Pokemon,Stage 1,Magikarp,330,Water,,"Pokemon ex Rule: When your Pokemon ex is Knocked Out, your opponent takes 2 Prize cards.",Lightning x2,None,3,Hydro Pump,2 W,160,,,,220,,,,Meta tier-1 rule-box flagship Gyarados ex.
GEN-11357,Nest Ball,Paldean Fates,093/220,Trainer,,,,,Item,,,,,,,,,,,,,,Search your deck for a Basic Pokemon and put it onto your Bench.,Trainer card: Item (search_basic_bench)
GEN-11358,Iron Valiant,Evolving Skies,005/220,Pokemon,Basic,,50,Psychic,,,Darkness x2,None,2,Dream Eater,1 P,30,,Dimension Door,2 P,50,,,,Standard basic Psychic starter for Iron Valiant evolution tree.
GEN-11359,Earthen Vessel,Battle Styles,167/220,Trainer,,,,,Item,,,,,,,,,,,,,,Discard 1 card from hand. Search deck for up to 2 Basic Energy cards into hand.,Trainer card: Item (energy_search)
GEN-11360,Artazon,Twilight Masquerade,060/220,Trainer,,,,,Stadium,,,,,,,,,,,,,,"Once per turn, each player may search deck for 1 Basic Pokemon without a Rule Box and bench it.",Trainer card: Stadium (engine_stadium)
GEN-11361,Path to the Peak,Temporal Forces,131/220,Trainer,,,,,Stadium,,,,,,,,,,,,,,Pokemon with a Rule Box have no Abilities.,Trainer card: Stadium (rulebox_lock)
GEN-11362,Gardevoir,Battle Styles,081/220,Pokemon,Stage 2,Kirlia,150,Psychic,,,Darkness x2,Fighting -30,3,Psychic,2 P 1 C,120,,,,,,,"Once during your turn, you may attach 1 Basic Energy from your hand to this Pokemon.",Stage 2 heavy attacker / archetype anchor Gardevoir.
GEN-11363,Basic Psychic Energy,Evolving Skies,153/220,Energy,,,,Psychic,Basic,,,,,,,,,,,,,,Provides 1 Psychic Energy.,Energy card: Basic (Psychic)
GEN-11364,Basic Metal Energy,Shrouded Fable,023/220,Energy,,,,Metal,Basic,,,,,,,,,,,,,,Provides 1 Metal Energy.,Energy card: Basic (Metal)
GEN-11365,Arven,Darkness Ablaze,051/220,Trainer,,,,,Supporter,,,,,,,,,,,,,,"Search your deck for an Item card and a Pokemon Tool card, reveal them, and put them into your hand.",Trainer card: Supporter (search_item_tool)
GEN-11366,Basic Fighting Energy,Lost Origin,118/220,Energy,,,,Fighting,Basic,,,,,,,,,,,,,,Provides 1 Fighting Energy.,Energy card: Basic (Fighting)
GEN-11367,Mist Energy,Obsidian Flames,183/220,Energy,,,,Colorless,Special,,,,,,,,,,,,,,Provides 1 Colorless Energy. Prevent all effects of attacks done to this Pokemon.,Energy card: Special (Colorless)
GEN-11368,Whimsicott,Twilight Masquerade,011/220,Pokemon,Stage 1,Cottonee,110,Grass,,,Fire x2,None,1,Flora Heal,2 G,80,,,,,,,,Stage 1 pivot & engine bridge for Whimsicott lineup.
GEN-11369,Ultra Ball,Temporal Forces,136/220,Trainer,,,,,Item,,,,,,,,,,,,,,Discard 2 cards from your hand. Search your deck for any Pokemon and put it into hand.,Trainer card: Item (search_pokemon)
GEN-11370,Counter Catcher,Rebel Clash,086/220,Trainer,,,,,Item,,,,,,,,,,,,,,Can be played only when behind in prizes. Switch 1 opponent Benched Pokemon to Active.,Trainer card: Item (comeback_gust)
GEN-11371,Basic Psychic Energy,Battle Styles,101/220,Energy,,,,Psychic,Basic,,,,,,,,,,,,,,Provides 1 Psychic Energy.,Energy card: Basic (Psychic)
GEN-11372,Zacian,Brilliant Stars,005/220,Pokemon,Basic,,50,Metal,,,Fire x2,Grass -30,2,Heavy Slam,1 M,10,,Meteor Mash,2 M,40,,,"Once during your turn, you may draw 1 card.",Standard basic Metal starter for Zacian evolution tree.
GEN-11373,Hero's Cape,Rebel Clash,176/220,Trainer,,,,,Pokemon Tool,ACE SPEC Rule: You can't have more than 1 ACE SPEC card in your deck.,,,,,,,,,,,,,ACE SPEC: The Pokemon this card is attached to gets +100 HP.,Trainer card: Pokemon Tool (ace_hp_tool)
GEN-11374,Defiance Band,Chilling Reign,091/220,Trainer,,,,,Pokemon Tool,,,,,,,,,,,,,,"If behind in prizes, attacks do 30 more damage to Active Pokemon.",Trainer card: Pokemon Tool (comeback_tool)
GEN-11375,Choice Belt,Scarlet & Violet Base,078/220,Trainer,,,,,Pokemon Tool,,,,,,,,,,,,,,Attacks of the Pokemon this card is attached to do 30 more damage to Active Pokemon V.,Trainer card: Pokemon Tool (damage_tool)
GEN-11376,Briar,Chilling Reign,129/220,Trainer,,,,,Supporter,,,,,,,,,,,,,,"If opponent has 2 prize cards left, taking KO with Tera Pokemon takes 1 more prize.",Trainer card: Supporter (prize_modifier)
GEN-11377,Switch,Surging Sparks,208/220,Trainer,,,,,Item,,,,,,,,,,,,,,Switch your Active Pokemon with 1 of your Benched Pokemon.,Trainer card: Item (switch_active)
GEN-11378,Quaquaval,Darkness Ablaze,161/220,Pokemon,Stage 2,Quaxwell,140,Water,,,Lightning x2,None,3,Water Gun,2 W 1 C,180,,,,,,,,Stage 2 heavy attacker / archetype anchor Quaquaval.
GEN-11379,Buddy-Buddy Poffin,Paldean Fates,100/220,Trainer,,,,,Item,,,,,,,,,,,,,,Search your deck for up to 2 Basic Pokemon with 70 HP or less and bench them.,Trainer card: Item (setup_small_basics)
GEN-11380,Cyndaquil,Shrouded Fable,143/220,Pokemon,Basic,,60,Fire,,,Water x2,None,1,Combustion,1 F,10,"Flip a coin. If heads, your opponent's Active Pokemon is now Paralyzed.",Flamethrower,2 F,40,,,,Standard basic Fire starter for Cyndaquil evolution tree.
GEN-11381,Escape Rope,Surging Sparks,058/220,Trainer,,,,,Item,,,,,,,,,,,,,,Each player switches their Active Pokemon with 1 of their Benched Pokemon.,Trainer card: Item (mutual_switch)
GEN-11382,Duraludon,Crown Zenith,088/220,Pokemon,Stage 1,Archaludon,100,Metal,,,Fire x2,Grass -30,2,Star Chronos,2 M,80,,Star Chronos,3 M,100,,,,Stage 1 pivot & engine bridge for Duraludon lineup.
GEN-11383,Mesagoza,Evolving Skies,169/220,Trainer,,,,,Stadium,,,,,,,,,,,,,,"Once per turn, flip a coin. If heads, search deck for a Pokemon and put into hand.",Trainer card: Stadium (search_stadium)
GEN-11384,Okidogi ex,Battle Styles,023/220,Pokemon,Basic,,320,Colorless,,"Pokemon ex Rule: When your Pokemon ex is Knocked Out, your opponent takes 2 Prize cards.",Fighting x2,None,3,Dark Pulse,2 D,160,,Shadow Claw,3 D,,Discard all Energy attached to this Pokemon.,,,Meta tier-1 rule-box flagship Okidogi ex.
GEN-11385,Path to the Peak,Twilight Masquerade,134/220,Trainer,,,,,Stadium,,,,,,,,,,,,,,Pokemon with a Rule Box have no Abilities.,Trainer card: Stadium (rulebox_lock)
GEN-11386,Legacy Energy,Scarlet & Violet Base,161/220,Energy,,,,Rainbow,Special,ACE SPEC Rule: You can't have more than 1 ACE SPEC card in your deck.,,,,,,,,,,,,,"ACE SPEC: Provides all Energy types. When attached Pokemon is KO'd by damage, opponent takes 1 less prize.",Energy card: Special (Rainbow)
GEN-11387,Professor Turo's Scenario,Pokemon 151,107/220,Trainer,,,,,Supporter,,,,,,,,,,,,,,Put 1 of your Future Pokemon into your hand. Discard all attached cards.,Trainer card: Supporter (future_scoop)
GEN-11388,Crispin,Surging Sparks,147/220,Trainer,,,,,Supporter,,,,,,,,,,,,,,"Search deck for 2 different basic Energy cards, attach 1 to Pokemon, put 1 in hand.",Trainer card: Supporter (energy_search_accel)
GEN-11389,Melmetal,Rebel Clash,110/220,Pokemon,Basic,,50,Metal,,,Fire x2,Grass -30,3,Metal Claw,1 M,20,,,2 M,50,,Melmetal's Intuition,,Standard basic Metal starter for Melmetal evolution tree.
GEN-11390,Prime Catcher,Rebel Clash,155/220,Trainer,,,,,Item,ACE SPEC Rule: You can't have more than 1 ACE SPEC card in your deck.,,,,,,,,,,,,,"ACE SPEC: Switch 1 opponent Benched Pokemon to Active, and switch your Active with Bench.",Trainer card: Item (ace_spec_gust_switch)
GEN-11391,Hisuian Heavy Ball,Pokemon 151,115/220,Trainer,,,,,Item,,,,,,,,,,,,,,Look at face-down Prize cards. Swap a Basic Pokemon found there with this card.,Trainer card: Item (prize_check_rescue)
GEN-11392,Double Turbo Energy,Paldea Evolved,034/220,Energy,,,,Colorless,Special,,,,,,,,,,,,,,Provides 2 Colorless Energy. Attacks do 20 less damage.,Energy card: Special (Colorless)
GEN-11393,Penny,Rebel Clash,168/220,Trainer,,,,,Supporter,,,,,,,,,,,,,,Put 1 of your Basic Pokemon and all cards attached to it into your hand.,Trainer card: Supporter (scoop_up)
GEN-11394,Fezandipiti ex,Paldea Evolved,149/220,Pokemon,Basic,,320,Colorless,,"Pokemon ex Rule: When your Pokemon ex is Knocked Out, your opponent takes 2 Prize cards.",Fighting x2,None,1,Frenzy Gouging,2 D,160,,,,,,,,Meta tier-1 rule-box flagship Fezandipiti ex.
GEN-11395,Double Turbo Energy,Battle Styles,176/220,Energy,,,,Colorless,Special,,,,,,,,,,,,,,Provides 2 Colorless Energy. Attacks do 20 less damage.,Energy card: Special (Colorless)
GEN-11396,Raihan,Crown Zenith,036/220,Trainer,,,,,Supporter,,,,,,,,,,,,,,"Can be played only if your Pokemon was Knocked Out last turn. Attach 1 basic Energy from discard to 1 Pokemon, then search deck for any 1 card.",Trainer card: Supporter (comeback_search)
GEN-11397,Counter Catcher,Paldea Evolved,177/220,Trainer,,,,,Item,,,,,,,,,,,,,,Can be played only when behind in prizes. Switch 1 opponent Benched Pokemon to Active.,Trainer card: Item (comeback_gust)
GEN-11398,Basic Metal Energy,Twilight Masquerade,035/220,Energy,,,,Metal,Basic,,,,,,,,,,,,,,Provides 1 Metal Energy.,Energy card: Basic (Metal)
GEN-11399,Lake Acuity,Rebel Clash,198/220,Trainer,,,,,Stadium,,,,,,,,,,,,,,Water and Fighting Pokemon with Water or Fighting Energy take 20 less damage from attacks.,Trainer card: Stadium (defense_stadium)
GEN-11400,Hydreigon ex,Astral Radiance,168/220,Pokemon,Stage 2,Zweilous,220,Darkness,,"Pokemon ex Rule: When your Pokemon ex is Knocked Out, your opponent takes 2 Prize cards.",Grass x2,None,3,Night Slash,2 D,200,,Frenzy Gouging,3 D,,,,,Meta tier-1 rule-box flagship Hydreigon ex.
GEN-11401,Reversal Energy,Astral Radiance,041/220,Energy,,,,Colorless,Special,,,,,,,,,,,,,,"If behind in prizes and on Evolution without Rule Box, provides 3 Energy of any type.",Energy card: Special (Colorless)
GEN-11402,Unfair Stamp,Pokemon 151,018/220,Trainer,,,,,Item,ACE SPEC Rule: You can't have more than 1 ACE SPEC card in your deck.,,,,,,,,,,,,,ACE SPEC: Can be played only after KO. Opponent shuffles hand and draws 2; you draw 5.,Trainer card: Item (ace_spec_disruption)
GEN-11403,Mist Energy,Twilight Masquerade,137/220,Energy,,,,Colorless,Special,,,,,,,,,,,,,,Provides 1 Colorless Energy. Prevent all effects of attacks done to this Pokemon.,Energy card: Special (Colorless)
GEN-11404,Lucario ex,Silver Tempest,048/220,Pokemon,Stage 1,Lucario,330,Fighting,,"Pokemon ex Rule: When your Pokemon ex is Knocked Out, your opponent takes 2 Prize cards.",Psychic x2,None,2,Stone Edge,2 F,180,,Aura Sphere,3 F,,,,,Meta tier-1 rule-box flagship Lucario ex.
GEN-11405,Unfair Stamp,Pokemon 151,215/220,Trainer,,,,,Item,ACE SPEC Rule: You can't have more than 1 ACE SPEC card in your deck.,,,,,,,,,,,,,ACE SPEC: Can be played only after KO. Opponent shuffles hand and draws 2; you draw 5.,Trainer card: Item (ace_spec_disruption)
GEN-11406,Beldum,Astral Radiance,187/220,Pokemon,Basic,,70,Metal,,,Fire x2,Grass -30,2,Armored Press,1 M,20,,Flash Cannon,,40,,,"Once during your turn, you may draw 1 card.",Standard basic Metal starter for Beldum evolution tree.
GEN-11407,Cyndaquil,Shrouded Fable,196/220,Pokemon,Basic,,60,Fire,,,Water x2,None,1,Combustion,1 F,10,"Flip a coin. If heads, your opponent's Active Pokemon is now Paralyzed.",Flamethrower,2 F,40,,,,Standard basic Fire starter for Cyndaquil evolution tree.
GEN-11408,Unfair Stamp,Brilliant Stars,106/220,Trainer,,,,,Item,ACE SPEC Rule: You can't have more than 1 ACE SPEC card in your deck.,,,,,,,,,,,,,ACE SPEC: Can be played only after KO. Opponent shuffles hand and draws 2; you draw 5.,Trainer card: Item (ace_spec_disruption)
GEN-11409,Temple of Sinnoh,Sword & Shield Base,078/220,Trainer,,,,,Stadium,,,,,,,,,,,,,,All Special Energy cards attached to Pokemon provide 1 Colorless and lose effects.,Trainer card: Stadium (special_energy_lock)
GEN-11410,Basic Grass Energy,Rebel Clash,191/220,Energy,,,,Grass,Basic,,,,,,,,,,,,,,Provides 1 Grass Energy.,Energy card: Basic (Grass)
GEN-11411,Pawmot,Lost Origin,190/220,Pokemon,Stage 2,Pawmo,180,Lightning,,,Fighting x2,None,2,Thunder,2 L 1 C,140,,Plasma Fists,,180,,Supercharged Breaker,,Stage 2 heavy attacker / archetype anchor Pawmot.
GEN-11412,Night Stretcher,Darkness Ablaze,039/220,Trainer,,,,,Item,,,,,,,,,,,,,,Put a Pokemon or a Basic Energy card from your discard pile into your hand.,Trainer card: Item (recovery_hand)
GEN-11413,Colress's Experiment,Paradox Rift,028/220,Trainer,,,,,Supporter,,,,,,,,,,,,,,"Look at top 5 cards of deck. Put 3 into hand, 2 into Lost Zone.",Trainer card: Supporter (lost_zone_draw)
GEN-11414,Houndoom ex,Obsidian Flames,048/220,Pokemon,Stage 1,Houndour,230,Darkness,,"Pokemon ex Rule: When your Pokemon ex is Knocked Out, your opponent takes 2 Prize cards.",Grass x2,None,2,Torment,2 D,280,,Frenzy Gouging,3 D,260,,,,Meta tier-1 rule-box flagship Houndoom ex.
GEN-11415,Ninetales,Obsidian Flames,196/220,Pokemon,Stage 1,Vulpix,100,Fire,,,Water x2,None,1,Flamethrower,2 F,60,Discard an Energy from this Pokemon to deal 30 more damage.,Fire Blast,,100,,,,Stage 1 pivot & engine bridge for Ninetales lineup.
GEN-11416,Legacy Energy,Paradox Rift,158/220,Energy,,,,Rainbow,Special,ACE SPEC Rule: You can't have more than 1 ACE SPEC card in your deck.,,,,,,,,,,,,,"ACE SPEC: Provides all Energy types. When attached Pokemon is KO'd by damage, opponent takes 1 less prize.",Energy card: Special (Rainbow)
GEN-11417,Super Rod,Shrouded Fable,156/220,Trainer,,,,,Item,,,,,,,,,,,,,,Shuffle up to 3 in any combination of Pokemon and Basic Energy from discard into deck.,Trainer card: Item (recycling)
GEN-11418,Reversal Energy,Crown Zenith,157/220,Energy,,,,Colorless,Special,,,,,,,,,,,,,,"If behind in prizes and on Evolution without Rule Box, provides 3 Energy of any type.",Energy card: Special (Colorless)
GEN-11419,Professor Turo's Scenario,Pokemon 151,153/220,Trainer,,,,,Supporter,,,,,,,,,,,,,,Put 1 of your Future Pokemon into your hand. Discard all attached cards.,Trainer card: Supporter (future_scoop)
GEN-11420,Professor Turo's Scenario,Surging Sparks,060/220,Trainer,,,,,Supporter,,,,,,,,,,,,,,Put 1 of your Future Pokemon into your hand. Discard all attached cards.,Trainer card: Supporter (future_scoop)
GEN-11421,Unfair Stamp,Brilliant Stars,007/220,Trainer,,,,,Item,ACE SPEC Rule: You can't have more than 1 ACE SPEC card in your deck.,,,,,,,,,,,,,ACE SPEC: Can be played only after KO. Opponent shuffles hand and draws 2; you draw 5.,Trainer card: Item (ace_spec_disruption)
GEN-11422,Technical Machine: Evolution,Paldea Evolved,021/220,Trainer,,,,,Pokemon Tool,,,,,,,,,,,,,,Attack for 1 Colorless: Search deck for up to 2 Evolution cards and evolve 2 benched Pokemon.,Trainer card: Pokemon Tool (evolution_tool)
GEN-11423,Basic Grass Energy,Rebel Clash,200/220,Energy,,,,Grass,Basic,,,,,,,,,,,,,,Provides 1 Grass Energy.,Energy card: Basic (Grass)
GEN-11424,Basic Lightning Energy,Battle Styles,035/220,Energy,,,,Lightning,Basic,,,,,,,,,,,,,,Provides 1 Lightning Energy.,Energy card: Basic (Lightning)
GEN-11425,Basic Fighting Energy,Temporal Forces,217/220,Energy,,,,Fighting,Basic,,,,,,,,,,,,,,Provides 1 Fighting Energy.,Energy card: Basic (Fighting)
GEN-11426,Legacy Energy,Surging Sparks,121/220,Energy,,,,Rainbow,Special,ACE SPEC Rule: You can't have more than 1 ACE SPEC card in your deck.,,,,,,,,,,,,,"ACE SPEC: Provides all Energy types. When attached Pokemon is KO'd by damage, opponent takes 1 less prize.",Energy card: Special (Rainbow)
GEN-11427,Pawmot ex,Lost Origin,096/220,Pokemon,Stage 2,Pawmo,220,Lightning,,"Pokemon ex Rule: When your Pokemon ex is Knocked Out, your opponent takes 2 Prize cards.",Fighting x2,None,1,Volt Tackle,2 L,280,,Wild Charge,,300,Discard all Energy attached to this Pokemon.,,,Meta tier-1 rule-box flagship Pawmot ex.
GEN-11428,Arven,Shrouded Fable,219/220,Trainer,,,,,Supporter,,,,,,,,,,,,,,"Search your deck for an Item card and a Pokemon Tool card, reveal them, and put them into your hand.",Trainer card: Supporter (search_item_tool)
GEN-11429,Artazon,Pokemon 151,126/220,Trainer,,,,,Stadium,,,,,,,,,,,,,,"Once per turn, each player may search deck for 1 Basic Pokemon without a Rule Box and bench it.",Trainer card: Stadium (engine_stadium)
GEN-11430,Basic Lightning Energy,Twilight Masquerade,036/220,Energy,,,,Lightning,Basic,,,,,,,,,,,,,,Provides 1 Lightning Energy.,Energy card: Basic (Lightning)
GEN-11431,Dudunsparce ex,Battle Styles,050/220,Pokemon,Stage 1,Dunsparce,320,Colorless,,"Pokemon ex Rule: When your Pokemon ex is Knocked Out, your opponent takes 2 Prize cards.",Fighting x2,None,1,Swift,2 C,240,,Quick Attack,3 C,260,,,,Meta tier-1 rule-box flagship Dudunsparce ex.
GEN-11432,Professor Sada's Vitality,Stellar Crown,009/220,Trainer,,,,,Supporter,,,,,,,,,,,,,,"Choose up to 2 Ancient Pokemon, attach Basic Energy from discard to each, and draw 3 cards.",Trainer card: Supporter (ancient_accel)
GEN-11433,Temple of Sinnoh,Darkness Ablaze,196/220,Trainer,,,,,Stadium,,,,,,,,,,,,,,All Special Energy cards attached to Pokemon provide 1 Colorless and lose effects.,Trainer card: Stadium (special_energy_lock)
GEN-11434,Grookey,Temporal Forces,070/220,Pokemon,Stage 2,Thwackey,170,Grass,,,Fire x2,None,3,Vine Whip,2 G 1 C,120,,,,,,,"Once during your turn, you may attach 1 Basic Energy from your hand to this Pokemon.",Stage 2 heavy attacker / archetype anchor Grookey.
GEN-11435,Town Store,Crown Zenith,057/220,Trainer,,,,,Stadium,,,,,,,,,,,,,,"Once per turn, each player may search deck for a Pokemon Tool card into hand.",Trainer card: Stadium (tool_search_stadium)
GEN-11436,Choice Belt,Scarlet & Violet Base,052/220,Trainer,,,,,Pokemon Tool,,,,,,,,,,,,,,Attacks of the Pokemon this card is attached to do 30 more damage to Active Pokemon V.,Trainer card: Pokemon Tool (damage_tool)
GEN-11437,Kieran,Brilliant Stars,017/220,Trainer,,,,,Supporter,,,,,,,,,,,,,,Choose 1: Switch Active with Bench; or this turn attacks do 30 more damage to Active ex/V.,Trainer card: Supporter (damage_buff_switch)
GEN-11438,Iono,Stellar Crown,113/220,Trainer,,,,,Supporter,,,,,,,,,,,,,,"Each player shuffles hand into deck, then draws cards equal to remaining prize cards.",Trainer card: Supporter (disruption_draw)
GEN-11439,Fezandipiti ex,Paldea Evolved,126/220,Pokemon,Basic,,320,Colorless,,"Pokemon ex Rule: When your Pokemon ex is Knocked Out, your opponent takes 2 Prize cards.",Fighting x2,None,1,Frenzy Gouging,2 D,160,,,,,,,,Meta tier-1 rule-box flagship Fezandipiti ex.
GEN-11440,Temple of Sinnoh,Sword & Shield Base,084/220,Trainer,,,,,Stadium,,,,,,,,,,,,,,All Special Energy cards attached to Pokemon provide 1 Colorless and lose effects.,Trainer card: Stadium (special_energy_lock)
GEN-11441,Basic Fire Energy,Brilliant Stars,064/220,Energy,,,,Fire,Basic,,,,,,,,,,,,,,Provides 1 Fire Energy.,Energy card: Basic (Fire)
GEN-11442,Lake Acuity,Sword & Shield Base,104/220,Trainer,,,,,Stadium,,,,,,,,,,,,,,Water and Fighting Pokemon with Water or Fighting Energy take 20 less damage from attacks.,Trainer card: Stadium (defense_stadium)
GEN-11443,Chi-Yu,Pokemon 151,156/220,Pokemon,Basic,,80,Fire,,,Water x2,None,1,Burning Roar,1 F,10,,Fire Blast,,40,,,,Standard basic Fire starter for Chi-Yu evolution tree.
GEN-11444,Path to the Peak,Temporal Forces,185/220,Trainer,,,,,Stadium,,,,,,,,,,,,,,Pokemon with a Rule Box have no Abilities.,Trainer card: Stadium (rulebox_lock)
GEN-11445,Prime Catcher,Scarlet & Violet Base,101/220,Trainer,,,,,Item,ACE SPEC Rule: You can't have more than 1 ACE SPEC card in your deck.,,,,,,,,,,,,,"ACE SPEC: Switch 1 opponent Benched Pokemon to Active, and switch your Active with Bench.",Trainer card: Item (ace_spec_gust_switch)
GEN-11446,Legacy Energy,Scarlet & Violet Base,191/220,Energy,,,,Rainbow,Special,ACE SPEC Rule: You can't have more than 1 ACE SPEC card in your deck.,,,,,,,,,,,,,"ACE SPEC: Provides all Energy types. When attached Pokemon is KO'd by damage, opponent takes 1 less prize.",Energy card: Special (Rainbow)
GEN-11447,Reversal Energy,Shrouded Fable,153/220,Energy,,,,Colorless,Special,,,,,,,,,,,,,,"If behind in prizes and on Evolution without Rule Box, provides 3 Energy of any type.",Energy card: Special (Colorless)
GEN-11448,Basic Metal Energy,Paldea Evolved,135/220,Energy,,,,Metal,Basic,,,,,,,,,,,,,,Provides 1 Metal Energy.,Energy card: Basic (Metal)
GEN-11449,Crispin,Rebel Clash,181/220,Trainer,,,,,Supporter,,,,,,,,,,,,,,"Search deck for 2 different basic Energy cards, attach 1 to Pokemon, put 1 in hand.",Trainer card: Supporter (energy_search_accel)
GEN-11450,Fuecoco,Shrouded Fable,134/220,Pokemon,Basic,,80,Fire,,,Water x2,None,2,Combustion,1 F,30,,Flame Charge,,,,,,Standard basic Fire starter for Fuecoco evolution tree.
GEN-11451,Clefable,Rebel Clash,116/220,Pokemon,Stage 1,Clefairy,90,Psychic,,,Metal x2,None,1,Shadow Ball,2 P,80,,,3 P,80,,Inconspicuous,,Stage 1 pivot & engine bridge for Clefable lineup.
GEN-11452,Basic Fire Energy,Evolving Skies,212/220,Energy,,,,Fire,Basic,,,,,,,,,,,,,,Provides 1 Fire Energy.,Energy card: Basic (Fire)
GEN-11453,Chi-Yu ex,Pokemon 151,063/220,Pokemon,Basic,,330,Fire,,"Pokemon ex Rule: When your Pokemon ex is Knocked Out, your opponent takes 2 Prize cards.",Water x2,None,1,Fire Blast,2 F,200,,,,260,,,,Meta tier-1 rule-box flagship Chi-Yu ex.
GEN-11454,Basic Darkness Energy,Paradox Rift,138/220,Energy,,,,Darkness,Basic,,,,,,,,,,,,,,Provides 1 Darkness Energy.,Energy card: Basic (Darkness)
GEN-11455,Pokestop,Battle Styles,189/220,Trainer,,,,,Stadium,,,,,,,,,,,,,,"Once per turn, discard top 3 cards of deck. Put all Items discarded this way into hand.",Trainer card: Stadium (item_mill_stadium)
GEN-11456,Skeledirge,Shrouded Fable,143/220,Pokemon,Stage 2,Crocalor,170,Fire,,,Water x2,None,3,Inferno Overdrive,2 F 1 C,160,,,,,,Supercharged Breaker,"Once during your turn, you may attach 1 Basic Energy from your hand to this Pokemon.",Stage 2 heavy attacker / archetype anchor Skeledirge.
GEN-11457,Artazon,Pokemon 151,133/220,Trainer,,,,,Stadium,,,,,,,,,,,,,,"Once per turn, each player may search deck for 1 Basic Pokemon without a Rule Box and bench it.",Trainer card: Stadium (engine_stadium)
GEN-11458,Roseanne's Backup,Paldea Evolved,013/220,Trainer,,,,,Supporter,,,,,,,,,,,,,,"Shuffle 1 Pokemon, 1 Tool, 1 Stadium, 1 Energy from discard into deck.",Trainer card: Supporter (recovery)
GEN-11459,Irida,Crown Zenith,075/220,Trainer,,,,,Supporter,,,,,,,,,,,,,,Search deck for a Water Pokemon and an Item card.,Trainer card: Supporter (search_water_item)
GEN-11460,Neutral Center,Vivid Voltage,102/220,Trainer,,,,,Stadium,ACE SPEC Rule: You can't have more than 1 ACE SPEC card in your deck.,,,,,,,,,,,,,ACE SPEC: Prevent all damage done to non-Rule-Box Pokemon by attacks from opponent's Pokemon ex/V.,Trainer card: Stadium (ace_defense_stadium)
GEN-11461,Mirage Gate,Rebel Clash,199/220,Trainer,,,,,Item,,,,,,,,,,,,,,Can only be played if you have 7+ cards in Lost Zone. Search deck for 2 different basic Energy and attach.,Trainer card: Item (lost_zone_accel)
GEN-11462,Energy Retrieval,Battle Styles,119/220,Trainer,,,,,Item,,,,,,,,,,,,,,Put up to 2 Basic Energy cards from your discard pile into your hand.,Trainer card: Item (energy_recovery)
GEN-11463,Bibarel,Fusion Strike,109/220,Pokemon,Stage 1,Bidoof,280,Colorless,,VSTAR Rule: Opponent takes 2 Prizes.,Fighting x2,None,2,Quick Attack,2 C,180,,Double-Edge,3 C,,,,,Meta tier-1 rule-box flagship Bibarel.
GEN-11464,Dark Patch,Obsidian Flames,157/220,Trainer,,,,,Item,,,,,,,,,,,,,,Attach a Darkness Energy from discard to 1 of your Benched Darkness Pokemon.,Trainer card: Item (energy_accel)
GEN-11465,Vaporeon,Darkness Ablaze,177/220,Pokemon,Basic,,80,Water,,,Lightning x2,None,2,Ice Beam,1 W,30,"Flip a coin. If heads, your opponent's Active Pokemon is now Paralyzed.",Blizzard,,30,,,,Standard basic Water starter for Vaporeon evolution tree.
GEN-11466,Basic Darkness Energy,Evolving Skies,037/220,Energy,,,,Darkness,Basic,,,,,,,,,,,,,,Provides 1 Darkness Energy.,Energy card: Basic (Darkness)
GEN-11467,Basic Water Energy,Vivid Voltage,213/220,Energy,,,,Water,Basic,,,,,,,,,,,,,,Provides 1 Water Energy.,Energy card: Basic (Water)
GEN-11468,Counter Catcher,Rebel Clash,116/220,Trainer,,,,,Item,,,,,,,,,,,,,,Can be played only when behind in prizes. Switch 1 opponent Benched Pokemon to Active.,Trainer card: Item (comeback_gust)
GEN-11469,Zeraora VSTAR,Fusion Strike,185/220,Pokemon,Basic,,230,Lightning,,VSTAR Rule: Opponent takes 2 Prizes.,Fighting x2,None,1,Discharge,2 L,200,,,,300,,,,Meta tier-1 rule-box flagship Zeraora VSTAR.
GEN-11470,Basic Fighting Energy,Lost Origin,029/220,Energy,,,,Fighting,Basic,,,,,,,,,,,,,,Provides 1 Fighting Energy.,Energy card: Basic (Fighting)
GEN-11471,Boss's Orders,Obsidian Flames,200/220,Trainer,,,,,Supporter,,,,,,,,,,,,,,Switch 1 of your opponent's Benched Pokemon to the Active Spot.,Trainer card: Supporter (gust)
GEN-11472,Therapeutic Energy,Fusion Strike,179/220,Energy,,,,Colorless,Special,,,,,,,,,,,,,,"Provides 1 Colorless Energy. Attached Pokemon recovers from Asleep, Confused, Paralyzed and can't be affected.",Energy card: Special (Colorless)
GEN-11473,Jet Energy,Rebel Clash,035/220,Energy,,,,Colorless,Special,,,,,,,,,,,,,,"Provides 1 Colorless Energy. When attached to Benched Pokemon, switch to Active.",Energy card: Special (Colorless)
GEN-11474,Mesagoza,Lost Origin,106/220,Trainer,,,,,Stadium,,,,,,,,,,,,,,"Once per turn, flip a coin. If heads, search deck for a Pokemon and put into hand.",Trainer card: Stadium (search_stadium)
GEN-11475,Trekking Shoes,Pokemon 151,116/220,Trainer,,,,,Item,,,,,,,,,,,,,,Look at top card of deck. Put into hand or discard and draw 1.,Trainer card: Item (cantrip_draw)
GEN-11476,Charizard ex,Rebel Clash,046/220,Pokemon,Stage 2,Charmeleon,280,Fairy,,"Pokemon ex Rule: When your Pokemon ex is Knocked Out, your opponent takes 2 Prize cards.",Water x2,None,2,Infernal Reign,2 F,220,This attack does 30 more damage for each Prize card your opponent has taken.,Flare Strike,3 F,,,,,Meta tier-1 rule-box flagship Charizard ex.
GEN-11477,Basic Grass Energy,Twilight Masquerade,152/220,Energy,,,,Grass,Basic,,,,,,,,,,,,,,Provides 1 Grass Energy.,Energy card: Basic (Grass)
GEN-11478,Neutral Center,Vivid Voltage,052/220,Trainer,,,,,Stadium,ACE SPEC Rule: You can't have more than 1 ACE SPEC card in your deck.,,,,,,,,,,,,,ACE SPEC: Prevent all damage done to non-Rule-Box Pokemon by attacks from opponent's Pokemon ex/V.,Trainer card: Stadium (ace_defense_stadium)
GEN-11479,Basic Fire Energy,Pokemon 151,024/220,Energy,,,,Fire,Basic,,,,,,,,,,,,,,Provides 1 Fire Energy.,Energy card: Basic (Fire)
GEN-11480,Nest Ball,Evolving Skies,083/220,Trainer,,,,,Item,,,,,,,,,,,,,,Search your deck for a Basic Pokemon and put it onto your Bench.,Trainer card: Item (search_basic_bench)
GEN-11481,Super Rod,Shrouded Fable,167/220,Trainer,,,,,Item,,,,,,,,,,,,,,Shuffle up to 3 in any combination of Pokemon and Basic Energy from discard into deck.,Trainer card: Item (recycling)
GEN-11482,Roseanne's Backup,Paldea Evolved,204/220,Trainer,,,,,Supporter,,,,,,,,,,,,,,"Shuffle 1 Pokemon, 1 Tool, 1 Stadium, 1 Energy from discard into deck.",Trainer card: Supporter (recovery)
GEN-11483,Dudunsparce ex,Battle Styles,184/220,Pokemon,Stage 1,Dunsparce,320,Colorless,,"Pokemon ex Rule: When your Pokemon ex is Knocked Out, your opponent takes 2 Prize cards.",Fighting x2,None,1,Swift,2 C,240,,Quick Attack,3 C,260,,,,Meta tier-1 rule-box flagship Dudunsparce ex.
GEN-11484,Cornerstone Mask Ogerpon,Obsidian Flames,024/220,Pokemon,Basic,,60,Fighting,,,Grass x2,None,1,Stone Edge,1 F,20,"Flip a coin. If heads, your opponent's Active Pokemon is now Paralyzed.",Close Combat,2 F,,,,,Standard basic Fighting starter for Cornerstone Mask Ogerpon evolution tree.
GEN-11485,Geodude,Shrouded Fable,181/220,Pokemon,Basic,,60,Fighting,,,Grass x2,None,3,Hammer Arm,1 F,20,"Flip a coin. If heads, your opponent's Active Pokemon is now Paralyzed.",Dynamic Punch,,30,,,,Standard basic Fighting starter for Geodude evolution tree.
GEN-11486,Basic Grass Energy,Sword & Shield Base,163/220,Energy,,,,Grass,Basic,,,,,,,,,,,,,,Provides 1 Grass Energy.,Energy card: Basic (Grass)
GEN-11487,Technical Machine: Devolution,Rebel Clash,022/220,Trainer,,,,,Pokemon Tool,,,,,,,,,,,,,,Attack for 1 Colorless: Devolve all opponent evolved Pokemon.,Trainer card: Pokemon Tool (disruption_tool)
GEN-11488,Basic Metal Energy,Twilight Masquerade,182/220,Energy,,,,Metal,Basic,,,,,,,,,,,,,,Provides 1 Metal Energy.,Energy card: Basic (Metal)
GEN-11489,Path to the Peak,Lost Origin,187/220,Trainer,,,,,Stadium,,,,,,,,,,,,,,Pokemon with a Rule Box have no Abilities.,Trainer card: Stadium (rulebox_lock)
GEN-11490,Basic Darkness Energy,Shrouded Fable,157/220,Energy,,,,Darkness,Basic,,,,,,,,,,,,,,Provides 1 Darkness Energy.,Energy card: Basic (Darkness)
GEN-11491,Pidgeot,Surging Sparks,097/220,Pokemon,Stage 2,Pidgeotto,140,Colorless,,,Lightning x2,Fighting -30,1,Body Slam,2 C 1 C,180,This attack does 30 damage to each of your opponent's Benched Pokemon.,,,,,,,Stage 2 heavy attacker / archetype anchor Pidgeot.
GEN-11492,Jet Energy,Lost Origin,098/220,Energy,,,,Colorless,Special,,,,,,,,,,,,,,"Provides 1 Colorless Energy. When attached to Benched Pokemon, switch to Active.",Energy card: Special (Colorless)
GEN-11493,Gouging Fire,Sword & Shield Base,197/220,Pokemon,Basic,,90,Fire,,,Water x2,None,2,Flare Strike,1 F,20,,,2 F,40,,,"Once during your turn, you may draw 1 card.",Standard basic Fire starter for Gouging Fire evolution tree.
GEN-11494,Castform,Sword & Shield Base,086/220,Pokemon,Basic,,70,Colorless,,,Fighting x2,None,1,Tackle,1 C,30,,Trinity Nova,2 C,30,,Castform's Intuition,"Once during your turn, you may draw 1 card.",Standard basic Colorless starter for Castform evolution tree.
GEN-11495,Reversal Energy,Crown Zenith,169/220,Energy,,,,Colorless,Special,,,,,,,,,,,,,,"If behind in prizes and on Evolution without Rule Box, provides 3 Energy of any type.",Energy card: Special (Colorless)
GEN-11496,Iron Crown,Fusion Strike,042/220,Pokemon,Basic,,60,Metal,,,Fire x2,Grass -30,2,Star Chronos,1 M,30,,,,,,Iron Crown's Intuition,,Standard basic Metal starter for Iron Crown evolution tree.
GEN-11497,Deino,Astral Radiance,046/220,Pokemon,Stage 2,Zweilous,170,Darkness,,,Grass x2,None,4,Crunch,2 D 1 C,160,This attack does 30 damage to each of your opponent's Benched Pokemon.,Sucker Punch,,180,,,,Stage 2 heavy attacker / archetype anchor Deino.
GEN-11498,Irida,Crown Zenith,014/220,Trainer,,,,,Supporter,,,,,,,,,,,,,,Search deck for a Water Pokemon and an Item card.,Trainer card: Supporter (search_water_item)
GEN-11499,Beach Court,Sword & Shield Base,079/220,Trainer,,,,,Stadium,,,,,,,,,,,,,,The retreat cost of each Basic Pokemon is 1 less.,Trainer card: Stadium (basic_mobility_stadium)
GEN-11500,Counter Catcher,Obsidian Flames,187/220,Trainer,,,,,Item,,,,,,,,,,,,,,Can be played only when behind in prizes. Switch 1 opponent Benched Pokemon to Active.,Trainer card: Item (comeback_gust)
GEN-11501,Basic Grass Energy,Silver Tempest,074/220,Energy,,,,Grass,Basic,,,,,,,,,,,,,,Provides 1 Grass Energy.,Energy card: Basic (Grass)
GEN-11502,Garchomp ex,Paradox Rift,047/220,Pokemon,Stage 2,Gabite,330,Fighting,,"Pokemon ex Rule: When your Pokemon ex is Knocked Out, your opponent takes 2 Prize cards.",Grass x2,None,0,Aura Sphere,2 F,220,,Stone Edge,,260,,,,Meta tier-1 rule-box flagship Garchomp ex.
GEN-11503,Lucario,Silver Tempest,034/220,Pokemon,Basic,,70,Fighting,,,Psychic x2,None,2,Aura Sphere,1 F,30,,Drain Punch,,30,,,,Standard basic Fighting starter for Lucario evolution tree.
GEN-11504,Kieran,Lost Origin,001/220,Trainer,,,,,Supporter,,,,,,,,,,,,,,Choose 1: Switch Active with Bench; or this turn attacks do 30 more damage to Active ex/V.,Trainer card: Supporter (damage_buff_switch)
GEN-11505,Gengar,Lost Origin,196/220,Pokemon,Stage 2,Haunter,180,Psychic,,,Darkness x2,Fighting -30,2,Mind Bend,2 P 1 C,120,,,3 P,180,,,,Stage 2 heavy attacker / archetype anchor Gengar.
GEN-11506,Battle VIP Pass,Darkness Ablaze,004/220,Trainer,,,,,Item,,,,,,,,,,,,,,Can only be played on your first turn. Search deck for up to 2 Basic Pokemon to bench.,Trainer card: Item (setup_basics)
GEN-11507,Basic Fire Energy,Shrouded Fable,128/220,Energy,,,,Fire,Basic,,,,,,,,,,,,,,Provides 1 Fire Energy.,Energy card: Basic (Fire)
GEN-11508,Basic Fighting Energy,Vivid Voltage,140/220,Energy,,,,Fighting,Basic,,,,,,,,,,,,,,Provides 1 Fighting Energy.,Energy card: Basic (Fighting)
GEN-11509,Sceptile,Obsidian Flames,156/220,Pokemon,Stage 2,Grovyle,180,Grass,,,Fire x2,None,2,Vine Whip,2 G 1 C,120,,Spore Burst,,180,,,,Stage 2 heavy attacker / archetype anchor Sceptile.
GEN-11510,Basic Psychic Energy,Astral Radiance,061/220,Energy,,,,Psychic,Basic,,,,,,,,,,,,,,Provides 1 Psychic Energy.,Energy card: Basic (Psychic)
GEN-11511,Judge,Paldea Evolved,151/220,Trainer,,,,,Supporter,,,,,,,,,,,,,,Each player shuffles their hand into their deck and draws 4 cards.,Trainer card: Supporter (disruption_draw)
GEN-11512,Raihan,Silver Tempest,122/220,Trainer,,,,,Supporter,,,,,,,,,,,,,,"Can be played only if your Pokemon was Knocked Out last turn. Attach 1 basic Energy from discard to 1 Pokemon, then search deck for any 1 card.",Trainer card: Supporter (comeback_search)
GEN-11513,Basic Grass Energy,Twilight Masquerade,105/220,Energy,,,,Grass,Basic,,,,,,,,,,,,,,Provides 1 Grass Energy.,Energy card: Basic (Grass)
GEN-11514,Basic Grass Energy,Fusion Strike,021/220,Energy,,,,Grass,Basic,,,,,,,,,,,,,,Provides 1 Grass Energy.,Energy card: Basic (Grass)
GEN-11515,Luminous Energy,Lost Origin,154/220,Energy,,,,Rainbow,Special,,,,,,,,,,,,,,"Provides 1 Energy of any type. If other Special Energy attached, provides 1 Colorless.",Energy card: Special (Rainbow)
GEN-11516,Rowlet,Paldea Evolved,063/220,Pokemon,Basic,,50,Grass,,,Fire x2,None,1,Energy Ball,1 G,30,,Petal Dance,,,,Rowlet's Intuition,,Standard basic Grass starter for Rowlet evolution tree.
GEN-11517,Jet Energy,Vivid Voltage,072/220,Energy,,,,Colorless,Special,,,,,,,,,,,,,,"Provides 1 Colorless Energy. When attached to Benched Pokemon, switch to Active.",Energy card: Special (Colorless)
GEN-11518,Reversal Energy,Stellar Crown,161/220,Energy,,,,Colorless,Special,,,,,,,,,,,,,,"If behind in prizes and on Evolution without Rule Box, provides 3 Energy of any type.",Energy card: Special (Colorless)
GEN-11519,Mist Energy,Twilight Masquerade,210/220,Energy,,,,Colorless,Special,,,,,,,,,,,,,,Provides 1 Colorless Energy. Prevent all effects of attacks done to this Pokemon.,Energy card: Special (Colorless)
GEN-11520,Penny,Paldea Evolved,013/220,Trainer,,,,,Supporter,,,,,,,,,,,,,,Put 1 of your Basic Pokemon and all cards attached to it into your hand.,Trainer card: Supporter (scoop_up)
GEN-11521,Arven,Paldean Fates,038/220,Trainer,,,,,Supporter,,,,,,,,,,,,,,"Search your deck for an Item card and a Pokemon Tool card, reveal them, and put them into your hand.",Trainer card: Supporter (search_item_tool)
GEN-11522,Vaporeon VMAX,Darkness Ablaze,168/220,Pokemon,Basic,,220,Water,,VSTAR Rule: Opponent takes 2 Prizes.,Lightning x2,None,2,Aqua Tail,2 W,220,,Ice Beam,,,,,,Meta tier-1 rule-box flagship Vaporeon VMAX.
GEN-11523,Defiance Band,Chilling Reign,010/220,Trainer,,,,,Pokemon Tool,,,,,,,,,,,,,,"If behind in prizes, attacks do 30 more damage to Active Pokemon.",Trainer card: Pokemon Tool (comeback_tool)
GEN-11524,Hydreigon ex,Astral Radiance,219/220,Pokemon,Stage 2,Zweilous,220,Darkness,,"Pokemon ex Rule: When your Pokemon ex is Knocked Out, your opponent takes 2 Prize cards.",Grass x2,None,3,Night Slash,2 D,200,,Frenzy Gouging,3 D,,,,,Meta tier-1 rule-box flagship Hydreigon ex.
GEN-11525,Blaziken,Brilliant Stars,171/220,Pokemon,Stage 2,Combusken,170,Fire,,,Water x2,None,3,Fire Blast,2 F 1 C,120,,Flamethrower,3 F,,,,"Once during your turn, you may attach 1 Basic Energy from your hand to this Pokemon.",Stage 2 heavy attacker / archetype anchor Blaziken.
GEN-11526,Gift Energy,Crown Zenith,215/220,Energy,,,,Colorless,Special,,,,,,,,,,,,,,"Provides 1 Colorless Energy. When attached Pokemon is KO'd, draw until you have 7 in hand.",Energy card: Special (Colorless)
GEN-11527,Luminous Energy,Surging Sparks,077/220,Energy,,,,Rainbow,Special,,,,,,,,,,,,,,"Provides 1 Energy of any type. If other Special Energy attached, provides 1 Colorless.",Energy card: Special (Rainbow)
GEN-11528,Hisuian Heavy Ball,Surging Sparks,023/220,Trainer,,,,,Item,,,,,,,,,,,,,,Look at face-down Prize cards. Swap a Basic Pokemon found there with this card.,Trainer card: Item (prize_check_rescue)
GEN-11529,Psyduck,Astral Radiance,028/220,Pokemon,Basic,,80,Water,,,Lightning x2,None,1,Blizzard,1 W,10,"Flip a coin. If heads, your opponent's Active Pokemon is now Paralyzed.",,2 W,30,,Psyduck's Intuition,,Standard basic Water starter for Psyduck evolution tree.
GEN-11530,Beach Court,Rebel Clash,046/220,Trainer,,,,,Stadium,,,,,,,,,,,,,,The retreat cost of each Basic Pokemon is 1 less.,Trainer card: Stadium (basic_mobility_stadium)
GEN-11531,Snorlax,Astral Radiance,173/220,Pokemon,Basic,,70,Colorless,,,Fighting x2,None,4,Quick Attack,1 C,20,,Tackle,,40,,,,Standard basic Colorless starter for Snorlax evolution tree.
GEN-11532,Energy Retrieval,Sword & Shield Base,157/220,Trainer,,,,,Item,,,,,,,,,,,,,,Put up to 2 Basic Energy cards from your discard pile into your hand.,Trainer card: Item (energy_recovery)
GEN-11533,Kieran,Silver Tempest,178/220,Trainer,,,,,Supporter,,,,,,,,,,,,,,Choose 1: Switch Active with Bench; or this turn attacks do 30 more damage to Active ex/V.,Trainer card: Supporter (damage_buff_switch)
GEN-11534,Grookey,Temporal Forces,153/220,Pokemon,Stage 2,Thwackey,170,Grass,,,Fire x2,None,3,Vine Whip,2 G 1 C,120,,,,,,,"Once during your turn, you may attach 1 Basic Energy from your hand to this Pokemon.",Stage 2 heavy attacker / archetype anchor Grookey.
GEN-11535,Reversal Energy,Evolving Skies,202/220,Energy,,,,Colorless,Special,,,,,,,,,,,,,,"If behind in prizes and on Evolution without Rule Box, provides 3 Energy of any type.",Energy card: Special (Colorless)
GEN-11536,Reversal Energy,Astral Radiance,046/220,Energy,,,,Colorless,Special,,,,,,,,,,,,,,"If behind in prizes and on Evolution without Rule Box, provides 3 Energy of any type.",Energy card: Special (Colorless)
GEN-11537,Basic Fire Energy,Lost Origin,192/220,Energy,,,,Fire,Basic,,,,,,,,,,,,,,Provides 1 Fire Energy.,Energy card: Basic (Fire)
GEN-11538,Gift Energy,Rebel Clash,093/220,Energy,,,,Colorless,Special,,,,,,,,,,,,,,"Provides 1 Colorless Energy. When attached Pokemon is KO'd, draw until you have 7 in hand.",Energy card: Special (Colorless)
GEN-11539,Pignite,Paldean Fates,024/220,Pokemon,Stage 1,Tepig,130,Fire,,,Water x2,None,3,Flamethrower,2 F,80,,,3 F,100,,,,Stage 1 pivot & engine bridge for Pignite lineup.
GEN-11540,Mirage Gate,Darkness Ablaze,083/220,Trainer,,,,,Item,,,,,,,,,,,,,,Can only be played if you have 7+ cards in Lost Zone. Search deck for 2 different basic Energy and attach.,Trainer card: Item (lost_zone_accel)
GEN-11541,Forest Seal Stone,Astral Radiance,098/220,Trainer,,,,,Pokemon Tool,,,,,,,,,,,,,,Star Order Ability: Search your deck for any 1 card and put it into hand.,Trainer card: Pokemon Tool (vstar_power_tool)
GEN-11542,Lugia VSTAR,Paldean Fates,195/220,Pokemon,Basic,,280,Colorless,,VSTAR Rule: Opponent takes 2 Prizes.,Lightning x2,Fighting -30,2,Quick Search,2 C,180,,Swift,,260,,,,Meta tier-1 rule-box flagship Lugia VSTAR.
GEN-11543,Lake Acuity,Sword & Shield Base,216/220,Trainer,,,,,Stadium,,,,,,,,,,,,,,Water and Fighting Pokemon with Water or Fighting Energy take 20 less damage from attacks.,Trainer card: Stadium (defense_stadium)
GEN-11544,Jet Energy,Lost Origin,017/220,Energy,,,,Colorless,Special,,,,,,,,,,,,,,"Provides 1 Colorless Energy. When attached to Benched Pokemon, switch to Active.",Energy card: Special (Colorless)
GEN-11545,Earthen Vessel,Battle Styles,121/220,Trainer,,,,,Item,,,,,,,,,,,,,,Discard 1 card from hand. Search deck for up to 2 Basic Energy cards into hand.,Trainer card: Item (energy_search)
GEN-11546,Inkay,Silver Tempest,032/220,Pokemon,Basic,,90,Darkness,,,Grass x2,None,1,Frenzy Gouging,1 D,30,,Night Slash,2 D,30,,,"Once during your turn, you may draw 1 card.",Standard basic Darkness starter for Inkay evolution tree.
GEN-11547,Basic Grass Energy,Rebel Clash,071/220,Energy,,,,Grass,Basic,,,,,,,,,,,,,,Provides 1 Grass Energy.,Energy card: Basic (Grass)
GEN-11548,Hisuian Heavy Ball,Pokemon 151,135/220,Trainer,,,,,Item,,,,,,,,,,,,,,Look at face-down Prize cards. Swap a Basic Pokemon found there with this card.,Trainer card: Item (prize_check_rescue)
GEN-11549,Town Store,Paldean Fates,135/220,Trainer,,,,,Stadium,,,,,,,,,,,,,,"Once per turn, each player may search deck for a Pokemon Tool card into hand.",Trainer card: Stadium (tool_search_stadium)
GEN-11550,Penny,Obsidian Flames,179/220,Trainer,,,,,Supporter,,,,,,,,,,,,,,Put 1 of your Basic Pokemon and all cards attached to it into your hand.,Trainer card: Supporter (scoop_up)
GEN-11551,Penny,Battle Styles,157/220,Trainer,,,,,Supporter,,,,,,,,,,,,,,Put 1 of your Basic Pokemon and all cards attached to it into your hand.,Trainer card: Supporter (scoop_up)
GEN-11552,Swampert ex,Scarlet & Violet Base,028/220,Pokemon,Stage 2,Marshtomp,230,Water,,"Pokemon ex Rule: When your Pokemon ex is Knocked Out, your opponent takes 2 Prize cards.",Lightning x2,None,3,Wave Splash,2 W,160,,Aqua Tail,3 W,,,,,Meta tier-1 rule-box flagship Swampert ex.
GEN-11553,Reversal Energy,Crown Zenith,187/220,Energy,,,,Colorless,Special,,,,,,,,,,,,,,"If behind in prizes and on Evolution without Rule Box, provides 3 Energy of any type.",Energy card: Special (Colorless)
GEN-11554,Double Turbo Energy,Scarlet & Violet Base,136/220,Energy,,,,Colorless,Special,,,,,,,,,,,,,,Provides 2 Colorless Energy. Attacks do 20 less damage.,Energy card: Special (Colorless)
GEN-11555,Iron Hands ex,Scarlet & Violet Base,124/220,Pokemon,Basic,,230,Colorless,,"Pokemon ex Rule: When your Pokemon ex is Knocked Out, your opponent takes 2 Prize cards.",Fighting x2,None,4,Lightning Strike,2 L,280,,Thunderbolt,3 L,260,,,,Meta tier-1 rule-box flagship Iron Hands ex.
GEN-11556,Dudunsparce ex,Battle Styles,177/220,Pokemon,Stage 1,Dunsparce,320,Colorless,,"Pokemon ex Rule: When your Pokemon ex is Knocked Out, your opponent takes 2 Prize cards.",Fighting x2,None,1,Swift,2 C,240,,Quick Attack,3 C,260,,,,Meta tier-1 rule-box flagship Dudunsparce ex.
GEN-11557,Legacy Energy,Surging Sparks,202/220,Energy,,,,Rainbow,Special,ACE SPEC Rule: You can't have more than 1 ACE SPEC card in your deck.,,,,,,,,,,,,,"ACE SPEC: Provides all Energy types. When attached Pokemon is KO'd by damage, opponent takes 1 less prize.",Energy card: Special (Rainbow)
GEN-11558,Basic Metal Energy,Paldea Evolved,074/220,Energy,,,,Metal,Basic,,,,,,,,,,,,,,Provides 1 Metal Energy.,Energy card: Basic (Metal)
GEN-11559,Lake Acuity,Lost Origin,156/220,Trainer,,,,,Stadium,,,,,,,,,,,,,,Water and Fighting Pokemon with Water or Fighting Energy take 20 less damage from attacks.,Trainer card: Stadium (defense_stadium)
GEN-11560,Unfair Stamp,Scarlet & Violet Base,067/220,Trainer,,,,,Item,ACE SPEC Rule: You can't have more than 1 ACE SPEC card in your deck.,,,,,,,,,,,,,ACE SPEC: Can be played only after KO. Opponent shuffles hand and draws 2; you draw 5.,Trainer card: Item (ace_spec_disruption)
GEN-11561,Basic Metal Energy,Rebel Clash,148/220,Energy,,,,Metal,Basic,,,,,,,,,,,,,,Provides 1 Metal Energy.,Energy card: Basic (Metal)
GEN-11562,Mirage Gate,Scarlet & Violet Base,091/220,Trainer,,,,,Item,,,,,,,,,,,,,,Can only be played if you have 7+ cards in Lost Zone. Search deck for 2 different basic Energy and attach.,Trainer card: Item (lost_zone_accel)
GEN-11563,Weavile,Silver Tempest,158/220,Pokemon,Stage 1,Sneasel,100,Darkness,,,Grass x2,None,1,Frenzy Gouging,2 D,50,,Shadow Claw,3 D,,,,,Stage 1 pivot & engine bridge for Weavile lineup.
GEN-11564,Reversal Energy,Silver Tempest,128/220,Energy,,,,Colorless,Special,,,,,,,,,,,,,,"If behind in prizes and on Evolution without Rule Box, provides 3 Energy of any type.",Energy card: Special (Colorless)
GEN-11565,Basic Darkness Energy,Chilling Reign,187/220,Energy,,,,Darkness,Basic,,,,,,,,,,,,,,Provides 1 Darkness Energy.,Energy card: Basic (Darkness)
GEN-11566,Luminous Energy,Pokemon 151,128/220,Energy,,,,Rainbow,Special,,,,,,,,,,,,,,"Provides 1 Energy of any type. If other Special Energy attached, provides 1 Colorless.",Energy card: Special (Rainbow)
GEN-11567,Basic Psychic Energy,Paldean Fates,207/220,Energy,,,,Psychic,Basic,,,,,,,,,,,,,,Provides 1 Psychic Energy.,Energy card: Basic (Psychic)
GEN-11568,Boss's Orders,Obsidian Flames,157/220,Trainer,,,,,Supporter,,,,,,,,,,,,,,Switch 1 of your opponent's Benched Pokemon to the Active Spot.,Trainer card: Supporter (gust)
GEN-11569,Briar,Darkness Ablaze,182/220,Trainer,,,,,Supporter,,,,,,,,,,,,,,"If opponent has 2 prize cards left, taking KO with Tera Pokemon takes 1 more prize.",Trainer card: Supporter (prize_modifier)
GEN-11570,Superior Energy Retrieval,Shrouded Fable,050/220,Trainer,,,,,Item,,,,,,,,,,,,,,Discard 2 cards from hand. Put up to 4 Basic Energy cards from discard into hand.,Trainer card: Item (mass_energy_recovery)
GEN-11571,Venusaur ex,Astral Radiance,031/220,Pokemon,Stage 2,Ivysaur,320,Grass,,"Pokemon ex Rule: When your Pokemon ex is Knocked Out, your opponent takes 2 Prize cards.",Fire x2,None,1,Giga Drain,2 G,160,,,,,,,,Meta tier-1 rule-box flagship Venusaur ex.
GEN-11572,Charmeleon,Rebel Clash,120/220,Pokemon,Stage 1,Charmander,120,Fire,,,Water x2,None,2,Heat Wave,2 F,70,,Ember,,,,,,Stage 1 pivot & engine bridge for Charmeleon lineup.
GEN-11573,Choice Belt,Scarlet & Violet Base,204/220,Trainer,,,,,Pokemon Tool,,,,,,,,,,,,,,Attacks of the Pokemon this card is attached to do 30 more damage to Active Pokemon V.,Trainer card: Pokemon Tool (damage_tool)
GEN-11574,Riolu,Silver Tempest,189/220,Pokemon,Stage 1,Lucario,130,Fighting,,,Psychic x2,None,2,Close Combat,2 F,80,,Aura Sphere,3 F,80,,,,Stage 1 pivot & engine bridge for Riolu lineup.
GEN-11575,Penny,Evolving Skies,205/220,Trainer,,,,,Supporter,,,,,,,,,,,,,,Put 1 of your Basic Pokemon and all cards attached to it into your hand.,Trainer card: Supporter (scoop_up)
GEN-11576,Scyther,Stellar Crown,107/220,Pokemon,Stage 1,Scizor,110,Metal,,,Fire x2,Grass -30,1,Iron Head,2 M,80,Discard an Energy from this Pokemon to deal 30 more damage.,,3 M,90,,,,Stage 1 pivot & engine bridge for Scyther lineup.
GEN-11577,Town Store,Paldean Fates,012/220,Trainer,,,,,Stadium,,,,,,,,,,,,,,"Once per turn, each player may search deck for a Pokemon Tool card into hand.",Trainer card: Stadium (tool_search_stadium)
GEN-11578,Hisuian Heavy Ball,Surging Sparks,090/220,Trainer,,,,,Item,,,,,,,,,,,,,,Look at face-down Prize cards. Swap a Basic Pokemon found there with this card.,Trainer card: Item (prize_check_rescue)
GEN-11579,Mist Energy,Paldean Fates,207/220,Energy,,,,Colorless,Special,,,,,,,,,,,,,,Provides 1 Colorless Energy. Prevent all effects of attacks done to this Pokemon.,Energy card: Special (Colorless)
GEN-11580,Basic Fighting Energy,Crown Zenith,055/220,Energy,,,,Fighting,Basic,,,,,,,,,,,,,,Provides 1 Fighting Energy.,Energy card: Basic (Fighting)
GEN-11581,Toedscool,Twilight Masquerade,164/220,Pokemon,Basic,,60,Grass,,,Fire x2,None,2,Forest Blast,1 G,30,,,2 G,50,,,,Standard basic Grass starter for Toedscool evolution tree.
GEN-11582,Raihan,Chilling Reign,177/220,Trainer,,,,,Supporter,,,,,,,,,,,,,,"Can be played only if your Pokemon was Knocked Out last turn. Attach 1 basic Energy from discard to 1 Pokemon, then search deck for any 1 card.",Trainer card: Supporter (comeback_search)
GEN-11583,Escape Rope,Chilling Reign,066/220,Trainer,,,,,Item,,,,,,,,,,,,,,Each player switches their Active Pokemon with 1 of their Benched Pokemon.,Trainer card: Item (mutual_switch)
GEN-11584,Lugia VSTAR,Paldean Fates,079/220,Pokemon,Basic,,280,Colorless,,VSTAR Rule: Opponent takes 2 Prizes.,Lightning x2,Fighting -30,2,Quick Search,2 C,180,,Swift,,260,,,,Meta tier-1 rule-box flagship Lugia VSTAR.
GEN-11585,Mirage Gate,Lost Origin,130/220,Trainer,,,,,Item,,,,,,,,,,,,,,Can only be played if you have 7+ cards in Lost Zone. Search deck for 2 different basic Energy and attach.,Trainer card: Item (lost_zone_accel)
GEN-11586,Jet Energy,Battle Styles,083/220,Energy,,,,Colorless,Special,,,,,,,,,,,,,,"Provides 1 Colorless Energy. When attached to Benched Pokemon, switch to Active.",Energy card: Special (Colorless)
GEN-11587,Venusaur ex,Astral Radiance,002/220,Pokemon,Stage 2,Ivysaur,320,Grass,,"Pokemon ex Rule: When your Pokemon ex is Knocked Out, your opponent takes 2 Prize cards.",Fire x2,None,1,Giga Drain,2 G,160,,,,,,,,Meta tier-1 rule-box flagship Venusaur ex.
GEN-11588,Geodude,Shrouded Fable,176/220,Pokemon,Basic,,60,Fighting,,,Grass x2,None,3,Hammer Arm,1 F,20,"Flip a coin. If heads, your opponent's Active Pokemon is now Paralyzed.",Dynamic Punch,,30,,,,Standard basic Fighting starter for Geodude evolution tree.
GEN-11589,Hisuian Heavy Ball,Fusion Strike,088/220,Trainer,,,,,Item,,,,,,,,,,,,,,Look at face-down Prize cards. Swap a Basic Pokemon found there with this card.,Trainer card: Item (prize_check_rescue)
GEN-11590,Pokestop,Rebel Clash,186/220,Trainer,,,,,Stadium,,,,,,,,,,,,,,"Once per turn, discard top 3 cards of deck. Put all Items discarded this way into hand.",Trainer card: Stadium (item_mill_stadium)
GEN-11591,Reversal Energy,Stellar Crown,158/220,Energy,,,,Colorless,Special,,,,,,,,,,,,,,"If behind in prizes and on Evolution without Rule Box, provides 3 Energy of any type.",Energy card: Special (Colorless)
GEN-11592,Rapidash,Vivid Voltage,214/220,Pokemon,Stage 1,Ponyta,90,Fire,,,Water x2,None,1,Burning Roar,2 F,70,Discard an Energy from this Pokemon to deal 30 more damage.,Inferno Overdrive,3 F,,,,,Stage 1 pivot & engine bridge for Rapidash lineup.
GEN-11593,Iono,Shrouded Fable,050/220,Trainer,,,,,Supporter,,,,,,,,,,,,,,"Each player shuffles hand into deck, then draws cards equal to remaining prize cards.",Trainer card: Supporter (disruption_draw)
GEN-11594,Hisuian Heavy Ball,Temporal Forces,214/220,Trainer,,,,,Item,,,,,,,,,,,,,,Look at face-down Prize cards. Swap a Basic Pokemon found there with this card.,Trainer card: Item (prize_check_rescue)
GEN-11595,Maximum Belt,Sword & Shield Base,173/220,Trainer,,,,,Pokemon Tool,ACE SPEC Rule: You can't have more than 1 ACE SPEC card in your deck.,,,,,,,,,,,,,ACE SPEC: Attacks of the Pokemon this card is attached to do 50 more damage to Active ex.,Trainer card: Pokemon Tool (ace_damage_tool)
GEN-11596,Basic Lightning Energy,Surging Sparks,122/220,Energy,,,,Lightning,Basic,,,,,,,,,,,,,,Provides 1 Lightning Energy.,Energy card: Basic (Lightning)
GEN-11597,Tepig,Paldean Fates,166/220,Pokemon,Basic,,90,Fire,,,Water x2,None,3,Inferno Overdrive,1 F,20,,Lava Plume,2 F,40,,,,Standard basic Fire starter for Tepig evolution tree.
GEN-11598,Roaring Moon,Silver Tempest,124/220,Pokemon,Basic,,70,Darkness,,,Grass x2,None,2,Dark Pulse,1 D,30,,,2 D,50,,,,Standard basic Darkness starter for Roaring Moon evolution tree.
GEN-11599,Steelix,Fusion Strike,161/220,Pokemon,Basic,,80,Metal,,,Fire x2,Grass -30,4,Steel Wing,1 M,30,,Armored Press,,30,,,"Once during your turn, you may draw 1 card.",Standard basic Metal starter for Steelix evolution tree.
GEN-11600,Basic Fire Energy,Fusion Strike,138/220,Energy,,,,Fire,Basic,,,,,,,,,,,,,,Provides 1 Fire Energy.,Energy card: Basic (Fire)
GEN-11601,Choice Belt,Silver Tempest,119/220,Trainer,,,,,Pokemon Tool,,,,,,,,,,,,,,Attacks of the Pokemon this card is attached to do 30 more damage to Active Pokemon V.,Trainer card: Pokemon Tool (damage_tool)
GEN-11602,Town Store,Paldean Fates,191/220,Trainer,,,,,Stadium,,,,,,,,,,,,,,"Once per turn, each player may search deck for a Pokemon Tool card into hand.",Trainer card: Stadium (tool_search_stadium)
GEN-11603,Croconaw,Evolving Skies,214/220,Pokemon,Stage 1,Totodile,110,Water,,,Lightning x2,None,2,Ice Beam,2 W,50,,Blizzard,3 W,100,,,,Stage 1 pivot & engine bridge for Croconaw lineup.
GEN-11604,Basic Darkness Energy,Evolving Skies,077/220,Energy,,,,Darkness,Basic,,,,,,,,,,,,,,Provides 1 Darkness Energy.,Energy card: Basic (Darkness)
GEN-11605,Reversal Energy,Sword & Shield Base,186/220,Energy,,,,Colorless,Special,,,,,,,,,,,,,,"If behind in prizes and on Evolution without Rule Box, provides 3 Energy of any type.",Energy card: Special (Colorless)
GEN-11606,Melmetal,Rebel Clash,081/220,Pokemon,Basic,,50,Metal,,,Fire x2,Grass -30,3,Metal Claw,1 M,20,,,2 M,50,,Melmetal's Intuition,,Standard basic Metal starter for Melmetal evolution tree.
GEN-11607,Mist Energy,Darkness Ablaze,138/220,Energy,,,,Colorless,Special,,,,,,,,,,,,,,Provides 1 Colorless Energy. Prevent all effects of attacks done to this Pokemon.,Energy card: Special (Colorless)
GEN-11608,Roserade,Evolving Skies,054/220,Pokemon,Stage 1,Roselia,120,Grass,,,Fire x2,None,1,Giga Drain,2 G,60,Discard an Energy from this Pokemon to deal 30 more damage.,,3 G,,,Inconspicuous,,Stage 1 pivot & engine bridge for Roserade lineup.
GEN-11609,Gift Energy,Twilight Masquerade,176/220,Energy,,,,Colorless,Special,,,,,,,,,,,,,,"Provides 1 Colorless Energy. When attached Pokemon is KO'd, draw until you have 7 in hand.",Energy card: Special (Colorless)
GEN-11610,Hisuian Heavy Ball,Lost Origin,205/220,Trainer,,,,,Item,,,,,,,,,,,,,,Look at face-down Prize cards. Swap a Basic Pokemon found there with this card.,Trainer card: Item (prize_check_rescue)
GEN-11611,Technical Machine: Evolution,Paradox Rift,017/220,Trainer,,,,,Pokemon Tool,,,,,,,,,,,,,,Attack for 1 Colorless: Search deck for up to 2 Evolution cards and evolve 2 benched Pokemon.,Trainer card: Pokemon Tool (evolution_tool)
GEN-11612,Gimmighoul,Paradox Rift,072/220,Pokemon,Stage 1,Gholdengo,120,Metal,,,Fire x2,Grass -30,1,Make It Rain,2 M,70,Discard an Energy from this Pokemon to deal 30 more damage.,,,,,,,Stage 1 pivot & engine bridge for Gimmighoul lineup.
GEN-11613,Typhlosion ex,Shrouded Fable,087/220,Pokemon,Stage 2,Quilava,230,Fire,,"Pokemon ex Rule: When your Pokemon ex is Knocked Out, your opponent takes 2 Prize cards.",Water x2,None,1,Heat Wave,2 F,180,,,3 F,,,,,Meta tier-1 rule-box flagship Typhlosion ex.
GEN-11614,Air Balloon,Fusion Strike,161/220,Trainer,,,,,Pokemon Tool,,,,,,,,,,,,,,The retreat cost of the Pokemon this card is attached to is 2 less.,Trainer card: Pokemon Tool (mobility_tool)
GEN-11615,Basic Metal Energy,Shrouded Fable,216/220,Energy,,,,Metal,Basic,,,,,,,,,,,,,,Provides 1 Metal Energy.,Energy card: Basic (Metal)
GEN-11616,Bibarel,Fusion Strike,147/220,Pokemon,Stage 1,Bidoof,130,Colorless,,,Fighting x2,None,2,Hyper Beam,2 C,70,Discard an Energy from this Pokemon to deal 30 more damage.,Double-Edge,,,,,,Stage 1 pivot & engine bridge for Bibarel lineup.
GEN-11617,Legacy Energy,Darkness Ablaze,100/220,Energy,,,,Rainbow,Special,ACE SPEC Rule: You can't have more than 1 ACE SPEC card in your deck.,,,,,,,,,,,,,"ACE SPEC: Provides all Energy types. When attached Pokemon is KO'd by damage, opponent takes 1 less prize.",Energy card: Special (Rainbow)
GEN-11618,Colress's Experiment,Paldea Evolved,153/220,Trainer,,,,,Supporter,,,,,,,,,,,,,,"Look at top 5 cards of deck. Put 3 into hand, 2 into Lost Zone.",Trainer card: Supporter (lost_zone_draw)
GEN-11619,Rhyperior,Surging Sparks,201/220,Pokemon,Stage 2,Rhydon,150,Fighting,,,Grass x2,None,4,Aura Sphere,2 F 1 C,180,This attack does 30 damage to each of your opponent's Benched Pokemon.,,,,,,,Stage 2 heavy attacker / archetype anchor Rhyperior.
GEN-11620,Mirage Gate,Darkness Ablaze,079/220,Trainer,,,,,Item,,,,,,,,,,,,,,Can only be played if you have 7+ cards in Lost Zone. Search deck for 2 different basic Energy and attach.,Trainer card: Item (lost_zone_accel)
GEN-11621,Prime Catcher,Scarlet & Violet Base,220/220,Trainer,,,,,Item,ACE SPEC Rule: You can't have more than 1 ACE SPEC card in your deck.,,,,,,,,,,,,,"ACE SPEC: Switch 1 opponent Benched Pokemon to Active, and switch your Active with Bench.",Trainer card: Item (ace_spec_gust_switch)
GEN-11622,Unfair Stamp,Stellar Crown,182/220,Trainer,,,,,Item,ACE SPEC Rule: You can't have more than 1 ACE SPEC card in your deck.,,,,,,,,,,,,,ACE SPEC: Can be played only after KO. Opponent shuffles hand and draws 2; you draw 5.,Trainer card: Item (ace_spec_disruption)
GEN-11623,Torchic,Brilliant Stars,070/220,Pokemon,Basic,,70,Fire,,,Water x2,None,2,Inferno Overdrive,1 F,10,,Fire Blast,,30,,,,Standard basic Fire starter for Torchic evolution tree.
GEN-11624,Town Store,Paldean Fates,023/220,Trainer,,,,,Stadium,,,,,,,,,,,,,,"Once per turn, each player may search deck for a Pokemon Tool card into hand.",Trainer card: Stadium (tool_search_stadium)
GEN-11625,Basic Psychic Energy,Shrouded Fable,061/220,Energy,,,,Psychic,Basic,,,,,,,,,,,,,,Provides 1 Psychic Energy.,Energy card: Basic (Psychic)
GEN-11626,Forest Seal Stone,Crown Zenith,116/220,Trainer,,,,,Pokemon Tool,,,,,,,,,,,,,,Star Order Ability: Search your deck for any 1 card and put it into hand.,Trainer card: Pokemon Tool (vstar_power_tool)
GEN-11627,Mirage Gate,Paldean Fates,056/220,Trainer,,,,,Item,,,,,,,,,,,,,,Can only be played if you have 7+ cards in Lost Zone. Search deck for 2 different basic Energy and attach.,Trainer card: Item (lost_zone_accel)
GEN-11628,Basic Metal Energy,Evolving Skies,078/220,Energy,,,,Metal,Basic,,,,,,,,,,,,,,Provides 1 Metal Energy.,Energy card: Basic (Metal)
GEN-11629,Professor's Research,Temporal Forces,029/220,Trainer,,,,,Supporter,,,,,,,,,,,,,,Discard your hand and draw 7 cards.,Trainer card: Supporter (draw)
GEN-11630,Air Balloon,Scarlet & Violet Base,201/220,Trainer,,,,,Pokemon Tool,,,,,,,,,,,,,,The retreat cost of the Pokemon this card is attached to is 2 less.,Trainer card: Pokemon Tool (mobility_tool)
GEN-11631,Fletchinder,Fusion Strike,200/220,Pokemon,Stage 1,Fletchling,130,Fire,,,Lightning x2,Fighting -30,0,Flamethrower,2 F,80,Discard an Energy from this Pokemon to deal 30 more damage.,Fire Blast,,100,,,,Stage 1 pivot & engine bridge for Fletchinder lineup.
GEN-11632,Raihan,Crown Zenith,024/220,Trainer,,,,,Supporter,,,,,,,,,,,,,,"Can be played only if your Pokemon was Knocked Out last turn. Attach 1 basic Energy from discard to 1 Pokemon, then search deck for any 1 card.",Trainer card: Supporter (comeback_search)
GEN-11633,Basic Grass Energy,Twilight Masquerade,130/220,Energy,,,,Grass,Basic,,,,,,,,,,,,,,Provides 1 Grass Energy.,Energy card: Basic (Grass)
GEN-11634,Charizard ex,Rebel Clash,205/220,Pokemon,Stage 2,Charmeleon,280,Fairy,,"Pokemon ex Rule: When your Pokemon ex is Knocked Out, your opponent takes 2 Prize cards.",Water x2,None,2,Infernal Reign,2 F,220,This attack does 30 more damage for each Prize card your opponent has taken.,Flare Strike,3 F,,,,,Meta tier-1 rule-box flagship Charizard ex.
GEN-11635,Basic Psychic Energy,Astral Radiance,129/220,Energy,,,,Psychic,Basic,,,,,,,,,,,,,,Provides 1 Psychic Energy.,Energy card: Basic (Psychic)
GEN-11636,Scizor,Stellar Crown,049/220,Pokemon,Basic,,50,Metal,,,Fire x2,Grass -30,1,Bullet Punch,1 M,10,"Flip a coin. If heads, your opponent's Active Pokemon is now Paralyzed.",,,30,,,,Standard basic Metal starter for Scizor evolution tree.
GEN-11637,Maximum Belt,Obsidian Flames,124/220,Trainer,,,,,Pokemon Tool,ACE SPEC Rule: You can't have more than 1 ACE SPEC card in your deck.,,,,,,,,,,,,,ACE SPEC: Attacks of the Pokemon this card is attached to do 50 more damage to Active ex.,Trainer card: Pokemon Tool (ace_damage_tool)
GEN-11638,Basic Grass Energy,Silver Tempest,135/220,Energy,,,,Grass,Basic,,,,,,,,,,,,,,Provides 1 Grass Energy.,Energy card: Basic (Grass)
GEN-11639,Prime Catcher,Lost Origin,199/220,Trainer,,,,,Item,ACE SPEC Rule: You can't have more than 1 ACE SPEC card in your deck.,,,,,,,,,,,,,"ACE SPEC: Switch 1 opponent Benched Pokemon to Active, and switch your Active with Bench.",Trainer card: Item (ace_spec_gust_switch)
GEN-11640,Pal Pad,Crown Zenith,037/220,Trainer,,,,,Item,,,,,,,,,,,,,,Shuffle up to 2 Supporter cards from your discard pile into your deck.,Trainer card: Item (supporter_recovery)
GEN-11641,Scyther,Stellar Crown,026/220,Pokemon,Stage 1,Scizor,110,Metal,,,Fire x2,Grass -30,1,Iron Head,2 M,80,Discard an Energy from this Pokemon to deal 30 more damage.,,3 M,90,,,,Stage 1 pivot & engine bridge for Scyther lineup.
GEN-11642,Basic Darkness Energy,Sword & Shield Base,174/220,Energy,,,,Darkness,Basic,,,,,,,,,,,,,,Provides 1 Darkness Energy.,Energy card: Basic (Darkness)
GEN-11643,Darkrai VSTAR,Twilight Masquerade,053/220,Pokemon,Basic,,230,Darkness,,VSTAR Rule: Opponent takes 2 Prizes.,Grass x2,None,2,Frenzy Gouging,2 D,200,,,,,Discard all Energy attached to this Pokemon.,,,Meta tier-1 rule-box flagship Darkrai VSTAR.
GEN-11644,Cornerstone Mask Ogerpon,Obsidian Flames,010/220,Pokemon,Basic,,60,Fighting,,,Grass x2,None,1,Stone Edge,1 F,20,"Flip a coin. If heads, your opponent's Active Pokemon is now Paralyzed.",Close Combat,2 F,,,,,Standard basic Fighting starter for Cornerstone Mask Ogerpon evolution tree.
GEN-11645,Basic Fire Energy,Paldean Fates,100/220,Energy,,,,Fire,Basic,,,,,,,,,,,,,,Provides 1 Fire Energy.,Energy card: Basic (Fire)
GEN-11646,Energy Retrieval,Battle Styles,134/220,Trainer,,,,,Item,,,,,,,,,,,,,,Put up to 2 Basic Energy cards from your discard pile into your hand.,Trainer card: Item (energy_recovery)
GEN-11647,Rhyhorn,Surging Sparks,002/220,Pokemon,Basic,,70,Fighting,,,Grass x2,None,3,Aura Sphere,1 F,10,,Mach Punch,,50,,Rhyhorn's Intuition,,Standard basic Fighting starter for Rhyhorn evolution tree.
GEN-11648,Prime Catcher,Brilliant Stars,012/220,Trainer,,,,,Item,ACE SPEC Rule: You can't have more than 1 ACE SPEC card in your deck.,,,,,,,,,,,,,"ACE SPEC: Switch 1 opponent Benched Pokemon to Active, and switch your Active with Bench.",Trainer card: Item (ace_spec_gust_switch)
GEN-11649,Unfair Stamp,Brilliant Stars,218/220,Trainer,,,,,Item,ACE SPEC Rule: You can't have more than 1 ACE SPEC card in your deck.,,,,,,,,,,,,,ACE SPEC: Can be played only after KO. Opponent shuffles hand and draws 2; you draw 5.,Trainer card: Item (ace_spec_disruption)
GEN-11650,Luminous Energy,Temporal Forces,023/220,Energy,,,,Rainbow,Special,,,,,,,,,,,,,,"Provides 1 Energy of any type. If other Special Energy attached, provides 1 Colorless.",Energy card: Special (Rainbow)
GEN-11651,Hisuian Heavy Ball,Fusion Strike,120/220,Trainer,,,,,Item,,,,,,,,,,,,,,Look at face-down Prize cards. Swap a Basic Pokemon found there with this card.,Trainer card: Item (prize_check_rescue)
GEN-11652,Reshiram,Twilight Masquerade,027/220,Pokemon,Basic,,60,Fire,,,Water x2,None,2,Lava Plume,1 F,30,"Flip a coin. If heads, your opponent's Active Pokemon is now Paralyzed.",,,,,Reshiram's Intuition,"Once during your turn, you may draw 1 card.",Standard basic Fire starter for Reshiram evolution tree.
GEN-11653,Basic Darkness Energy,Stellar Crown,197/220,Energy,,,,Darkness,Basic,,,,,,,,,,,,,,Provides 1 Darkness Energy.,Energy card: Basic (Darkness)
GEN-11654,Greninja ex,Lost Origin,191/220,Pokemon,Stage 2,Frogadier,310,Water,,"Pokemon ex Rule: When your Pokemon ex is Knocked Out, your opponent takes 2 Prize cards.",Lightning x2,None,1,Hydro Pump,2 W,200,,Rain Splash,3 W,,,,,Meta tier-1 rule-box flagship Greninja ex.
GEN-11655,Prime Catcher,Rebel Clash,006/220,Trainer,,,,,Item,ACE SPEC Rule: You can't have more than 1 ACE SPEC card in your deck.,,,,,,,,,,,,,"ACE SPEC: Switch 1 opponent Benched Pokemon to Active, and switch your Active with Bench.",Trainer card: Item (ace_spec_gust_switch)
GEN-11656,Gift Energy,Twilight Masquerade,195/220,Energy,,,,Colorless,Special,,,,,,,,,,,,,,"Provides 1 Colorless Energy. When attached Pokemon is KO'd, draw until you have 7 in hand.",Energy card: Special (Colorless)
GEN-11657,Prime Catcher,Rebel Clash,164/220,Trainer,,,,,Item,ACE SPEC Rule: You can't have more than 1 ACE SPEC card in your deck.,,,,,,,,,,,,,"ACE SPEC: Switch 1 opponent Benched Pokemon to Active, and switch your Active with Bench.",Trainer card: Item (ace_spec_gust_switch)
GEN-11658,Penny,Obsidian Flames,083/220,Trainer,,,,,Supporter,,,,,,,,,,,,,,Put 1 of your Basic Pokemon and all cards attached to it into your hand.,Trainer card: Supporter (scoop_up)
GEN-11659,Raihan,Surging Sparks,050/220,Trainer,,,,,Supporter,,,,,,,,,,,,,,"Can be played only if your Pokemon was Knocked Out last turn. Attach 1 basic Energy from discard to 1 Pokemon, then search deck for any 1 card.",Trainer card: Supporter (comeback_search)
GEN-11660,Energy Retrieval,Astral Radiance,071/220,Trainer,,,,,Item,,,,,,,,,,,,,,Put up to 2 Basic Energy cards from your discard pile into your hand.,Trainer card: Item (energy_recovery)
GEN-11661,Basic Metal Energy,Paldean Fates,082/220,Energy,,,,Metal,Basic,,,,,,,,,,,,,,Provides 1 Metal Energy.,Energy card: Basic (Metal)
GEN-11662,Escape Rope,Chilling Reign,113/220,Trainer,,,,,Item,,,,,,,,,,,,,,Each player switches their Active Pokemon with 1 of their Benched Pokemon.,Trainer card: Item (mutual_switch)
GEN-11663,Choice Belt,Scarlet & Violet Base,031/220,Trainer,,,,,Pokemon Tool,,,,,,,,,,,,,,Attacks of the Pokemon this card is attached to do 30 more damage to Active Pokemon V.,Trainer card: Pokemon Tool (damage_tool)
GEN-11664,Night Stretcher,Chilling Reign,039/220,Trainer,,,,,Item,,,,,,,,,,,,,,Put a Pokemon or a Basic Energy card from your discard pile into your hand.,Trainer card: Item (recovery_hand)
GEN-11665,Zacian V,Brilliant Stars,071/220,Pokemon,Basic,,320,Metal,,VSTAR Rule: Opponent takes 2 Prizes.,Fire x2,Grass -30,2,Bullet Punch,2 M,240,,,3 M,300,,,,Meta tier-1 rule-box flagship Zacian V.
GEN-11666,Graveler,Shrouded Fable,004/220,Pokemon,Stage 1,Geodude,100,Fighting,,,Grass x2,None,3,Hammer Arm,2 F,50,Discard an Energy from this Pokemon to deal 30 more damage.,Aura Sphere,3 F,,,,,Stage 1 pivot & engine bridge for Graveler lineup.
GEN-11667,Gengar,Lost Origin,144/220,Pokemon,Stage 2,Haunter,180,Psychic,,,Darkness x2,Fighting -30,2,Mind Bend,2 P 1 C,120,,,3 P,180,,,,Stage 2 heavy attacker / archetype anchor Gengar.
GEN-11668,Basic Darkness Energy,Astral Radiance,027/220,Energy,,,,Darkness,Basic,,,,,,,,,,,,,,Provides 1 Darkness Energy.,Energy card: Basic (Darkness)
GEN-11669,Penny,Rebel Clash,139/220,Trainer,,,,,Supporter,,,,,,,,,,,,,,Put 1 of your Basic Pokemon and all cards attached to it into your hand.,Trainer card: Supporter (scoop_up)
GEN-11670,Defiance Band,Lost Origin,141/220,Trainer,,,,,Pokemon Tool,,,,,,,,,,,,,,"If behind in prizes, attacks do 30 more damage to Active Pokemon.",Trainer card: Pokemon Tool (comeback_tool)
GEN-11671,Unfair Stamp,Brilliant Stars,070/220,Trainer,,,,,Item,ACE SPEC Rule: You can't have more than 1 ACE SPEC card in your deck.,,,,,,,,,,,,,ACE SPEC: Can be played only after KO. Opponent shuffles hand and draws 2; you draw 5.,Trainer card: Item (ace_spec_disruption)
GEN-11672,Umbreon VMAX,Chilling Reign,181/220,Pokemon,Basic,,280,Darkness,,VSTAR Rule: Opponent takes 2 Prizes.,Grass x2,None,2,Bite,2 D,220,,Night Slash,,300,Discard all Energy attached to this Pokemon.,,,Meta tier-1 rule-box flagship Umbreon VMAX.
GEN-11673,Rhyhorn,Surging Sparks,073/220,Pokemon,Basic,,70,Fighting,,,Grass x2,None,3,Aura Sphere,1 F,10,,Mach Punch,,50,,Rhyhorn's Intuition,,Standard basic Fighting starter for Rhyhorn evolution tree.
GEN-11674,Gift Energy,Shrouded Fable,063/220,Energy,,,,Colorless,Special,,,,,,,,,,,,,,"Provides 1 Colorless Energy. When attached Pokemon is KO'd, draw until you have 7 in hand.",Energy card: Special (Colorless)
GEN-11675,Ditto,Vivid Voltage,019/220,Pokemon,Basic,,70,Colorless,,,Fighting x2,None,1,Trinity Nova,1 C,20,,Quick Attack,,40,,,,Standard basic Colorless starter for Ditto evolution tree.
GEN-11676,Prime Catcher,Stellar Crown,157/220,Trainer,,,,,Item,ACE SPEC Rule: You can't have more than 1 ACE SPEC card in your deck.,,,,,,,,,,,,,"ACE SPEC: Switch 1 opponent Benched Pokemon to Active, and switch your Active with Bench.",Trainer card: Item (ace_spec_gust_switch)
GEN-11677,Maximum Belt,Battle Styles,139/220,Trainer,,,,,Pokemon Tool,ACE SPEC Rule: You can't have more than 1 ACE SPEC card in your deck.,,,,,,,,,,,,,ACE SPEC: Attacks of the Pokemon this card is attached to do 50 more damage to Active ex.,Trainer card: Pokemon Tool (ace_damage_tool)
GEN-11678,Basic Grass Energy,Twilight Masquerade,013/220,Energy,,,,Grass,Basic,,,,,,,,,,,,,,Provides 1 Grass Energy.,Energy card: Basic (Grass)
GEN-11679,Weavile ex,Silver Tempest,008/220,Pokemon,Stage 1,Sneasel,330,Darkness,,"Pokemon ex Rule: When your Pokemon ex is Knocked Out, your opponent takes 2 Prize cards.",Grass x2,None,1,Bite,2 D,160,,,3 D,220,Discard all Energy attached to this Pokemon.,,,Meta tier-1 rule-box flagship Weavile ex.
GEN-11680,Basic Water Energy,Temporal Forces,173/220,Energy,,,,Water,Basic,,,,,,,,,,,,,,Provides 1 Water Energy.,Energy card: Basic (Water)
GEN-11681,Poliwhirl,Brilliant Stars,028/220,Pokemon,Stage 1,Poliwag,110,Water,,,Lightning x2,None,2,Hydro Pump,2 W,80,Discard an Energy from this Pokemon to deal 30 more damage.,,,,,Inconspicuous,,Stage 1 pivot & engine bridge for Poliwhirl lineup.
GEN-11682,Path to the Peak,Paldean Fates,014/220,Trainer,,,,,Stadium,,,,,,,,,,,,,,Pokemon with a Rule Box have no Abilities.,Trainer card: Stadium (rulebox_lock)
GEN-11683,Miraidon,Brilliant Stars,110/220,Pokemon,Basic,,90,Lightning,,,Fighting x2,None,1,Plasma Fists,1 L,30,,Volt Tackle,2 L,40,,,,Standard basic Lightning starter for Miraidon evolution tree.
GEN-11684,Mesagoza,Battle Styles,046/220,Trainer,,,,,Stadium,,,,,,,,,,,,,,"Once per turn, flip a coin. If heads, search deck for a Pokemon and put into hand.",Trainer card: Stadium (search_stadium)
GEN-11685,Path to the Peak,Temporal Forces,153/220,Trainer,,,,,Stadium,,,,,,,,,,,,,,Pokemon with a Rule Box have no Abilities.,Trainer card: Stadium (rulebox_lock)
GEN-11686,Luminous Energy,Brilliant Stars,162/220,Energy,,,,Rainbow,Special,,,,,,,,,,,,,,"Provides 1 Energy of any type. If other Special Energy attached, provides 1 Colorless.",Energy card: Special (Rainbow)
GEN-11687,Houndoom ex,Obsidian Flames,180/220,Pokemon,Stage 1,Houndour,230,Darkness,,"Pokemon ex Rule: When your Pokemon ex is Knocked Out, your opponent takes 2 Prize cards.",Grass x2,None,2,Torment,2 D,280,,Frenzy Gouging,3 D,260,,,,Meta tier-1 rule-box flagship Houndoom ex.
GEN-11688,Basic Grass Energy,Silver Tempest,158/220,Energy,,,,Grass,Basic,,,,,,,,,,,,,,Provides 1 Grass Energy.,Energy card: Basic (Grass)
GEN-11689,Technical Machine: Evolution,Battle Styles,080/220,Trainer,,,,,Pokemon Tool,,,,,,,,,,,,,,Attack for 1 Colorless: Search deck for up to 2 Evolution cards and evolve 2 benched Pokemon.,Trainer card: Pokemon Tool (evolution_tool)
GEN-11690,Hisuian Heavy Ball,Silver Tempest,210/220,Trainer,,,,,Item,,,,,,,,,,,,,,Look at face-down Prize cards. Swap a Basic Pokemon found there with this card.,Trainer card: Item (prize_check_rescue)
GEN-11691,Melony,Crown Zenith,183/220,Trainer,,,,,Supporter,,,,,,,,,,,,,,"Attach a Water Energy from discard to 1 Pokemon V, then draw 3 cards.",Trainer card: Supporter (energy_accel_draw)
GEN-11692,Double Turbo Energy,Scarlet & Violet Base,172/220,Energy,,,,Colorless,Special,,,,,,,,,,,,,,Provides 2 Colorless Energy. Attacks do 20 less damage.,Energy card: Special (Colorless)
GEN-11693,Penny,Obsidian Flames,137/220,Trainer,,,,,Supporter,,,,,,,,,,,,,,Put 1 of your Basic Pokemon and all cards attached to it into your hand.,Trainer card: Supporter (scoop_up)
GEN-11694,Electivire,Obsidian Flames,194/220,Pokemon,Stage 1,Electabuzz,130,Lightning,,,Fighting x2,None,3,Spark,2 L,50,,,3 L,90,,,,Stage 1 pivot & engine bridge for Electivire lineup.
GEN-11695,Luminous Energy,Pokemon 151,120/220,Energy,,,,Rainbow,Special,,,,,,,,,,,,,,"Provides 1 Energy of any type. If other Special Energy attached, provides 1 Colorless.",Energy card: Special (Rainbow)
GEN-11696,Reversal Energy,Shrouded Fable,034/220,Energy,,,,Colorless,Special,,,,,,,,,,,,,,"If behind in prizes and on Evolution without Rule Box, provides 3 Energy of any type.",Energy card: Special (Colorless)
GEN-11697,Kadabra,Paldean Fates,209/220,Pokemon,Stage 1,Abra,110,Psychic,,,Darkness x2,Fighting -30,1,Mind Bend,2 P,80,,,3 P,,,,,Stage 1 pivot & engine bridge for Kadabra lineup.
GEN-11698,Cornerstone Mask Ogerpon,Obsidian Flames,179/220,Pokemon,Basic,,60,Fighting,,,Grass x2,None,1,Stone Edge,1 F,20,"Flip a coin. If heads, your opponent's Active Pokemon is now Paralyzed.",Close Combat,2 F,,,,,Standard basic Fighting starter for Cornerstone Mask Ogerpon evolution tree.
GEN-11699,Basic Water Energy,Shrouded Fable,025/220,Energy,,,,Water,Basic,,,,,,,,,,,,,,Provides 1 Water Energy.,Energy card: Basic (Water)
GEN-11700,Basic Fire Energy,Battle Styles,080/220,Energy,,,,Fire,Basic,,,,,,,,,,,,,,Provides 1 Fire Energy.,Energy card: Basic (Fire)
GEN-11701,Unfair Stamp,Pokemon 151,165/220,Trainer,,,,,Item,ACE SPEC Rule: You can't have more than 1 ACE SPEC card in your deck.,,,,,,,,,,,,,ACE SPEC: Can be played only after KO. Opponent shuffles hand and draws 2; you draw 5.,Trainer card: Item (ace_spec_disruption)
GEN-11702,Pokestop,Battle Styles,197/220,Trainer,,,,,Stadium,,,,,,,,,,,,,,"Once per turn, discard top 3 cards of deck. Put all Items discarded this way into hand.",Trainer card: Stadium (item_mill_stadium)
GEN-11703,Basic Water Energy,Scarlet & Violet Base,121/220,Energy,,,,Water,Basic,,,,,,,,,,,,,,Provides 1 Water Energy.,Energy card: Basic (Water)
GEN-11704,Professor Turo's Scenario,Temporal Forces,058/220,Trainer,,,,,Supporter,,,,,,,,,,,,,,Put 1 of your Future Pokemon into your hand. Discard all attached cards.,Trainer card: Supporter (future_scoop)
GEN-11705,Hydreigon,Astral Radiance,158/220,Pokemon,Basic,,70,Darkness,,,Grass x2,None,3,Night Slash,1 D,10,"Flip a coin. If heads, your opponent's Active Pokemon is now Paralyzed.",Torment,,30,,Hydreigon's Intuition,,Standard basic Darkness starter for Hydreigon evolution tree.
GEN-11706,Buddy-Buddy Poffin,Lost Origin,094/220,Trainer,,,,,Item,,,,,,,,,,,,,,Search your deck for up to 2 Basic Pokemon with 70 HP or less and bench them.,Trainer card: Item (setup_small_basics)
GEN-11707,Mesagoza,Battle Styles,047/220,Trainer,,,,,Stadium,,,,,,,,,,,,,,"Once per turn, flip a coin. If heads, search deck for a Pokemon and put into hand.",Trainer card: Stadium (search_stadium)
GEN-11708,Temple of Sinnoh,Darkness Ablaze,171/220,Trainer,,,,,Stadium,,,,,,,,,,,,,,All Special Energy cards attached to Pokemon provide 1 Colorless and lose effects.,Trainer card: Stadium (special_energy_lock)
GEN-11709,Hisuian Heavy Ball,Temporal Forces,202/220,Trainer,,,,,Item,,,,,,,,,,,,,,Look at face-down Prize cards. Swap a Basic Pokemon found there with this card.,Trainer card: Item (prize_check_rescue)
GEN-11710,Trekking Shoes,Evolving Skies,117/220,Trainer,,,,,Item,,,,,,,,,,,,,,Look at top card of deck. Put into hand or discard and draw 1.,Trainer card: Item (cantrip_draw)
GEN-11711,Basic Psychic Energy,Fusion Strike,008/220,Energy,,,,Psychic,Basic,,,,,,,,,,,,,,Provides 1 Psychic Energy.,Energy card: Basic (Psychic)
GEN-11712,Wellspring Mask Ogerpon,Paradox Rift,122/220,Pokemon,Basic,,60,Water,,,Lightning x2,None,1,Ice Beam,1 W,20,,,,50,,,,Standard basic Water starter for Wellspring Mask Ogerpon evolution tree.
GEN-11713,Machamp,Rebel Clash,090/220,Pokemon,Stage 2,Machoke,180,Fighting,,,Psychic x2,None,3,Aura Sphere,2 F 1 C,120,This attack does 30 damage to each of your opponent's Benched Pokemon.,Earthquake,,,,,"Once during your turn, you may attach 1 Basic Energy from your hand to this Pokemon.",Stage 2 heavy attacker / archetype anchor Machamp.
GEN-11714,Basic Lightning Energy,Evolving Skies,119/220,Energy,,,,Lightning,Basic,,,,,,,,,,,,,,Provides 1 Lightning Energy.,Energy card: Basic (Lightning)
GEN-11715,Castform,Sword & Shield Base,073/220,Pokemon,Basic,,70,Colorless,,,Fighting x2,None,1,Tackle,1 C,30,,Trinity Nova,2 C,30,,Castform's Intuition,"Once during your turn, you may draw 1 card.",Standard basic Colorless starter for Castform evolution tree.
GEN-11716,Choice Belt,Scarlet & Violet Base,090/220,Trainer,,,,,Pokemon Tool,,,,,,,,,,,,,,Attacks of the Pokemon this card is attached to do 30 more damage to Active Pokemon V.,Trainer card: Pokemon Tool (damage_tool)
GEN-11717,Legacy Energy,Vivid Voltage,148/220,Energy,,,,Rainbow,Special,ACE SPEC Rule: You can't have more than 1 ACE SPEC card in your deck.,,,,,,,,,,,,,"ACE SPEC: Provides all Energy types. When attached Pokemon is KO'd by damage, opponent takes 1 less prize.",Energy card: Special (Rainbow)
GEN-11718,Gligar,Darkness Ablaze,131/220,Pokemon,Basic,,50,Fighting,,,Grass x2,None,1,Aura Sphere,1 F,20,,Hammer Arm,,40,,,"Once during your turn, you may draw 1 card.",Standard basic Fighting starter for Gligar evolution tree.
GEN-11719,Flittle,Lost Origin,104/220,Pokemon,Stage 1,Espathra,90,Psychic,,,Darkness x2,Fighting -30,1,Dream Eater,2 P,80,,,3 P,80,,,,Stage 1 pivot & engine bridge for Flittle lineup.
GEN-11720,Ditto,Vivid Voltage,183/220,Pokemon,Basic,,70,Colorless,,,Fighting x2,None,1,Trinity Nova,1 C,20,,Quick Attack,,40,,,,Standard basic Colorless starter for Ditto evolution tree.
GEN-11721,Raihan,Crown Zenith,028/220,Trainer,,,,,Supporter,,,,,,,,,,,,,,"Can be played only if your Pokemon was Knocked Out last turn. Attach 1 basic Energy from discard to 1 Pokemon, then search deck for any 1 card.",Trainer card: Supporter (comeback_search)
GEN-11722,Pal Pad,Stellar Crown,143/220,Trainer,,,,,Item,,,,,,,,,,,,,,Shuffle up to 2 Supporter cards from your discard pile into your deck.,Trainer card: Item (supporter_recovery)
GEN-11723,Pawmot ex,Lost Origin,019/220,Pokemon,Stage 2,Pawmo,220,Lightning,,"Pokemon ex Rule: When your Pokemon ex is Knocked Out, your opponent takes 2 Prize cards.",Fighting x2,None,1,Volt Tackle,2 L,280,,Wild Charge,,300,Discard all Energy attached to this Pokemon.,,,Meta tier-1 rule-box flagship Pawmot ex.
GEN-11724,Torchic,Brilliant Stars,078/220,Pokemon,Basic,,70,Fire,,,Water x2,None,2,Inferno Overdrive,1 F,10,,Fire Blast,,30,,,,Standard basic Fire starter for Torchic evolution tree.
GEN-11725,Basic Metal Energy,Stellar Crown,119/220,Energy,,,,Metal,Basic,,,,,,,,,,,,,,Provides 1 Metal Energy.,Energy card: Basic (Metal)
GEN-11726,Lost City,Temporal Forces,152/220,Trainer,,,,,Stadium,,,,,,,,,,,,,,"Whenever a Pokemon is Knocked Out, put it into the Lost Zone instead of discard.",Trainer card: Stadium (anti_recovery_stadium)
GEN-11727,Town Store,Vivid Voltage,062/220,Trainer,,,,,Stadium,,,,,,,,,,,,,,"Once per turn, each player may search deck for a Pokemon Tool card into hand.",Trainer card: Stadium (tool_search_stadium)
GEN-11728,Trekking Shoes,Paldea Evolved,063/220,Trainer,,,,,Item,,,,,,,,,,,,,,Look at top card of deck. Put into hand or discard and draw 1.,Trainer card: Item (cantrip_draw)
GEN-11729,Jet Energy,Temporal Forces,041/220,Energy,,,,Colorless,Special,,,,,,,,,,,,,,"Provides 1 Colorless Energy. When attached to Benched Pokemon, switch to Active.",Energy card: Special (Colorless)
GEN-11730,Basic Lightning Energy,Temporal Forces,099/220,Energy,,,,Lightning,Basic,,,,,,,,,,,,,,Provides 1 Lightning Energy.,Energy card: Basic (Lightning)
GEN-11731,Walking Wake,Temporal Forces,088/220,Pokemon,Basic,,60,Water,,,Lightning x2,None,1,Ice Beam,1 W,10,"Flip a coin. If heads, your opponent's Active Pokemon is now Paralyzed.",Blizzard,,50,,,,Standard basic Water starter for Walking Wake evolution tree.
GEN-11732,Penny,Astral Radiance,209/220,Trainer,,,,,Supporter,,,,,,,,,,,,,,Put 1 of your Basic Pokemon and all cards attached to it into your hand.,Trainer card: Supporter (scoop_up)
GEN-11733,Technical Machine: Evolution,Paldea Evolved,152/220,Trainer,,,,,Pokemon Tool,,,,,,,,,,,,,,Attack for 1 Colorless: Search deck for up to 2 Evolution cards and evolve 2 benched Pokemon.,Trainer card: Pokemon Tool (evolution_tool)
GEN-11734,Calamitous Snowy Mountain,Scarlet & Violet Base,201/220,Trainer,,,,,Stadium,,,,,,,,,,,,,,"Whenever a player attaches Energy to a non-Water Pokemon from hand, put 2 damage counters on it.",Trainer card: Stadium (tax_stadium)
GEN-11735,Neutral Center,Scarlet & Violet Base,146/220,Trainer,,,,,Stadium,ACE SPEC Rule: You can't have more than 1 ACE SPEC card in your deck.,,,,,,,,,,,,,ACE SPEC: Prevent all damage done to non-Rule-Box Pokemon by attacks from opponent's Pokemon ex/V.,Trainer card: Stadium (ace_defense_stadium)
GEN-11736,Typhlosion ex,Shrouded Fable,088/220,Pokemon,Stage 2,Quilava,230,Fire,,"Pokemon ex Rule: When your Pokemon ex is Knocked Out, your opponent takes 2 Prize cards.",Water x2,None,1,Heat Wave,2 F,180,,,3 F,,,,,Meta tier-1 rule-box flagship Typhlosion ex.
GEN-11737,Jet Energy,Paldean Fates,178/220,Energy,,,,Colorless,Special,,,,,,,,,,,,,,"Provides 1 Colorless Energy. When attached to Benched Pokemon, switch to Active.",Energy card: Special (Colorless)
GEN-11738,Briar,Chilling Reign,045/220,Trainer,,,,,Supporter,,,,,,,,,,,,,,"If opponent has 2 prize cards left, taking KO with Tera Pokemon takes 1 more prize.",Trainer card: Supporter (prize_modifier)
GEN-11739,Iron Valiant,Evolving Skies,172/220,Pokemon,Basic,,50,Psychic,,,Darkness x2,None,2,Dream Eater,1 P,30,,Dimension Door,2 P,50,,,,Standard basic Psychic starter for Iron Valiant evolution tree.
GEN-11740,Electabuzz,Obsidian Flames,190/220,Pokemon,Basic,,50,Lightning,,,Fighting x2,None,3,Plasma Fists,1 L,30,,,,,,,,Standard basic Lightning starter for Electabuzz evolution tree.
GEN-11741,Roseanne's Backup,Paldea Evolved,147/220,Trainer,,,,,Supporter,,,,,,,,,,,,,,"Shuffle 1 Pokemon, 1 Tool, 1 Stadium, 1 Energy from discard into deck.",Trainer card: Supporter (recovery)
GEN-11742,Basic Lightning Energy,Evolving Skies,125/220,Energy,,,,Lightning,Basic,,,,,,,,,,,,,,Provides 1 Lightning Energy.,Energy card: Basic (Lightning)
GEN-11743,Graveler,Shrouded Fable,152/220,Pokemon,Stage 1,Geodude,100,Fighting,,,Grass x2,None,3,Hammer Arm,2 F,50,Discard an Energy from this Pokemon to deal 30 more damage.,Aura Sphere,3 F,,,,,Stage 1 pivot & engine bridge for Graveler lineup.
GEN-11744,Luminous Energy,Evolving Skies,119/220,Energy,,,,Rainbow,Special,,,,,,,,,,,,,,"Provides 1 Energy of any type. If other Special Energy attached, provides 1 Colorless.",Energy card: Special (Rainbow)
GEN-11745,Trekking Shoes,Astral Radiance,143/220,Trainer,,,,,Item,,,,,,,,,,,,,,Look at top card of deck. Put into hand or discard and draw 1.,Trainer card: Item (cantrip_draw)
GEN-11746,Mew,Paldea Evolved,211/220,Pokemon,Basic,,80,Psychic,,,Darkness x2,Fighting -30,0,Zen Headbutt,1 P,20,,Psyshock,,30,,,,Standard basic Psychic starter for Mew evolution tree.
GEN-11747,Basic Grass Energy,Sword & Shield Base,046/220,Energy,,,,Grass,Basic,,,,,,,,,,,,,,Provides 1 Grass Energy.,Energy card: Basic (Grass)
GEN-11748,Counter Catcher,Obsidian Flames,104/220,Trainer,,,,,Item,,,,,,,,,,,,,,Can be played only when behind in prizes. Switch 1 opponent Benched Pokemon to Active.,Trainer card: Item (comeback_gust)
GEN-11749,Origin Forme Palkia VSTAR,Darkness Ablaze,154/220,Pokemon,Basic,,330,Water,,VSTAR Rule: Opponent takes 2 Prizes.,Lightning x2,None,2,Ice Beam,2 W,180,,Cascade Strike,,220,,,,Meta tier-1 rule-box flagship Origin Forme Palkia VSTAR.
GEN-11750,Clefairy,Rebel Clash,176/220,Pokemon,Basic,,80,Psychic,,,Metal x2,None,1,Shadow Ball,1 P,30,"Flip a coin. If heads, your opponent's Active Pokemon is now Paralyzed.",,2 P,,,Clefairy's Intuition,,Standard basic Psychic starter for Clefairy evolution tree.
GEN-11751,Basic Darkness Energy,Astral Radiance,153/220,Energy,,,,Darkness,Basic,,,,,,,,,,,,,,Provides 1 Darkness Energy.,Energy card: Basic (Darkness)
GEN-11752,Basic Fighting Energy,Crown Zenith,210/220,Energy,,,,Fighting,Basic,,,,,,,,,,,,,,Provides 1 Fighting Energy.,Energy card: Basic (Fighting)
GEN-11753,Heavy Baton,Astral Radiance,084/220,Trainer,,,,,Pokemon Tool,,,,,,,,,,,,,,"When active Pokemon with 3+ retreat is KO'd, move up to 3 basic Energy to bench.",Trainer card: Pokemon Tool (energy_retention_tool)
GEN-11754,Basic Psychic Energy,Obsidian Flames,166/220,Energy,,,,Psychic,Basic,,,,,,,,,,,,,,Provides 1 Psychic Energy.,Energy card: Basic (Psychic)
GEN-11755,Gyarados ex,Pokemon 151,016/220,Pokemon,Stage 1,Magikarp,330,Water,,"Pokemon ex Rule: When your Pokemon ex is Knocked Out, your opponent takes 2 Prize cards.",Lightning x2,None,3,Hydro Pump,2 W,160,,,,220,,,,Meta tier-1 rule-box flagship Gyarados ex.
GEN-11756,Zeraora VSTAR,Fusion Strike,056/220,Pokemon,Basic,,230,Lightning,,VSTAR Rule: Opponent takes 2 Prizes.,Fighting x2,None,1,Discharge,2 L,200,,,,300,,,,Meta tier-1 rule-box flagship Zeraora VSTAR.
GEN-11757,Gift Energy,Shrouded Fable,036/220,Energy,,,,Colorless,Special,,,,,,,,,,,,,,"Provides 1 Colorless Energy. When attached Pokemon is KO'd, draw until you have 7 in hand.",Energy card: Special (Colorless)
GEN-11758,Gift Energy,Brilliant Stars,194/220,Energy,,,,Colorless,Special,,,,,,,,,,,,,,"Provides 1 Colorless Energy. When attached Pokemon is KO'd, draw until you have 7 in hand.",Energy card: Special (Colorless)
GEN-11759,Psyduck,Astral Radiance,208/220,Pokemon,Basic,,80,Water,,,Lightning x2,None,1,Blizzard,1 W,10,"Flip a coin. If heads, your opponent's Active Pokemon is now Paralyzed.",,2 W,30,,Psyduck's Intuition,,Standard basic Water starter for Psyduck evolution tree.
GEN-11760,Bulbasaur,Astral Radiance,194/220,Pokemon,Basic,,70,Grass,,,Fire x2,None,1,Solar Beam,1 G,10,"Flip a coin. If heads, your opponent's Active Pokemon is now Paralyzed.",,,,,Bulbasaur's Intuition,,Standard basic Grass starter for Bulbasaur evolution tree.
GEN-11761,Metagross,Astral Radiance,170/220,Pokemon,Stage 2,Metang,140,Metal,,,Fire x2,Grass -30,3,Steel Wing,2 M 1 C,140,,,,180,,,,Stage 2 heavy attacker / archetype anchor Metagross.
GEN-11762,Gimmighoul,Paradox Rift,116/220,Pokemon,Stage 1,Gholdengo,120,Metal,,,Fire x2,Grass -30,1,Make It Rain,2 M,70,Discard an Energy from this Pokemon to deal 30 more damage.,,,,,,,Stage 1 pivot & engine bridge for Gimmighoul lineup.
GEN-11763,Basic Metal Energy,Shrouded Fable,075/220,Energy,,,,Metal,Basic,,,,,,,,,,,,,,Provides 1 Metal Energy.,Energy card: Basic (Metal)
GEN-11764,Artazon,Paldean Fates,158/220,Trainer,,,,,Stadium,,,,,,,,,,,,,,"Once per turn, each player may search deck for 1 Basic Pokemon without a Rule Box and bench it.",Trainer card: Stadium (engine_stadium)
GEN-11765,Gift Energy,Crown Zenith,115/220,Energy,,,,Colorless,Special,,,,,,,,,,,,,,"Provides 1 Colorless Energy. When attached Pokemon is KO'd, draw until you have 7 in hand.",Energy card: Special (Colorless)
GEN-11766,Gardenia's Vigor,Battle Styles,053/220,Trainer,,,,,Supporter,,,,,,,,,,,,,,"Draw 2 cards, then attach up to 2 Grass Energy from hand to 1 Benched Pokemon.",Trainer card: Supporter (energy_accel_draw)
GEN-11767,Raihan,Crown Zenith,082/220,Trainer,,,,,Supporter,,,,,,,,,,,,,,"Can be played only if your Pokemon was Knocked Out last turn. Attach 1 basic Energy from discard to 1 Pokemon, then search deck for any 1 card.",Trainer card: Supporter (comeback_search)
GEN-11768,Mirage Gate,Obsidian Flames,146/220,Trainer,,,,,Item,,,,,,,,,,,,,,Can only be played if you have 7+ cards in Lost Zone. Search deck for 2 different basic Energy and attach.,Trainer card: Item (lost_zone_accel)
GEN-11769,Mirage Gate,Paldean Fates,174/220,Trainer,,,,,Item,,,,,,,,,,,,,,Can only be played if you have 7+ cards in Lost Zone. Search deck for 2 different basic Energy and attach.,Trainer card: Item (lost_zone_accel)
GEN-11770,Mirage Gate,Rebel Clash,112/220,Trainer,,,,,Item,,,,,,,,,,,,,,Can only be played if you have 7+ cards in Lost Zone. Search deck for 2 different basic Energy and attach.,Trainer card: Item (lost_zone_accel)
GEN-11771,Boss's Orders,Obsidian Flames,089/220,Trainer,,,,,Supporter,,,,,,,,,,,,,,Switch 1 of your opponent's Benched Pokemon to the Active Spot.,Trainer card: Supporter (gust)
GEN-11772,Raikou,Brilliant Stars,150/220,Pokemon,Basic,,70,Lightning,,,Fighting x2,None,1,Wild Charge,1 L,30,"Flip a coin. If heads, your opponent's Active Pokemon is now Paralyzed.",,,,,,,Standard basic Lightning starter for Raikou evolution tree.
GEN-11773,Decidueye ex,Paldea Evolved,157/220,Pokemon,Stage 2,Dartrix,230,Grass,,"Pokemon ex Rule: When your Pokemon ex is Knocked Out, your opponent takes 2 Prize cards.",Fire x2,None,1,Solar Beam,2 G,160,,,3 G,300,,,,Meta tier-1 rule-box flagship Decidueye ex.
GEN-11774,Basic Darkness Energy,Surging Sparks,104/220,Energy,,,,Darkness,Basic,,,,,,,,,,,,,,Provides 1 Darkness Energy.,Energy card: Basic (Darkness)
GEN-11775,Typhlosion ex,Shrouded Fable,033/220,Pokemon,Stage 2,Quilava,230,Fire,,"Pokemon ex Rule: When your Pokemon ex is Knocked Out, your opponent takes 2 Prize cards.",Water x2,None,1,Heat Wave,2 F,180,,,3 F,,,,,Meta tier-1 rule-box flagship Typhlosion ex.
GEN-11776,Mew,Paldea Evolved,076/220,Pokemon,Basic,,80,Psychic,,,Darkness x2,Fighting -30,0,Zen Headbutt,1 P,20,,Psyshock,,30,,,,Standard basic Psychic starter for Mew evolution tree.
GEN-11777,Quaquaval ex,Darkness Ablaze,095/220,Pokemon,Stage 2,Quaxwell,330,Water,,"Pokemon ex Rule: When your Pokemon ex is Knocked Out, your opponent takes 2 Prize cards.",Lightning x2,None,2,Ice Beam,2 W,180,,Blizzard,3 W,260,,,,Meta tier-1 rule-box flagship Quaquaval ex.
GEN-11778,Jet Energy,Pokemon 151,014/220,Energy,,,,Colorless,Special,,,,,,,,,,,,,,"Provides 1 Colorless Energy. When attached to Benched Pokemon, switch to Active.",Energy card: Special (Colorless)
GEN-11779,Ivysaur,Astral Radiance,181/220,Pokemon,Stage 1,Bulbasaur,90,Grass,,,Fire x2,None,1,Energy Ball,2 G,60,,Energy Ball,,,,,,Stage 1 pivot & engine bridge for Ivysaur lineup.
GEN-11780,Mist Energy,Obsidian Flames,211/220,Energy,,,,Colorless,Special,,,,,,,,,,,,,,Provides 1 Colorless Energy. Prevent all effects of attacks done to this Pokemon.,Energy card: Special (Colorless)
GEN-11781,Technical Machine: Evolution,Paldea Evolved,029/220,Trainer,,,,,Pokemon Tool,,,,,,,,,,,,,,Attack for 1 Colorless: Search deck for up to 2 Evolution cards and evolve 2 benched Pokemon.,Trainer card: Pokemon Tool (evolution_tool)
GEN-11782,Artazon,Paldean Fates,073/220,Trainer,,,,,Stadium,,,,,,,,,,,,,,"Once per turn, each player may search deck for 1 Basic Pokemon without a Rule Box and bench it.",Trainer card: Stadium (engine_stadium)
GEN-11783,Decidueye ex,Paldea Evolved,008/220,Pokemon,Stage 2,Dartrix,230,Grass,,"Pokemon ex Rule: When your Pokemon ex is Knocked Out, your opponent takes 2 Prize cards.",Fire x2,None,1,Solar Beam,2 G,160,,,3 G,300,,,,Meta tier-1 rule-box flagship Decidueye ex.
GEN-11784,Briar,Chilling Reign,111/220,Trainer,,,,,Supporter,,,,,,,,,,,,,,"If opponent has 2 prize cards left, taking KO with Tera Pokemon takes 1 more prize.",Trainer card: Supporter (prize_modifier)
GEN-11785,Fezandipiti ex,Paldea Evolved,152/220,Pokemon,Basic,,320,Colorless,,"Pokemon ex Rule: When your Pokemon ex is Knocked Out, your opponent takes 2 Prize cards.",Fighting x2,None,1,Frenzy Gouging,2 D,160,,,,,,,,Meta tier-1 rule-box flagship Fezandipiti ex.
GEN-11786,Mesagoza,Darkness Ablaze,161/220,Trainer,,,,,Stadium,,,,,,,,,,,,,,"Once per turn, flip a coin. If heads, search deck for a Pokemon and put into hand.",Trainer card: Stadium (search_stadium)
GEN-11787,Unfair Stamp,Scarlet & Violet Base,183/220,Trainer,,,,,Item,ACE SPEC Rule: You can't have more than 1 ACE SPEC card in your deck.,,,,,,,,,,,,,ACE SPEC: Can be played only after KO. Opponent shuffles hand and draws 2; you draw 5.,Trainer card: Item (ace_spec_disruption)
GEN-11788,Path to the Peak,Brilliant Stars,104/220,Trainer,,,,,Stadium,,,,,,,,,,,,,,Pokemon with a Rule Box have no Abilities.,Trainer card: Stadium (rulebox_lock)
GEN-11789,Path to the Peak,Battle Styles,112/220,Trainer,,,,,Stadium,,,,,,,,,,,,,,Pokemon with a Rule Box have no Abilities.,Trainer card: Stadium (rulebox_lock)
GEN-11790,Jet Energy,Shrouded Fable,055/220,Energy,,,,Colorless,Special,,,,,,,,,,,,,,"Provides 1 Colorless Energy. When attached to Benched Pokemon, switch to Active.",Energy card: Special (Colorless)
GEN-11791,Nest Ball,Paldean Fates,045/220,Trainer,,,,,Item,,,,,,,,,,,,,,Search your deck for a Basic Pokemon and put it onto your Bench.,Trainer card: Item (search_basic_bench)
GEN-11792,Basic Lightning Energy,Twilight Masquerade,036/220,Energy,,,,Lightning,Basic,,,,,,,,,,,,,,Provides 1 Lightning Energy.,Energy card: Basic (Lightning)
GEN-11793,Colress's Experiment,Astral Radiance,143/220,Trainer,,,,,Supporter,,,,,,,,,,,,,,"Look at top 5 cards of deck. Put 3 into hand, 2 into Lost Zone.",Trainer card: Supporter (lost_zone_draw)
GEN-11794,Path to the Peak,Shrouded Fable,216/220,Trainer,,,,,Stadium,,,,,,,,,,,,,,Pokemon with a Rule Box have no Abilities.,Trainer card: Stadium (rulebox_lock)
GEN-11795,Technical Machine: Devolution,Silver Tempest,216/220,Trainer,,,,,Pokemon Tool,,,,,,,,,,,,,,Attack for 1 Colorless: Devolve all opponent evolved Pokemon.,Trainer card: Pokemon Tool (disruption_tool)
GEN-11796,Beach Court,Scarlet & Violet Base,040/220,Trainer,,,,,Stadium,,,,,,,,,,,,,,The retreat cost of each Basic Pokemon is 1 less.,Trainer card: Stadium (basic_mobility_stadium)
GEN-11797,Superior Energy Retrieval,Brilliant Stars,172/220,Trainer,,,,,Item,,,,,,,,,,,,,,Discard 2 cards from hand. Put up to 4 Basic Energy cards from discard into hand.,Trainer card: Item (mass_energy_recovery)
GEN-11798,Landorus,Darkness Ablaze,035/220,Pokemon,Basic,,60,Fighting,,,Grass x2,None,1,Dynamic Punch,1 F,10,,Stone Edge,2 F,30,,,,Standard basic Fighting starter for Landorus evolution tree.
GEN-11799,Toedscool,Twilight Masquerade,019/220,Pokemon,Basic,,60,Grass,,,Fire x2,None,2,Forest Blast,1 G,30,,,2 G,50,,,,Standard basic Grass starter for Toedscool evolution tree.
GEN-11800,Volcarona,Stellar Crown,005/220,Pokemon,Basic,,80,Fire,,,Water x2,None,2,Combustion,1 F,20,,Flame Charge,,,,,,Standard basic Fire starter for Volcarona evolution tree.
GEN-11801,Hydreigon,Astral Radiance,185/220,Pokemon,Basic,,70,Darkness,,,Grass x2,None,3,Night Slash,1 D,10,"Flip a coin. If heads, your opponent's Active Pokemon is now Paralyzed.",Torment,,30,,Hydreigon's Intuition,,Standard basic Darkness starter for Hydreigon evolution tree.
GEN-11802,Basic Psychic Energy,Lost Origin,169/220,Energy,,,,Psychic,Basic,,,,,,,,,,,,,,Provides 1 Psychic Energy.,Energy card: Basic (Psychic)
GEN-11803,Neutral Center,Evolving Skies,035/220,Trainer,,,,,Stadium,ACE SPEC Rule: You can't have more than 1 ACE SPEC card in your deck.,,,,,,,,,,,,,ACE SPEC: Prevent all damage done to non-Rule-Box Pokemon by attacks from opponent's Pokemon ex/V.,Trainer card: Stadium (ace_defense_stadium)
GEN-11804,Pawmo,Lost Origin,036/220,Pokemon,Stage 1,Pawmi,130,Lightning,,,Fighting x2,None,1,Spark,2 L,70,,Discharge,3 L,,,,,Stage 1 pivot & engine bridge for Pawmo lineup.
GEN-11805,Lake Acuity,Rebel Clash,207/220,Trainer,,,,,Stadium,,,,,,,,,,,,,,Water and Fighting Pokemon with Water or Fighting Energy take 20 less damage from attacks.,Trainer card: Stadium (defense_stadium)
GEN-11806,Town Store,Silver Tempest,117/220,Trainer,,,,,Stadium,,,,,,,,,,,,,,"Once per turn, each player may search deck for a Pokemon Tool card into hand.",Trainer card: Stadium (tool_search_stadium)
GEN-11807,Bibarel,Fusion Strike,179/220,Pokemon,Stage 1,Bidoof,130,Colorless,,,Fighting x2,None,2,Hyper Beam,2 C,70,Discard an Energy from this Pokemon to deal 30 more damage.,Double-Edge,,,,,,Stage 1 pivot & engine bridge for Bibarel lineup.
GEN-11808,Legacy Energy,Vivid Voltage,109/220,Energy,,,,Rainbow,Special,ACE SPEC Rule: You can't have more than 1 ACE SPEC card in your deck.,,,,,,,,,,,,,"ACE SPEC: Provides all Energy types. When attached Pokemon is KO'd by damage, opponent takes 1 less prize.",Energy card: Special (Rainbow)
GEN-11809,Mirage Gate,Scarlet & Violet Base,047/220,Trainer,,,,,Item,,,,,,,,,,,,,,Can only be played if you have 7+ cards in Lost Zone. Search deck for 2 different basic Energy and attach.,Trainer card: Item (lost_zone_accel)
GEN-11810,Basic Grass Energy,Sword & Shield Base,131/220,Energy,,,,Grass,Basic,,,,,,,,,,,,,,Provides 1 Grass Energy.,Energy card: Basic (Grass)
GEN-11811,Magma Basin,Temporal Forces,142/220,Trainer,,,,,Stadium,,,,,,,,,,,,,,"Attach 1 Fire Energy from discard to 1 Benched Fire Pokemon, put 2 damage counters on it.",Trainer card: Stadium (fire_accel_stadium)
GEN-11812,Basic Water Energy,Temporal Forces,116/220,Energy,,,,Water,Basic,,,,,,,,,,,,,,Provides 1 Water Energy.,Energy card: Basic (Water)
GEN-11813,Path to the Peak,Shrouded Fable,091/220,Trainer,,,,,Stadium,,,,,,,,,,,,,,Pokemon with a Rule Box have no Abilities.,Trainer card: Stadium (rulebox_lock)
GEN-11814,Professor Sada's Vitality,Sword & Shield Base,048/220,Trainer,,,,,Supporter,,,,,,,,,,,,,,"Choose up to 2 Ancient Pokemon, attach Basic Energy from discard to each, and draw 3 cards.",Trainer card: Supporter (ancient_accel)
GEN-11815,Magma Basin,Chilling Reign,155/220,Trainer,,,,,Stadium,,,,,,,,,,,,,,"Attach 1 Fire Energy from discard to 1 Benched Fire Pokemon, put 2 damage counters on it.",Trainer card: Stadium (fire_accel_stadium)
GEN-11816,Decidueye,Paldea Evolved,148/220,Pokemon,Stage 2,Dartrix,160,Grass,,,Fire x2,None,2,Flora Heal,2 G 1 C,180,This attack does 30 damage to each of your opponent's Benched Pokemon.,Seed Bomb,3 G,,,,"Once during your turn, you may attach 1 Basic Energy from your hand to this Pokemon.",Stage 2 heavy attacker / archetype anchor Decidueye.
GEN-11817,Basic Fighting Energy,Fusion Strike,217/220,Energy,,,,Fighting,Basic,,,,,,,,,,,,,,Provides 1 Fighting Energy.,Energy card: Basic (Fighting)
GEN-11818,Deino,Astral Radiance,061/220,Pokemon,Stage 2,Zweilous,170,Darkness,,,Grass x2,None,4,Crunch,2 D 1 C,160,This attack does 30 damage to each of your opponent's Benched Pokemon.,Sucker Punch,,180,,,,Stage 2 heavy attacker / archetype anchor Deino.
GEN-11819,Irida,Crown Zenith,129/220,Trainer,,,,,Supporter,,,,,,,,,,,,,,Search deck for a Water Pokemon and an Item card.,Trainer card: Supporter (search_water_item)
GEN-11820,Super Rod,Fusion Strike,106/220,Trainer,,,,,Item,,,,,,,,,,,,,,Shuffle up to 3 in any combination of Pokemon and Basic Energy from discard into deck.,Trainer card: Item (recycling)
GEN-11821,Jet Energy,Silver Tempest,148/220,Energy,,,,Colorless,Special,,,,,,,,,,,,,,"Provides 1 Colorless Energy. When attached to Benched Pokemon, switch to Active.",Energy card: Special (Colorless)
GEN-11822,Technical Machine: Crisis Punch,Chilling Reign,009/220,Trainer,,,,,Pokemon Tool,,,,,,,,,,,,,,Attack for 3 Colorless: 280 damage. Can only be used if opponent has 1 prize remaining.,Trainer card: Pokemon Tool (finisher_tool)
GEN-11823,Talonflame,Fusion Strike,146/220,Pokemon,Stage 2,Fletchinder,180,Fire,,,Lightning x2,Fighting -30,1,Burning Roar,2 F 1 C,180,This attack does 30 damage to each of your opponent's Benched Pokemon.,,,,,,"Once during your turn, you may attach 1 Basic Energy from your hand to this Pokemon.",Stage 2 heavy attacker / archetype anchor Talonflame.
GEN-11824,Basic Psychic Energy,Vivid Voltage,181/220,Energy,,,,Psychic,Basic,,,,,,,,,,,,,,Provides 1 Psychic Energy.,Energy card: Basic (Psychic)
GEN-11825,Forest Seal Stone,Astral Radiance,029/220,Trainer,,,,,Pokemon Tool,,,,,,,,,,,,,,Star Order Ability: Search your deck for any 1 card and put it into hand.,Trainer card: Pokemon Tool (vstar_power_tool)
GEN-11826,Gift Energy,Evolving Skies,124/220,Energy,,,,Colorless,Special,,,,,,,,,,,,,,"Provides 1 Colorless Energy. When attached Pokemon is KO'd, draw until you have 7 in hand.",Energy card: Special (Colorless)
GEN-11827,Ninetales,Obsidian Flames,021/220,Pokemon,Stage 1,Vulpix,100,Fire,,,Water x2,None,1,Flamethrower,2 F,60,Discard an Energy from this Pokemon to deal 30 more damage.,Fire Blast,,100,,,,Stage 1 pivot & engine bridge for Ninetales lineup.
GEN-11828,Tyranitar,Pokemon 151,187/220,Pokemon,Basic,,70,Darkness,,,Grass x2,None,3,Crunch,1 D,20,"Flip a coin. If heads, your opponent's Active Pokemon is now Paralyzed.",Shadow Claw,,40,,,"Once during your turn, you may draw 1 card.",Standard basic Darkness starter for Tyranitar evolution tree.
GEN-11829,Irida,Crown Zenith,135/220,Trainer,,,,,Supporter,,,,,,,,,,,,,,Search deck for a Water Pokemon and an Item card.,Trainer card: Supporter (search_water_item)
GEN-11830,Bulbasaur,Astral Radiance,193/220,Pokemon,Basic,,70,Grass,,,Fire x2,None,1,Solar Beam,1 G,10,"Flip a coin. If heads, your opponent's Active Pokemon is now Paralyzed.",,,,,Bulbasaur's Intuition,,Standard basic Grass starter for Bulbasaur evolution tree.
GEN-11831,Basic Lightning Energy,Surging Sparks,072/220,Energy,,,,Lightning,Basic,,,,,,,,,,,,,,Provides 1 Lightning Energy.,Energy card: Basic (Lightning)
GEN-11832,Basic Water Energy,Silver Tempest,133/220,Energy,,,,Water,Basic,,,,,,,,,,,,,,Provides 1 Water Energy.,Energy card: Basic (Water)
GEN-11833,Electivire,Obsidian Flames,134/220,Pokemon,Stage 1,Electabuzz,130,Lightning,,,Fighting x2,None,3,Spark,2 L,50,,,3 L,90,,,,Stage 1 pivot & engine bridge for Electivire lineup.
GEN-11834,Talonflame,Fusion Strike,157/220,Pokemon,Stage 2,Fletchinder,180,Fire,,,Lightning x2,Fighting -30,1,Burning Roar,2 F 1 C,180,This attack does 30 damage to each of your opponent's Benched Pokemon.,,,,,,"Once during your turn, you may attach 1 Basic Energy from your hand to this Pokemon.",Stage 2 heavy attacker / archetype anchor Talonflame.
GEN-11835,Zapdos ex,Darkness Ablaze,063/220,Pokemon,Basic,,280,Metal,,"Pokemon ex Rule: When your Pokemon ex is Knocked Out, your opponent takes 2 Prize cards.",Fighting x2,None,2,Plasma Fists,2 L,280,,,,,,,,Meta tier-1 rule-box flagship Zapdos ex.
GEN-11836,Basic Water Energy,Rebel Clash,162/220,Energy,,,,Water,Basic,,,,,,,,,,,,,,Provides 1 Water Energy.,Energy card: Basic (Water)
GEN-11837,Mist Energy,Twilight Masquerade,170/220,Energy,,,,Colorless,Special,,,,,,,,,,,,,,Provides 1 Colorless Energy. Prevent all effects of attacks done to this Pokemon.,Energy card: Special (Colorless)
GEN-11838,Counter Catcher,Rebel Clash,020/220,Trainer,,,,,Item,,,,,,,,,,,,,,Can be played only when behind in prizes. Switch 1 opponent Benched Pokemon to Active.,Trainer card: Item (comeback_gust)
GEN-11839,Reversal Energy,Astral Radiance,163/220,Energy,,,,Colorless,Special,,,,,,,,,,,,,,"If behind in prizes and on Evolution without Rule Box, provides 3 Energy of any type.",Energy card: Special (Colorless)
GEN-11840,Double Turbo Energy,Obsidian Flames,205/220,Energy,,,,Colorless,Special,,,,,,,,,,,,,,Provides 2 Colorless Energy. Attacks do 20 less damage.,Energy card: Special (Colorless)
GEN-11841,Gift Energy,Battle Styles,080/220,Energy,,,,Colorless,Special,,,,,,,,,,,,,,"Provides 1 Colorless Energy. When attached Pokemon is KO'd, draw until you have 7 in hand.",Energy card: Special (Colorless)
GEN-11842,Legacy Energy,Twilight Masquerade,014/220,Energy,,,,Rainbow,Special,ACE SPEC Rule: You can't have more than 1 ACE SPEC card in your deck.,,,,,,,,,,,,,"ACE SPEC: Provides all Energy types. When attached Pokemon is KO'd by damage, opponent takes 1 less prize.",Energy card: Special (Rainbow)
GEN-11843,Bravery Charm,Fusion Strike,137/220,Trainer,,,,,Pokemon Tool,,,,,,,,,,,,,,The Basic Pokemon this card is attached to gets +50 HP.,Trainer card: Pokemon Tool (hp_buff_tool)
GEN-11844,Maximum Belt,Sword & Shield Base,003/220,Trainer,,,,,Pokemon Tool,ACE SPEC Rule: You can't have more than 1 ACE SPEC card in your deck.,,,,,,,,,,,,,ACE SPEC: Attacks of the Pokemon this card is attached to do 50 more damage to Active ex.,Trainer card: Pokemon Tool (ace_damage_tool)
GEN-11845,Basic Water Energy,Shrouded Fable,117/220,Energy,,,,Water,Basic,,,,,,,,,,,,,,Provides 1 Water Energy.,Energy card: Basic (Water)
GEN-11846,Basic Darkness Energy,Silver Tempest,121/220,Energy,,,,Darkness,Basic,,,,,,,,,,,,,,Provides 1 Darkness Energy.,Energy card: Basic (Darkness)
GEN-11847,Gift Energy,Shrouded Fable,188/220,Energy,,,,Colorless,Special,,,,,,,,,,,,,,"Provides 1 Colorless Energy. When attached Pokemon is KO'd, draw until you have 7 in hand.",Energy card: Special (Colorless)
GEN-11848,Hisuian Heavy Ball,Surging Sparks,108/220,Trainer,,,,,Item,,,,,,,,,,,,,,Look at face-down Prize cards. Swap a Basic Pokemon found there with this card.,Trainer card: Item (prize_check_rescue)
GEN-11849,Defiance Band,Paldean Fates,205/220,Trainer,,,,,Pokemon Tool,,,,,,,,,,,,,,"If behind in prizes, attacks do 30 more damage to Active Pokemon.",Trainer card: Pokemon Tool (comeback_tool)
GEN-11850,Dark Patch,Paldean Fates,075/220,Trainer,,,,,Item,,,,,,,,,,,,,,Attach a Darkness Energy from discard to 1 of your Benched Darkness Pokemon.,Trainer card: Item (energy_accel)
GEN-11851,Minccino,Rebel Clash,010/220,Pokemon,Stage 1,Cinccino,90,Colorless,,,Fighting x2,None,1,Quick Search,2 C,70,,Tackle,3 C,80,,,,Stage 1 pivot & engine bridge for Minccino lineup.
GEN-11852,Basic Lightning Energy,Battle Styles,153/220,Energy,,,,Lightning,Basic,,,,,,,,,,,,,,Provides 1 Lightning Energy.,Energy card: Basic (Lightning)
GEN-11853,Reversal Energy,Evolving Skies,078/220,Energy,,,,Colorless,Special,,,,,,,,,,,,,,"If behind in prizes and on Evolution without Rule Box, provides 3 Energy of any type.",Energy card: Special (Colorless)
GEN-11854,Path to the Peak,Lost Origin,201/220,Trainer,,,,,Stadium,,,,,,,,,,,,,,Pokemon with a Rule Box have no Abilities.,Trainer card: Stadium (rulebox_lock)
GEN-11855,Reversal Energy,Battle Styles,067/220,Energy,,,,Colorless,Special,,,,,,,,,,,,,,"If behind in prizes and on Evolution without Rule Box, provides 3 Energy of any type.",Energy card: Special (Colorless)
GEN-11856,Quaxwell,Darkness Ablaze,162/220,Pokemon,Stage 1,Quaxly,90,Water,,,Lightning x2,None,2,Wave Splash,2 W,60,,Water Gun,3 W,80,,Inconspicuous,,Stage 1 pivot & engine bridge for Quaxwell lineup.
GEN-11857,Basic Lightning Energy,Fusion Strike,149/220,Energy,,,,Lightning,Basic,,,,,,,,,,,,,,Provides 1 Lightning Energy.,Energy card: Basic (Lightning)
GEN-11858,Squawkabilly ex,Paldea Evolved,147/220,Pokemon,Basic,,280,Colorless,,"Pokemon ex Rule: When your Pokemon ex is Knocked Out, your opponent takes 2 Prize cards.",Lightning x2,Fighting -30,1,Hyper Beam,2 C,160,,Swift,3 C,220,Discard all Energy attached to this Pokemon.,,,Meta tier-1 rule-box flagship Squawkabilly ex.
GEN-11859,Politoed,Brilliant Stars,169/220,Pokemon,Stage 2,Poliwhirl,280,Water,,VSTAR Rule: Opponent takes 2 Prizes.,Lightning x2,None,2,Water Gun,2 W,240,,Water Gun,,,,,,Meta tier-1 rule-box flagship Politoed.
GEN-11860,Earthen Vessel,Sword & Shield Base,208/220,Trainer,,,,,Item,,,,,,,,,,,,,,Discard 1 card from hand. Search deck for up to 2 Basic Energy cards into hand.,Trainer card: Item (energy_search)
GEN-11861,Judge,Paldea Evolved,160/220,Trainer,,,,,Supporter,,,,,,,,,,,,,,Each player shuffles their hand into their deck and draws 4 cards.,Trainer card: Supporter (disruption_draw)
GEN-11862,Growlithe,Rebel Clash,074/220,Pokemon,Basic,,90,Fire,,,Water x2,None,2,Flare Strike,1 F,30,,Heat Wave,,50,,,"Once during your turn, you may draw 1 card.",Standard basic Fire starter for Growlithe evolution tree.
GEN-11863,Basic Psychic Energy,Evolving Skies,022/220,Energy,,,,Psychic,Basic,,,,,,,,,,,,,,Provides 1 Psychic Energy.,Energy card: Basic (Psychic)
GEN-11864,Hawlucha,Shrouded Fable,130/220,Pokemon,Basic,,60,Fighting,,,Psychic x2,None,1,Dynamic Punch,1 F,30,,Dynamic Punch,,30,,,,Standard basic Fighting starter for Hawlucha evolution tree.
GEN-11865,Electrode,Paradox Rift,218/220,Pokemon,Stage 1,Voltorb,100,Lightning,,,Fighting x2,None,1,Wild Charge,2 L,80,,Electro Ball,,100,,,,Stage 1 pivot & engine bridge for Electrode lineup.
GEN-11866,Melmetal,Rebel Clash,072/220,Pokemon,Basic,,50,Metal,,,Fire x2,Grass -30,3,Metal Claw,1 M,20,,,2 M,50,,Melmetal's Intuition,,Standard basic Metal starter for Melmetal evolution tree.
GEN-11867,Nest Ball,Battle Styles,034/220,Trainer,,,,,Item,,,,,,,,,,,,,,Search your deck for a Basic Pokemon and put it onto your Bench.,Trainer card: Item (search_basic_bench)
GEN-11868,Talonflame,Fusion Strike,072/220,Pokemon,Stage 2,Fletchinder,180,Fire,,,Lightning x2,Fighting -30,1,Burning Roar,2 F 1 C,180,This attack does 30 damage to each of your opponent's Benched Pokemon.,,,,,,"Once during your turn, you may attach 1 Basic Energy from your hand to this Pokemon.",Stage 2 heavy attacker / archetype anchor Talonflame.
GEN-11869,Night Stretcher,Fusion Strike,220/220,Trainer,,,,,Item,,,,,,,,,,,,,,Put a Pokemon or a Basic Energy card from your discard pile into your hand.,Trainer card: Item (recovery_hand)
GEN-11870,Battle VIP Pass,Shrouded Fable,004/220,Trainer,,,,,Item,,,,,,,,,,,,,,Can only be played on your first turn. Search deck for up to 2 Basic Pokemon to bench.,Trainer card: Item (setup_basics)
GEN-11871,Mist Energy,Twilight Masquerade,029/220,Energy,,,,Colorless,Special,,,,,,,,,,,,,,Provides 1 Colorless Energy. Prevent all effects of attacks done to this Pokemon.,Energy card: Special (Colorless)
GEN-11872,Legacy Energy,Evolving Skies,045/220,Energy,,,,Rainbow,Special,ACE SPEC Rule: You can't have more than 1 ACE SPEC card in your deck.,,,,,,,,,,,,,"ACE SPEC: Provides all Energy types. When attached Pokemon is KO'd by damage, opponent takes 1 less prize.",Energy card: Special (Rainbow)
GEN-11873,Hawlucha,Shrouded Fable,152/220,Pokemon,Basic,,60,Fighting,,,Psychic x2,None,1,Dynamic Punch,1 F,30,,Dynamic Punch,,30,,,,Standard basic Fighting starter for Hawlucha evolution tree.
GEN-11874,Basic Grass Energy,Fusion Strike,039/220,Energy,,,,Grass,Basic,,,,,,,,,,,,,,Provides 1 Grass Energy.,Energy card: Basic (Grass)
GEN-11875,Greninja ex,Lost Origin,115/220,Pokemon,Stage 2,Frogadier,310,Water,,"Pokemon ex Rule: When your Pokemon ex is Knocked Out, your opponent takes 2 Prize cards.",Lightning x2,None,1,Hydro Pump,2 W,200,,Rain Splash,3 W,,,,,Meta tier-1 rule-box flagship Greninja ex.
GEN-11876,Forest Seal Stone,Sword & Shield Base,207/220,Trainer,,,,,Pokemon Tool,,,,,,,,,,,,,,Star Order Ability: Search your deck for any 1 card and put it into hand.,Trainer card: Pokemon Tool (vstar_power_tool)
GEN-11877,Iono,Shrouded Fable,067/220,Trainer,,,,,Supporter,,,,,,,,,,,,,,"Each player shuffles hand into deck, then draws cards equal to remaining prize cards.",Trainer card: Supporter (disruption_draw)
GEN-11878,Croconaw,Evolving Skies,180/220,Pokemon,Stage 1,Totodile,110,Water,,,Lightning x2,None,2,Ice Beam,2 W,50,,Blizzard,3 W,100,,,,Stage 1 pivot & engine bridge for Croconaw lineup.
GEN-11879,Briar,Chilling Reign,125/220,Trainer,,,,,Supporter,,,,,,,,,,,,,,"If opponent has 2 prize cards left, taking KO with Tera Pokemon takes 1 more prize.",Trainer card: Supporter (prize_modifier)
GEN-11880,Boss's Orders,Battle Styles,205/220,Trainer,,,,,Supporter,,,,,,,,,,,,,,Switch 1 of your opponent's Benched Pokemon to the Active Spot.,Trainer card: Supporter (gust)
GEN-11881,Basic Metal Energy,Twilight Masquerade,009/220,Energy,,,,Metal,Basic,,,,,,,,,,,,,,Provides 1 Metal Energy.,Energy card: Basic (Metal)
GEN-11882,Bravery Charm,Astral Radiance,022/220,Trainer,,,,,Pokemon Tool,,,,,,,,,,,,,,The Basic Pokemon this card is attached to gets +50 HP.,Trainer card: Pokemon Tool (hp_buff_tool)
GEN-11883,Hydreigon ex,Astral Radiance,153/220,Pokemon,Stage 2,Zweilous,220,Darkness,,"Pokemon ex Rule: When your Pokemon ex is Knocked Out, your opponent takes 2 Prize cards.",Grass x2,None,3,Night Slash,2 D,200,,Frenzy Gouging,3 D,,,,,Meta tier-1 rule-box flagship Hydreigon ex.
GEN-11884,Miraidon,Brilliant Stars,040/220,Pokemon,Basic,,90,Lightning,,,Fighting x2,None,1,Plasma Fists,1 L,30,,Volt Tackle,2 L,40,,,,Standard basic Lightning starter for Miraidon evolution tree.
GEN-11885,Choice Belt,Scarlet & Violet Base,127/220,Trainer,,,,,Pokemon Tool,,,,,,,,,,,,,,Attacks of the Pokemon this card is attached to do 30 more damage to Active Pokemon V.,Trainer card: Pokemon Tool (damage_tool)
GEN-11886,Lugia VSTAR,Paldean Fates,106/220,Pokemon,Basic,,280,Colorless,,VSTAR Rule: Opponent takes 2 Prizes.,Lightning x2,Fighting -30,2,Quick Search,2 C,180,,Swift,,260,,,,Meta tier-1 rule-box flagship Lugia VSTAR.
GEN-11887,Hisuian Heavy Ball,Surging Sparks,099/220,Trainer,,,,,Item,,,,,,,,,,,,,,Look at face-down Prize cards. Swap a Basic Pokemon found there with this card.,Trainer card: Item (prize_check_rescue)
GEN-11888,Briar,Paldean Fates,170/220,Trainer,,,,,Supporter,,,,,,,,,,,,,,"If opponent has 2 prize cards left, taking KO with Tera Pokemon takes 1 more prize.",Trainer card: Supporter (prize_modifier)
GEN-11889,Basic Grass Energy,Twilight Masquerade,186/220,Energy,,,,Grass,Basic,,,,,,,,,,,,,,Provides 1 Grass Energy.,Energy card: Basic (Grass)
GEN-11890,Basic Fighting Energy,Crown Zenith,043/220,Energy,,,,Fighting,Basic,,,,,,,,,,,,,,Provides 1 Fighting Energy.,Energy card: Basic (Fighting)
GEN-11891,Penny,Twilight Masquerade,148/220,Trainer,,,,,Supporter,,,,,,,,,,,,,,Put 1 of your Basic Pokemon and all cards attached to it into your hand.,Trainer card: Supporter (scoop_up)
GEN-11892,Kieran,Lost Origin,216/220,Trainer,,,,,Supporter,,,,,,,,,,,,,,Choose 1: Switch Active with Bench; or this turn attacks do 30 more damage to Active ex/V.,Trainer card: Supporter (damage_buff_switch)
GEN-11893,Hero's Cape,Evolving Skies,014/220,Trainer,,,,,Pokemon Tool,ACE SPEC Rule: You can't have more than 1 ACE SPEC card in your deck.,,,,,,,,,,,,,ACE SPEC: The Pokemon this card is attached to gets +100 HP.,Trainer card: Pokemon Tool (ace_hp_tool)
GEN-11894,Lake Acuity,Rebel Clash,068/220,Trainer,,,,,Stadium,,,,,,,,,,,,,,Water and Fighting Pokemon with Water or Fighting Energy take 20 less damage from attacks.,Trainer card: Stadium (defense_stadium)
GEN-11895,Hisuian Heavy Ball,Pokemon 151,210/220,Trainer,,,,,Item,,,,,,,,,,,,,,Look at face-down Prize cards. Swap a Basic Pokemon found there with this card.,Trainer card: Item (prize_check_rescue)
GEN-11896,Rhyhorn,Surging Sparks,014/220,Pokemon,Basic,,70,Fighting,,,Grass x2,None,3,Aura Sphere,1 F,10,,Mach Punch,,50,,Rhyhorn's Intuition,,Standard basic Fighting starter for Rhyhorn evolution tree.
GEN-11897,Minccino,Rebel Clash,119/220,Pokemon,Stage 1,Cinccino,90,Colorless,,,Fighting x2,None,1,Quick Search,2 C,70,,Tackle,3 C,80,,,,Stage 1 pivot & engine bridge for Minccino lineup.
GEN-11898,Pokestop,Battle Styles,122/220,Trainer,,,,,Stadium,,,,,,,,,,,,,,"Once per turn, discard top 3 cards of deck. Put all Items discarded this way into hand.",Trainer card: Stadium (item_mill_stadium)
GEN-11899,Mirage Gate,Paldea Evolved,122/220,Trainer,,,,,Item,,,,,,,,,,,,,,Can only be played if you have 7+ cards in Lost Zone. Search deck for 2 different basic Energy and attach.,Trainer card: Item (lost_zone_accel)
GEN-11900,Psyduck,Astral Radiance,193/220,Pokemon,Basic,,80,Water,,,Lightning x2,None,1,Blizzard,1 W,10,"Flip a coin. If heads, your opponent's Active Pokemon is now Paralyzed.",,2 W,30,,Psyduck's Intuition,,Standard basic Water starter for Psyduck evolution tree.
GEN-11901,Basic Fighting Energy,Crown Zenith,137/220,Energy,,,,Fighting,Basic,,,,,,,,,,,,,,Provides 1 Fighting Energy.,Energy card: Basic (Fighting)
GEN-11902,Briar,Fusion Strike,098/220,Trainer,,,,,Supporter,,,,,,,,,,,,,,"If opponent has 2 prize cards left, taking KO with Tera Pokemon takes 1 more prize.",Trainer card: Supporter (prize_modifier)
GEN-11903,Hydreigon ex,Astral Radiance,181/220,Pokemon,Stage 2,Zweilous,220,Darkness,,"Pokemon ex Rule: When your Pokemon ex is Knocked Out, your opponent takes 2 Prize cards.",Grass x2,None,3,Night Slash,2 D,200,,Frenzy Gouging,3 D,,,,,Meta tier-1 rule-box flagship Hydreigon ex.
GEN-11904,Artazon,Paldean Fates,122/220,Trainer,,,,,Stadium,,,,,,,,,,,,,,"Once per turn, each player may search deck for 1 Basic Pokemon without a Rule Box and bench it.",Trainer card: Stadium (engine_stadium)
GEN-11905,Buddy-Buddy Poffin,Crown Zenith,038/220,Trainer,,,,,Item,,,,,,,,,,,,,,Search your deck for up to 2 Basic Pokemon with 70 HP or less and bench them.,Trainer card: Item (setup_small_basics)
GEN-11906,Basic Metal Energy,Stellar Crown,112/220,Energy,,,,Metal,Basic,,,,,,,,,,,,,,Provides 1 Metal Energy.,Energy card: Basic (Metal)
GEN-11907,Toedscruel,Twilight Masquerade,074/220,Pokemon,Stage 1,Toedscool,110,Grass,,,Fire x2,None,2,Energy Ball,2 G,70,,,3 G,80,,Inconspicuous,,Stage 1 pivot & engine bridge for Toedscruel lineup.
GEN-11908,Mirage Gate,Paldea Evolved,205/220,Trainer,,,,,Item,,,,,,,,,,,,,,Can only be played if you have 7+ cards in Lost Zone. Search deck for 2 different basic Energy and attach.,Trainer card: Item (lost_zone_accel)
GEN-11909,Basic Grass Energy,Battle Styles,098/220,Energy,,,,Grass,Basic,,,,,,,,,,,,,,Provides 1 Grass Energy.,Energy card: Basic (Grass)
GEN-11910,Prime Catcher,Rebel Clash,081/220,Trainer,,,,,Item,ACE SPEC Rule: You can't have more than 1 ACE SPEC card in your deck.,,,,,,,,,,,,,"ACE SPEC: Switch 1 opponent Benched Pokemon to Active, and switch your Active with Bench.",Trainer card: Item (ace_spec_gust_switch)
GEN-11911,Basic Metal Energy,Lost Origin,175/220,Energy,,,,Metal,Basic,,,,,,,,,,,,,,Provides 1 Metal Energy.,Energy card: Basic (Metal)
GEN-11912,Armarouge ex,Scarlet & Violet Base,025/220,Pokemon,Stage 1,Armarouge,330,Fire,,"Pokemon ex Rule: When your Pokemon ex is Knocked Out, your opponent takes 2 Prize cards.",Water x2,None,2,Flame Charge,2 F,220,,,3 F,,,,,Meta tier-1 rule-box flagship Armarouge ex.
GEN-11913,Boss's Orders,Battle Styles,137/220,Trainer,,,,,Supporter,,,,,,,,,,,,,,Switch 1 of your opponent's Benched Pokemon to the Active Spot.,Trainer card: Supporter (gust)
GEN-11914,Basic Fighting Energy,Crown Zenith,091/220,Energy,,,,Fighting,Basic,,,,,,,,,,,,,,Provides 1 Fighting Energy.,Energy card: Basic (Fighting)
GEN-11915,Basic Lightning Energy,Temporal Forces,111/220,Energy,,,,Lightning,Basic,,,,,,,,,,,,,,Provides 1 Lightning Energy.,Energy card: Basic (Lightning)
GEN-11916,Legacy Energy,Crown Zenith,167/220,Energy,,,,Rainbow,Special,ACE SPEC Rule: You can't have more than 1 ACE SPEC card in your deck.,,,,,,,,,,,,,"ACE SPEC: Provides all Energy types. When attached Pokemon is KO'd by damage, opponent takes 1 less prize.",Energy card: Special (Rainbow)
GEN-11917,Gift Energy,Brilliant Stars,070/220,Energy,,,,Colorless,Special,,,,,,,,,,,,,,"Provides 1 Colorless Energy. When attached Pokemon is KO'd, draw until you have 7 in hand.",Energy card: Special (Colorless)
GEN-11918,Choice Belt,Silver Tempest,070/220,Trainer,,,,,Pokemon Tool,,,,,,,,,,,,,,Attacks of the Pokemon this card is attached to do 30 more damage to Active Pokemon V.,Trainer card: Pokemon Tool (damage_tool)
GEN-11919,Super Rod,Shrouded Fable,206/220,Trainer,,,,,Item,,,,,,,,,,,,,,Shuffle up to 3 in any combination of Pokemon and Basic Energy from discard into deck.,Trainer card: Item (recycling)
GEN-11920,Ralts,Battle Styles,066/220,Pokemon,Basic,,60,Psychic,,,Darkness x2,Fighting -30,2,Psychic,1 P,10,,,,40,,,,Standard basic Psychic starter for Ralts evolution tree.
GEN-11921,Kieran,Silver Tempest,150/220,Trainer,,,,,Supporter,,,,,,,,,,,,,,Choose 1: Switch Active with Bench; or this turn attacks do 30 more damage to Active ex/V.,Trainer card: Supporter (damage_buff_switch)
GEN-11922,Mesagoza,Pokemon 151,119/220,Trainer,,,,,Stadium,,,,,,,,,,,,,,"Once per turn, flip a coin. If heads, search deck for a Pokemon and put into hand.",Trainer card: Stadium (search_stadium)
GEN-11923,Lugia VSTAR,Paldean Fates,173/220,Pokemon,Basic,,280,Colorless,,VSTAR Rule: Opponent takes 2 Prizes.,Lightning x2,Fighting -30,2,Quick Search,2 C,180,,Swift,,260,,,,Meta tier-1 rule-box flagship Lugia VSTAR.
GEN-11924,Reversal Energy,Evolving Skies,062/220,Energy,,,,Colorless,Special,,,,,,,,,,,,,,"If behind in prizes and on Evolution without Rule Box, provides 3 Energy of any type.",Energy card: Special (Colorless)
GEN-11925,Kieran,Lost Origin,173/220,Trainer,,,,,Supporter,,,,,,,,,,,,,,Choose 1: Switch Active with Bench; or this turn attacks do 30 more damage to Active ex/V.,Trainer card: Supporter (damage_buff_switch)
GEN-11926,Therapeutic Energy,Silver Tempest,198/220,Energy,,,,Colorless,Special,,,,,,,,,,,,,,"Provides 1 Colorless Energy. Attached Pokemon recovers from Asleep, Confused, Paralyzed and can't be affected.",Energy card: Special (Colorless)
GEN-11927,Gardenia's Vigor,Darkness Ablaze,134/220,Trainer,,,,,Supporter,,,,,,,,,,,,,,"Draw 2 cards, then attach up to 2 Grass Energy from hand to 1 Benched Pokemon.",Trainer card: Supporter (energy_accel_draw)
GEN-11928,Maximum Belt,Vivid Voltage,174/220,Trainer,,,,,Pokemon Tool,ACE SPEC Rule: You can't have more than 1 ACE SPEC card in your deck.,,,,,,,,,,,,,ACE SPEC: Attacks of the Pokemon this card is attached to do 50 more damage to Active ex.,Trainer card: Pokemon Tool (ace_damage_tool)
GEN-11929,Houndoom ex,Obsidian Flames,047/220,Pokemon,Stage 1,Houndour,230,Darkness,,"Pokemon ex Rule: When your Pokemon ex is Knocked Out, your opponent takes 2 Prize cards.",Grass x2,None,2,Torment,2 D,280,,Frenzy Gouging,3 D,260,,,,Meta tier-1 rule-box flagship Houndoom ex.
GEN-11930,Prime Catcher,Paldean Fates,141/220,Trainer,,,,,Item,ACE SPEC Rule: You can't have more than 1 ACE SPEC card in your deck.,,,,,,,,,,,,,"ACE SPEC: Switch 1 opponent Benched Pokemon to Active, and switch your Active with Bench.",Trainer card: Item (ace_spec_gust_switch)
GEN-11931,Scovillain,Twilight Masquerade,173/220,Pokemon,Stage 1,Capsakid,110,Grass,,,Fire x2,None,1,Forest Blast,2 G,80,Discard an Energy from this Pokemon to deal 30 more damage.,Leaf Blade,,,,,,Stage 1 pivot & engine bridge for Scovillain lineup.
GEN-11932,Tarountula,Evolving Skies,213/220,Pokemon,Basic,,80,Grass,,,Fire x2,None,1,Vine Whip,1 G,10,,,2 G,40,,,,Standard basic Grass starter for Tarountula evolution tree.
GEN-11933,Kyogre,Chilling Reign,004/220,Pokemon,Basic,,60,Water,,,Lightning x2,None,3,Wave Splash,1 W,30,"Flip a coin. If heads, your opponent's Active Pokemon is now Paralyzed.",Tidal Wave,,,,,"Once during your turn, you may draw 1 card.",Standard basic Water starter for Kyogre evolution tree.
GEN-11934,Temple of Sinnoh,Sword & Shield Base,026/220,Trainer,,,,,Stadium,,,,,,,,,,,,,,All Special Energy cards attached to Pokemon provide 1 Colorless and lose effects.,Trainer card: Stadium (special_energy_lock)
GEN-11935,Basic Metal Energy,Evolving Skies,027/220,Energy,,,,Metal,Basic,,,,,,,,,,,,,,Provides 1 Metal Energy.,Energy card: Basic (Metal)
GEN-11936,Lucario ex,Silver Tempest,115/220,Pokemon,Stage 1,Lucario,330,Fighting,,"Pokemon ex Rule: When your Pokemon ex is Knocked Out, your opponent takes 2 Prize cards.",Psychic x2,None,2,Stone Edge,2 F,180,,Aura Sphere,3 F,,,,,Meta tier-1 rule-box flagship Lucario ex.
GEN-11937,Defiance Band,Paldean Fates,057/220,Trainer,,,,,Pokemon Tool,,,,,,,,,,,,,,"If behind in prizes, attacks do 30 more damage to Active Pokemon.",Trainer card: Pokemon Tool (comeback_tool)
GEN-11938,Basic Grass Energy,Sword & Shield Base,073/220,Energy,,,,Grass,Basic,,,,,,,,,,,,,,Provides 1 Grass Energy.,Energy card: Basic (Grass)
GEN-11939,Nest Ball,Sword & Shield Base,050/220,Trainer,,,,,Item,,,,,,,,,,,,,,Search your deck for a Basic Pokemon and put it onto your Bench.,Trainer card: Item (search_basic_bench)
GEN-11940,Monferno,Vivid Voltage,007/220,Pokemon,Stage 1,Chimchar,90,Fire,,,Water x2,None,1,Flame Charge,2 F,60,Discard an Energy from this Pokemon to deal 30 more damage.,Flamethrower,3 F,,,,,Stage 1 pivot & engine bridge for Monferno lineup.
GEN-11941,Reversal Energy,Paldean Fates,024/220,Energy,,,,Colorless,Special,,,,,,,,,,,,,,"If behind in prizes and on Evolution without Rule Box, provides 3 Energy of any type.",Energy card: Special (Colorless)
GEN-11942,Mudkip,Scarlet & Violet Base,153/220,Pokemon,Basic,,60,Water,,,Lightning x2,None,3,Rain Splash,1 W,20,,Cascade Strike,2 W,30,,,,Standard basic Water starter for Mudkip evolution tree.
GEN-11943,Umbreon VMAX,Chilling Reign,214/220,Pokemon,Basic,,280,Darkness,,VSTAR Rule: Opponent takes 2 Prizes.,Grass x2,None,2,Bite,2 D,220,,Night Slash,,300,Discard all Energy attached to this Pokemon.,,,Meta tier-1 rule-box flagship Umbreon VMAX.
GEN-11944,Judge,Paldea Evolved,154/220,Trainer,,,,,Supporter,,,,,,,,,,,,,,Each player shuffles their hand into their deck and draws 4 cards.,Trainer card: Supporter (disruption_draw)
GEN-11945,Houndour,Obsidian Flames,032/220,Pokemon,Basic,,70,Darkness,,,Grass x2,None,2,Night Slash,1 D,20,"Flip a coin. If heads, your opponent's Active Pokemon is now Paralyzed.",,,50,,Houndour's Intuition,,Standard basic Darkness starter for Houndour evolution tree.
GEN-11946,Clefable,Rebel Clash,031/220,Pokemon,Stage 1,Clefairy,90,Psychic,,,Metal x2,None,1,Shadow Ball,2 P,80,,,3 P,80,,Inconspicuous,,Stage 1 pivot & engine bridge for Clefable lineup.
GEN-11947,Miraidon,Brilliant Stars,220/220,Pokemon,Basic,,90,Lightning,,,Fighting x2,None,1,Plasma Fists,1 L,30,,Volt Tackle,2 L,40,,,,Standard basic Lightning starter for Miraidon evolution tree.
GEN-11948,Legacy Energy,Surging Sparks,034/220,Energy,,,,Rainbow,Special,ACE SPEC Rule: You can't have more than 1 ACE SPEC card in your deck.,,,,,,,,,,,,,"ACE SPEC: Provides all Energy types. When attached Pokemon is KO'd by damage, opponent takes 1 less prize.",Energy card: Special (Rainbow)
GEN-11949,Air Balloon,Paldean Fates,169/220,Trainer,,,,,Pokemon Tool,,,,,,,,,,,,,,The retreat cost of the Pokemon this card is attached to is 2 less.,Trainer card: Pokemon Tool (mobility_tool)
GEN-11950,Basic Darkness Energy,Chilling Reign,166/220,Energy,,,,Darkness,Basic,,,,,,,,,,,,,,Provides 1 Darkness Energy.,Energy card: Basic (Darkness)
GEN-11951,Reversal Energy,Scarlet & Violet Base,206/220,Energy,,,,Colorless,Special,,,,,,,,,,,,,,"If behind in prizes and on Evolution without Rule Box, provides 3 Energy of any type.",Energy card: Special (Colorless)
GEN-11952,Arven,Paldean Fates,029/220,Trainer,,,,,Supporter,,,,,,,,,,,,,,"Search your deck for an Item card and a Pokemon Tool card, reveal them, and put them into your hand.",Trainer card: Supporter (search_item_tool)
GEN-11953,Basic Fighting Energy,Temporal Forces,048/220,Energy,,,,Fighting,Basic,,,,,,,,,,,,,,Provides 1 Fighting Energy.,Energy card: Basic (Fighting)
GEN-11954,Battle VIP Pass,Darkness Ablaze,076/220,Trainer,,,,,Item,,,,,,,,,,,,,,Can only be played on your first turn. Search deck for up to 2 Basic Pokemon to bench.,Trainer card: Item (setup_basics)
GEN-11955,Basic Water Energy,Surging Sparks,170/220,Energy,,,,Water,Basic,,,,,,,,,,,,,,Provides 1 Water Energy.,Energy card: Basic (Water)
GEN-11956,Choice Belt,Silver Tempest,020/220,Trainer,,,,,Pokemon Tool,,,,,,,,,,,,,,Attacks of the Pokemon this card is attached to do 30 more damage to Active Pokemon V.,Trainer card: Pokemon Tool (damage_tool)
GEN-11957,Mist Energy,Paradox Rift,117/220,Energy,,,,Colorless,Special,,,,,,,,,,,,,,Provides 1 Colorless Energy. Prevent all effects of attacks done to this Pokemon.,Energy card: Special (Colorless)
GEN-11958,Basic Fighting Energy,Crown Zenith,071/220,Energy,,,,Fighting,Basic,,,,,,,,,,,,,,Provides 1 Fighting Energy.,Energy card: Basic (Fighting)
GEN-11959,Scyther,Stellar Crown,110/220,Pokemon,Stage 1,Scizor,110,Metal,,,Fire x2,Grass -30,1,Iron Head,2 M,80,Discard an Energy from this Pokemon to deal 30 more damage.,,3 M,90,,,,Stage 1 pivot & engine bridge for Scyther lineup.
GEN-11960,Reversal Energy,Crown Zenith,171/220,Energy,,,,Colorless,Special,,,,,,,,,,,,,,"If behind in prizes and on Evolution without Rule Box, provides 3 Energy of any type.",Energy card: Special (Colorless)
GEN-11961,Town Store,Paldean Fates,198/220,Trainer,,,,,Stadium,,,,,,,,,,,,,,"Once per turn, each player may search deck for a Pokemon Tool card into hand.",Trainer card: Stadium (tool_search_stadium)
GEN-11962,Trekking Shoes,Pokemon 151,066/220,Trainer,,,,,Item,,,,,,,,,,,,,,Look at top card of deck. Put into hand or discard and draw 1.,Trainer card: Item (cantrip_draw)
GEN-11963,Munchlax,Astral Radiance,200/220,Pokemon,Stage 1,Snorlax,90,Colorless,,,Fighting x2,None,4,Double-Edge,2 C,50,,Swift,,80,,,,Stage 1 pivot & engine bridge for Munchlax lineup.
GEN-11964,Raichu ex,Vivid Voltage,071/220,Pokemon,Stage 1,Pikachu,310,Lightning,,"Pokemon ex Rule: When your Pokemon ex is Knocked Out, your opponent takes 2 Prize cards.",Fighting x2,None,1,Plasma Fists,2 L,180,,Wild Charge,3 L,,Discard all Energy attached to this Pokemon.,,,Meta tier-1 rule-box flagship Raichu ex.
GEN-11965,Rapidash,Vivid Voltage,016/220,Pokemon,Stage 1,Ponyta,90,Fire,,,Water x2,None,1,Burning Roar,2 F,70,Discard an Energy from this Pokemon to deal 30 more damage.,Inferno Overdrive,3 F,,,,,Stage 1 pivot & engine bridge for Rapidash lineup.
GEN-11966,Path to the Peak,Brilliant Stars,100/220,Trainer,,,,,Stadium,,,,,,,,,,,,,,Pokemon with a Rule Box have no Abilities.,Trainer card: Stadium (rulebox_lock)
GEN-11967,Hisuian Heavy Ball,Paradox Rift,016/220,Trainer,,,,,Item,,,,,,,,,,,,,,Look at face-down Prize cards. Swap a Basic Pokemon found there with this card.,Trainer card: Item (prize_check_rescue)
GEN-11968,Buddy-Buddy Poffin,Lost Origin,209/220,Trainer,,,,,Item,,,,,,,,,,,,,,Search your deck for up to 2 Basic Pokemon with 70 HP or less and bench them.,Trainer card: Item (setup_small_basics)
GEN-11969,Rare Candy,Rebel Clash,046/220,Trainer,,,,,Item,,,,,,,,,,,,,,Evolve 1 of your Basic Pokemon in play into a Stage 2 Pokemon from your hand.,Trainer card: Item (fast_evolution)
GEN-11970,Basic Grass Energy,Surging Sparks,018/220,Energy,,,,Grass,Basic,,,,,,,,,,,,,,Provides 1 Grass Energy.,Energy card: Basic (Grass)
GEN-11971,Basic Psychic Energy,Astral Radiance,052/220,Energy,,,,Psychic,Basic,,,,,,,,,,,,,,Provides 1 Psychic Energy.,Energy card: Basic (Psychic)
GEN-11972,Legacy Energy,Rebel Clash,101/220,Energy,,,,Rainbow,Special,ACE SPEC Rule: You can't have more than 1 ACE SPEC card in your deck.,,,,,,,,,,,,,"ACE SPEC: Provides all Energy types. When attached Pokemon is KO'd by damage, opponent takes 1 less prize.",Energy card: Special (Rainbow)
GEN-11973,Iono,Silver Tempest,166/220,Trainer,,,,,Supporter,,,,,,,,,,,,,,"Each player shuffles hand into deck, then draws cards equal to remaining prize cards.",Trainer card: Supporter (disruption_draw)
GEN-11974,Basic Psychic Energy,Astral Radiance,028/220,Energy,,,,Psychic,Basic,,,,,,,,,,,,,,Provides 1 Psychic Energy.,Energy card: Basic (Psychic)
GEN-11975,Hydreigon,Astral Radiance,139/220,Pokemon,Basic,,70,Darkness,,,Grass x2,None,3,Night Slash,1 D,10,"Flip a coin. If heads, your opponent's Active Pokemon is now Paralyzed.",Torment,,30,,Hydreigon's Intuition,,Standard basic Darkness starter for Hydreigon evolution tree.
GEN-11976,Penny,Evolving Skies,111/220,Trainer,,,,,Supporter,,,,,,,,,,,,,,Put 1 of your Basic Pokemon and all cards attached to it into your hand.,Trainer card: Supporter (scoop_up)
GEN-11977,Judge,Brilliant Stars,158/220,Trainer,,,,,Supporter,,,,,,,,,,,,,,Each player shuffles their hand into their deck and draws 4 cards.,Trainer card: Supporter (disruption_draw)
GEN-11978,Machoke,Rebel Clash,028/220,Pokemon,Stage 1,Machop,90,Fighting,,,Psychic x2,None,2,Earthquake,2 F,50,,Mach Punch,3 F,90,,,,Stage 1 pivot & engine bridge for Machoke lineup.
GEN-11979,Battle VIP Pass,Shrouded Fable,114/220,Trainer,,,,,Item,,,,,,,,,,,,,,Can only be played on your first turn. Search deck for up to 2 Basic Pokemon to bench.,Trainer card: Item (setup_basics)
GEN-11980,Basic Darkness Energy,Evolving Skies,067/220,Energy,,,,Darkness,Basic,,,,,,,,,,,,,,Provides 1 Darkness Energy.,Energy card: Basic (Darkness)
GEN-11981,Espathra ex,Lost Origin,009/220,Pokemon,Stage 1,Espathra,280,Darkness,,"Pokemon ex Rule: When your Pokemon ex is Knocked Out, your opponent takes 2 Prize cards.",Darkness x2,Fighting -30,1,Dream Eater,2 P,280,,,3 P,300,,,,Meta tier-1 rule-box flagship Espathra ex.
GEN-11982,Pikachu,Vivid Voltage,019/220,Pokemon,Basic,,50,Lightning,,,Fighting x2,None,1,Thunderbolt,1 L,10,,Electro Ball,2 L,50,,,"Once during your turn, you may draw 1 card.",Standard basic Lightning starter for Pikachu evolution tree.
GEN-11983,Reversal Energy,Crown Zenith,187/220,Energy,,,,Colorless,Special,,,,,,,,,,,,,,"If behind in prizes and on Evolution without Rule Box, provides 3 Energy of any type.",Energy card: Special (Colorless)
GEN-11984,Nest Ball,Astral Radiance,199/220,Trainer,,,,,Item,,,,,,,,,,,,,,Search your deck for a Basic Pokemon and put it onto your Bench.,Trainer card: Item (search_basic_bench)
GEN-11985,Basic Grass Energy,Silver Tempest,005/220,Energy,,,,Grass,Basic,,,,,,,,,,,,,,Provides 1 Grass Energy.,Energy card: Basic (Grass)
GEN-11986,Mist Energy,Twilight Masquerade,128/220,Energy,,,,Colorless,Special,,,,,,,,,,,,,,Provides 1 Colorless Energy. Prevent all effects of attacks done to this Pokemon.,Energy card: Special (Colorless)
GEN-11987,Gholdengo,Paradox Rift,168/220,Pokemon,Basic,,90,Metal,,,Fire x2,Grass -30,1,Bullet Punch,1 M,20,,Metal Claw,,30,,,,Standard basic Metal starter for Gholdengo evolution tree.
GEN-11988,Reversal Energy,Astral Radiance,001/220,Energy,,,,Colorless,Special,,,,,,,,,,,,,,"If behind in prizes and on Evolution without Rule Box, provides 3 Energy of any type.",Energy card: Special (Colorless)
GEN-11989,Basic Metal Energy,Lost Origin,010/220,Energy,,,,Metal,Basic,,,,,,,,,,,,,,Provides 1 Metal Energy.,Energy card: Basic (Metal)
GEN-11990,Gardevoir,Battle Styles,100/220,Pokemon,Stage 2,Kirlia,150,Psychic,,,Darkness x2,Fighting -30,3,Psychic,2 P 1 C,120,,,,,,,"Once during your turn, you may attach 1 Basic Energy from your hand to this Pokemon.",Stage 2 heavy attacker / archetype anchor Gardevoir.
GEN-11991,Rare Candy,Paldea Evolved,039/220,Trainer,,,,,Item,,,,,,,,,,,,,,Evolve 1 of your Basic Pokemon in play into a Stage 2 Pokemon from your hand.,Trainer card: Item (fast_evolution)
GEN-11992,Grookey,Temporal Forces,085/220,Pokemon,Stage 2,Thwackey,170,Grass,,,Fire x2,None,3,Vine Whip,2 G 1 C,120,,,,,,,"Once during your turn, you may attach 1 Basic Energy from your hand to this Pokemon.",Stage 2 heavy attacker / archetype anchor Grookey.
GEN-11993,Reversal Energy,Evolving Skies,101/220,Energy,,,,Colorless,Special,,,,,,,,,,,,,,"If behind in prizes and on Evolution without Rule Box, provides 3 Energy of any type.",Energy card: Special (Colorless)
GEN-11994,Gift Energy,Sword & Shield Base,001/220,Energy,,,,Colorless,Special,,,,,,,,,,,,,,"Provides 1 Colorless Energy. When attached Pokemon is KO'd, draw until you have 7 in hand.",Energy card: Special (Colorless)
GEN-11995,Basic Darkness Energy,Astral Radiance,182/220,Energy,,,,Darkness,Basic,,,,,,,,,,,,,,Provides 1 Darkness Energy.,Energy card: Basic (Darkness)
GEN-11996,Kieran,Lost Origin,198/220,Trainer,,,,,Supporter,,,,,,,,,,,,,,Choose 1: Switch Active with Bench; or this turn attacks do 30 more damage to Active ex/V.,Trainer card: Supporter (damage_buff_switch)
GEN-11997,Basic Psychic Energy,Vivid Voltage,123/220,Energy,,,,Psychic,Basic,,,,,,,,,,,,,,Provides 1 Psychic Energy.,Energy card: Basic (Psychic)
GEN-11998,Neutral Center,Chilling Reign,104/220,Trainer,,,,,Stadium,ACE SPEC Rule: You can't have more than 1 ACE SPEC card in your deck.,,,,,,,,,,,,,ACE SPEC: Prevent all damage done to non-Rule-Box Pokemon by attacks from opponent's Pokemon ex/V.,Trainer card: Stadium (ace_defense_stadium)
GEN-11999,Jet Energy,Temporal Forces,187/220,Energy,,,,Colorless,Special,,,,,,,,,,,,,,"Provides 1 Colorless Energy. When attached to Benched Pokemon, switch to Active.",Energy card: Special (Colorless)
GEN-12000,Basic Fire Energy,Fusion Strike,208/220,Energy,,,,Fire,Basic,,,,,,,,,,,,,,Provides 1 Fire Energy.,Energy card: Basic (Fire)
GEN-12001,Gift Energy,Twilight Masquerade,018/220,Energy,,,,Colorless,Special,,,,,,,,,,,,,,"Provides 1 Colorless Energy. When attached Pokemon is KO'd, draw until you have 7 in hand.",Energy card: Special (Colorless)
GEN-12002,Double Turbo Energy,Temporal Forces,058/220,Energy,,,,Colorless,Special,,,,,,,,,,,,,,Provides 2 Colorless Energy. Attacks do 20 less damage.,Energy card: Special (Colorless)
GEN-12003,Vileplume,Evolving Skies,099/220,Pokemon,Stage 2,Gloom,150,Grass,,,Fire x2,None,2,Spore Burst,2 G 1 C,140,This attack does 30 damage to each of your opponent's Benched Pokemon.,Spore Burst,3 G,160,,Supercharged Breaker,"Once during your turn, you may attach 1 Basic Energy from your hand to this Pokemon.",Stage 2 heavy attacker / archetype anchor Vileplume.
GEN-12004,Basic Water Energy,Surging Sparks,177/220,Energy,,,,Water,Basic,,,,,,,,,,,,,,Provides 1 Water Energy.,Energy card: Basic (Water)
GEN-12005,Prime Catcher,Stellar Crown,200/220,Trainer,,,,,Item,ACE SPEC Rule: You can't have more than 1 ACE SPEC card in your deck.,,,,,,,,,,,,,"ACE SPEC: Switch 1 opponent Benched Pokemon to Active, and switch your Active with Bench.",Trainer card: Item (ace_spec_gust_switch)
GEN-12006,Basic Lightning Energy,Temporal Forces,032/220,Energy,,,,Lightning,Basic,,,,,,,,,,,,,,Provides 1 Lightning Energy.,Energy card: Basic (Lightning)
GEN-12007,Reversal Energy,Crown Zenith,138/220,Energy,,,,Colorless,Special,,,,,,,,,,,,,,"If behind in prizes and on Evolution without Rule Box, provides 3 Energy of any type.",Energy card: Special (Colorless)
GEN-12008,Basic Lightning Energy,Temporal Forces,092/220,Energy,,,,Lightning,Basic,,,,,,,,,,,,,,Provides 1 Lightning Energy.,Energy card: Basic (Lightning)
GEN-12009,Hisuian Heavy Ball,Fusion Strike,175/220,Trainer,,,,,Item,,,,,,,,,,,,,,Look at face-down Prize cards. Swap a Basic Pokemon found there with this card.,Trainer card: Item (prize_check_rescue)
GEN-12010,Mirage Gate,Evolving Skies,103/220,Trainer,,,,,Item,,,,,,,,,,,,,,Can only be played if you have 7+ cards in Lost Zone. Search deck for 2 different basic Energy and attach.,Trainer card: Item (lost_zone_accel)
GEN-12011,Totodile,Evolving Skies,162/220,Pokemon,Basic,,50,Water,,,Lightning x2,None,2,Wave Splash,1 W,20,,,,,,,,Standard basic Water starter for Totodile evolution tree.
GEN-12012,Raichu ex,Vivid Voltage,166/220,Pokemon,Stage 1,Pikachu,310,Lightning,,"Pokemon ex Rule: When your Pokemon ex is Knocked Out, your opponent takes 2 Prize cards.",Fighting x2,None,1,Plasma Fists,2 L,180,,Wild Charge,3 L,,Discard all Energy attached to this Pokemon.,,,Meta tier-1 rule-box flagship Raichu ex.
GEN-12013,Zeraora VSTAR,Fusion Strike,094/220,Pokemon,Basic,,230,Lightning,,VSTAR Rule: Opponent takes 2 Prizes.,Fighting x2,None,1,Discharge,2 L,200,,,,300,,,,Meta tier-1 rule-box flagship Zeraora VSTAR.
GEN-12014,Basic Metal Energy,Shrouded Fable,219/220,Energy,,,,Metal,Basic,,,,,,,,,,,,,,Provides 1 Metal Energy.,Energy card: Basic (Metal)
GEN-12015,Buddy-Buddy Poffin,Lost Origin,088/220,Trainer,,,,,Item,,,,,,,,,,,,,,Search your deck for up to 2 Basic Pokemon with 70 HP or less and bench them.,Trainer card: Item (setup_small_basics)
GEN-12016,Mareep,Silver Tempest,216/220,Pokemon,Basic,,70,Lightning,,,Fighting x2,None,2,Spark,1 L,10,"Flip a coin. If heads, your opponent's Active Pokemon is now Paralyzed.",,2 L,40,,,"Once during your turn, you may draw 1 card.",Standard basic Lightning starter for Mareep evolution tree.
GEN-12017,Basic Fire Energy,Chilling Reign,195/220,Energy,,,,Fire,Basic,,,,,,,,,,,,,,Provides 1 Fire Energy.,Energy card: Basic (Fire)
GEN-12018,Superior Energy Retrieval,Shrouded Fable,075/220,Trainer,,,,,Item,,,,,,,,,,,,,,Discard 2 cards from hand. Put up to 4 Basic Energy cards from discard into hand.,Trainer card: Item (mass_energy_recovery)
GEN-12019,Beldum,Astral Radiance,052/220,Pokemon,Basic,,70,Metal,,,Fire x2,Grass -30,2,Armored Press,1 M,20,,Flash Cannon,,40,,,"Once during your turn, you may draw 1 card.",Standard basic Metal starter for Beldum evolution tree.
GEN-12020,Iono,Silver Tempest,142/220,Trainer,,,,,Supporter,,,,,,,,,,,,,,"Each player shuffles hand into deck, then draws cards equal to remaining prize cards.",Trainer card: Supporter (disruption_draw)
GEN-12021,Skeledirge,Shrouded Fable,099/220,Pokemon,Stage 2,Crocalor,170,Fire,,,Water x2,None,3,Inferno Overdrive,2 F 1 C,160,,,,,,Supercharged Breaker,"Once during your turn, you may attach 1 Basic Energy from your hand to this Pokemon.",Stage 2 heavy attacker / archetype anchor Skeledirge.
GEN-12022,Kieran,Silver Tempest,049/220,Trainer,,,,,Supporter,,,,,,,,,,,,,,Choose 1: Switch Active with Bench; or this turn attacks do 30 more damage to Active ex/V.,Trainer card: Supporter (damage_buff_switch)
